scan,scan_ns,raw436_observed,raw482_observed,raw436_slot,raw482_slot,raw436_age,raw482_age,raw436_d,raw482_d,raw436_y,raw482_y,raw436_v,raw482_v,pid436,pid482,group436,group482,representative436,representative482,pair_reason,pair_excess,owner_scores482,published482,alias482
1,490936094830,0,0,,,,,,,,,,,,,,,,,RAW_DROPOUT,,[],0,
2,491036226070,0,0,,,,,,,,,,,,,,,,,RAW_DROPOUT,,[],0,
3,491136908391,0,0,,,,,,,,,,,,,,,,,RAW_DROPOUT,,[],0,
4,491237016536,0,0,,,,,,,,,,,,,,,,,RAW_DROPOUT,,[],0,
5,491336620965,0,0,,,,,,,,,,,,,,,,,RAW_DROPOUT,,[],0,
6,491436542164,0,0,,,,,,,,,,,,,,,,,RAW_DROPOUT,,[],0,
7,491536554413,0,0,,,,,,,,,,,,,,,,,RAW_DROPOUT,,[],0,
8,491636617528,0,0,,,,,,,,,,,,,,,,,RAW_DROPOUT,,[],0,
9,491735974869,0,0,,,,,,,,,,,,,,,,,RAW_DROPOUT,,[],0,
10,491836312747,0,0,,,,,,,,,,,,,,,,,RAW_DROPOUT,,[],0,
11,491936560149,0,0,,,,,,,,,,,,,,,,,RAW_DROPOUT,,[],0,
12,492036252107,0,0,,,,,,,,,,,,,,,,,RAW_DROPOUT,,[],0,
13,492136101879,0,0,,,,,,,,,,,,,,,,,RAW_DROPOUT,,[],0,
14,492236021905,0,0,,,,,,,,,,,,,,,,,RAW_DROPOUT,,[],0,
15,492335702767,0,0,,,,,,,,,,,,,,,,,RAW_DROPOUT,,[],0,
16,492436327778,0,0,,,,,,,,,,,,,,,,,RAW_DROPOUT,,[],0,
17,492536669326,0,0,,,,,,,,,,,,,,,,,RAW_DROPOUT,,[],0,
18,492637819624,0,0,,,,,,,,,,,,,,,,,RAW_DROPOUT,,[],0,
19,492738338421,0,0,,,,,,,,,,,,,,,,,RAW_DROPOUT,,[],0,
20,492838064937,0,0,,,,,,,,,,,,,,,,,RAW_DROPOUT,,[],0,
21,492936739525,0,0,,,,,,,,,,,,,,,,,RAW_DROPOUT,,[],0,
22,493036210339,0,0,,,,,,,,,,,,,,,,,RAW_DROPOUT,,[],0,
23,493136521533,0,0,,,,,,,,,,,,,,,,,RAW_DROPOUT,,[],0,
24,493236656052,0,0,,,,,,,,,,,,,,,,,RAW_DROPOUT,,[],0,
25,493336674976,0,0,,,,,,,,,,,,,,,,,RAW_DROPOUT,,[],0,
26,493435989494,0,0,,,,,,,,,,,,,,,,,RAW_DROPOUT,,[],0,
27,493536673425,0,0,,,,,,,,,,,,,,,,,RAW_DROPOUT,,[],0,
28,493636260616,0,0,,,,,,,,,,,,,,,,,RAW_DROPOUT,,[],0,
29,493735721634,0,0,,,,,,,,,,,,,,,,,RAW_DROPOUT,,[],0,
30,493835742434,0,0,,,,,,,,,,,,,,,,,RAW_DROPOUT,,[],0,
31,493936541073,0,0,,,,,,,,,,,,,,,,,RAW_DROPOUT,,[],0,
32,494036232288,0,0,,,,,,,,,,,,,,,,,RAW_DROPOUT,,[],0,
33,494135857930,0,0,,,,,,,,,,,,,,,,,RAW_DROPOUT,,[],0,
34,494237401337,0,0,,,,,,,,,,,,,,,,,RAW_DROPOUT,,[],0,
35,494337594939,0,0,,,,,,,,,,,,,,,,,RAW_DROPOUT,,[],0,
36,494437713703,0,0,,,,,,,,,,,,,,,,,RAW_DROPOUT,,[],0,
37,494536223906,0,0,,,,,,,,,,,,,,,,,RAW_DROPOUT,,[],0,
38,494636527212,0,0,,,,,,,,,,,,,,,,,RAW_DROPOUT,,[],0,
39,494735685947,0,0,,,,,,,,,,,,,,,,,RAW_DROPOUT,,[],0,
40,494836410976,0,0,,,,,,,,,,,,,,,,,RAW_DROPOUT,,[],0,
41,494936147521,0,0,,,,,,,,,,,,,,,,,RAW_DROPOUT,,[],0,
42,495035974350,0,0,,,,,,,,,,,,,,,,,RAW_DROPOUT,,[],0,
43,495136430599,0,0,,,,,,,,,,,,,,,,,RAW_DROPOUT,,[],0,
44,495235854126,0,0,,,,,,,,,,,,,,,,,RAW_DROPOUT,,[],0,
45,495336617180,0,0,,,,,,,,,,,,,,,,,RAW_DROPOUT,,[],0,
46,495435797066,0,0,,,,,,,,,,,,,,,,,RAW_DROPOUT,,[],0,
47,495535618652,0,0,,,,,,,,,,,,,,,,,RAW_DROPOUT,,[],0,
48,495635964103,0,0,,,,,,,,,,,,,,,,,RAW_DROPOUT,,[],0,
49,495735702982,0,0,,,,,,,,,,,,,,,,,RAW_DROPOUT,,[],0,
50,495838105175,0,0,,,,,,,,,,,,,,,,,RAW_DROPOUT,,[],0,
51,495938535836,0,0,,,,,,,,,,,,,,,,,RAW_DROPOUT,,[],0,
52,496037935091,0,0,,,,,,,,,,,,,,,,,RAW_DROPOUT,,[],0,
53,496136168868,0,0,,,,,,,,,,,,,,,,,RAW_DROPOUT,,[],0,
54,496235684939,0,0,,,,,,,,,,,,,,,,,RAW_DROPOUT,,[],0,
55,496336396690,0,0,,,,,,,,,,,,,,,,,RAW_DROPOUT,,[],0,
56,496436076090,0,0,,,,,,,,,,,,,,,,,RAW_DROPOUT,,[],0,
57,496536645097,0,0,,,,,,,,,,,,,,,,,RAW_DROPOUT,,[],0,
58,496636259666,0,0,,,,,,,,,,,,,,,,,RAW_DROPOUT,,[],0,
59,496736622557,0,0,,,,,,,,,,,,,,,,,RAW_DROPOUT,,[],0,
60,496835888632,0,0,,,,,,,,,,,,,,,,,RAW_DROPOUT,,[],0,
61,496935652563,0,0,,,,,,,,,,,,,,,,,RAW_DROPOUT,,[],0,
62,497035879546,0,0,,,,,,,,,,,,,,,,,RAW_DROPOUT,,[],0,
63,497135957293,0,0,,,,,,,,,,,,,,,,,RAW_DROPOUT,,[],0,
64,497236113055,0,0,,,,,,,,,,,,,,,,,RAW_DROPOUT,,[],0,
65,497335436440,0,0,,,,,,,,,,,,,,,,,RAW_DROPOUT,,[],0,
66,497436322018,0,0,,,,,,,,,,,,,,,,,RAW_DROPOUT,,[],0,
67,497537590954,0,0,,,,,,,,,,,,,,,,,RAW_DROPOUT,,[],0,
68,497636138452,0,0,,,,,,,,,,,,,,,,,RAW_DROPOUT,,[],0,
69,497736212759,0,0,,,,,,,,,,,,,,,,,RAW_DROPOUT,,[],0,
70,497835878903,0,0,,,,,,,,,,,,,,,,,RAW_DROPOUT,,[],0,
71,497935716608,0,0,,,,,,,,,,,,,,,,,RAW_DROPOUT,,[],0,
72,498035659979,0,0,,,,,,,,,,,,,,,,,RAW_DROPOUT,,[],0,
73,498135718307,0,0,,,,,,,,,,,,,,,,,RAW_DROPOUT,,[],0,
74,498235586522,0,0,,,,,,,,,,,,,,,,,RAW_DROPOUT,,[],0,
75,498335948054,0,0,,,,,,,,,,,,,,,,,RAW_DROPOUT,,[],0,
76,498435820491,0,0,,,,,,,,,,,,,,,,,RAW_DROPOUT,,[],0,
77,498536040062,0,0,,,,,,,,,,,,,,,,,RAW_DROPOUT,,[],0,
78,498636281053,0,0,,,,,,,,,,,,,,,,,RAW_DROPOUT,,[],0,
79,498736124566,0,0,,,,,,,,,,,,,,,,,RAW_DROPOUT,,[],0,
80,498836030721,0,0,,,,,,,,,,,,,,,,,RAW_DROPOUT,,[],0,
81,498937454815,0,0,,,,,,,,,,,,,,,,,RAW_DROPOUT,,[],0,
82,499037701031,0,0,,,,,,,,,,,,,,,,,RAW_DROPOUT,,[],0,
83,499147290377,0,0,,,,,,,,,,,,,,,,,RAW_DROPOUT,,[],0,
84,499247036865,0,0,,,,,,,,,,,,,,,,,RAW_DROPOUT,,[],0,
85,499345932068,0,0,,,,,,,,,,,,,,,,,RAW_DROPOUT,,[],0,
86,499445574693,0,0,,,,,,,,,,,,,,,,,RAW_DROPOUT,,[],0,
87,499545853527,0,0,,,,,,,,,,,,,,,,,RAW_DROPOUT,,[],0,
88,499636447984,0,0,,,,,,,,,,,,,,,,,RAW_DROPOUT,,[],0,
89,499746627887,0,0,,,,,,,,,,,,,,,,,RAW_DROPOUT,,[],0,
90,499846465159,0,0,,,,,,,,,,,,,,,,,RAW_DROPOUT,,[],0,
91,499946349437,0,0,,,,,,,,,,,,,,,,,RAW_DROPOUT,,[],0,
92,500045635369,0,0,,,,,,,,,,,,,,,,,RAW_DROPOUT,,[],0,
93,500146353728,0,0,,,,,,,,,,,,,,,,,RAW_DROPOUT,,[],0,
94,500246405341,0,0,,,,,,,,,,,,,,,,,RAW_DROPOUT,,[],0,
95,500346213739,0,0,,,,,,,,,,,,,,,,,RAW_DROPOUT,,[],0,
96,500445864753,0,0,,,,,,,,,,,,,,,,,RAW_DROPOUT,,[],0,
97,500546647108,0,0,,,,,,,,,,,,,,,,,RAW_DROPOUT,,[],0,
98,500637572591,0,0,,,,,,,,,,,,,,,,,RAW_DROPOUT,,[],0,
99,500747687186,0,0,,,,,,,,,,,,,,,,,RAW_DROPOUT,,[],0,
100,500847597206,0,0,,,,,,,,,,,,,,,,,RAW_DROPOUT,,[],0,
101,500946006294,0,0,,,,,,,,,,,,,,,,,RAW_DROPOUT,,[],0,
102,501046001029,0,0,,,,,,,,,,,,,,,,,RAW_DROPOUT,,[],0,
103,501146357384,0,0,,,,,,,,,,,,,,,,,RAW_DROPOUT,,[],0,
104,501245766001,0,0,,,,,,,,,,,,,,,,,RAW_DROPOUT,,[],0,
105,501346742142,0,0,,,,,,,,,,,,,,,,,RAW_DROPOUT,,[],0,
106,501446057892,0,0,,,,,,,,,,,,,,,,,RAW_DROPOUT,,[],0,
107,501545843290,0,0,,,,,,,,,,,,,,,,,RAW_DROPOUT,,[],0,
108,501645563963,0,0,,,,,,,,,,,,,,,,,RAW_DROPOUT,,[],0,
109,501745795610,0,0,,,,,,,,,,,,,,,,,RAW_DROPOUT,,[],0,
110,501846225705,0,0,,,,,,,,,,,,,,,,,RAW_DROPOUT,,[],0,
111,501946333634,0,0,,,,,,,,,,,,,,,,,RAW_DROPOUT,,[],0,
112,502046345866,0,0,,,,,,,,,,,,,,,,,RAW_DROPOUT,,[],0,
113,502146744028,0,0,,,,,,,,,,,,,,,,,RAW_DROPOUT,,[],0,
114,502247480249,0,0,,,,,,,,,,,,,,,,,RAW_DROPOUT,,[],0,
115,502347905198,0,0,,,,,,,,,,,,,,,,,RAW_DROPOUT,,[],0,
116,502447078071,0,0,,,,,,,,,,,,,,,,,RAW_DROPOUT,,[],0,
117,502546373411,0,0,,,,,,,,,,,,,,,,,RAW_DROPOUT,,[],0,
118,502645930777,0,0,,,,,,,,,,,,,,,,,RAW_DROPOUT,,[],0,
119,502746700924,0,0,,,,,,,,,,,,,,,,,RAW_DROPOUT,,[],0,
120,502845862228,0,0,,,,,,,,,,,,,,,,,RAW_DROPOUT,,[],0,
121,502945900183,0,0,,,,,,,,,,,,,,,,,RAW_DROPOUT,,[],0,
122,503046197445,0,0,,,,,,,,,,,,,,,,,RAW_DROPOUT,,[],0,
123,503146358068,0,0,,,,,,,,,,,,,,,,,RAW_DROPOUT,,[],0,
124,503245710156,0,0,,,,,,,,,,,,,,,,,RAW_DROPOUT,,[],0,
125,503345962186,0,0,,,,,,,,,,,,,,,,,RAW_DROPOUT,,[],0,
126,503446276855,0,0,,,,,,,,,,,,,,,,,RAW_DROPOUT,,[],0,
127,503546737076,0,0,,,,,,,,,,,,,,,,,RAW_DROPOUT,,[],0,
128,503646423887,0,0,,,,,,,,,,,,,,,,,RAW_DROPOUT,,[],0,
129,503745833508,0,0,,,,,,,,,,,,,,,,,RAW_DROPOUT,,[],0,
130,503845985533,0,0,,,,,,,,,,,,,,,,,RAW_DROPOUT,,[],0,
131,503946669163,0,0,,,,,,,,,,,,,,,,,RAW_DROPOUT,,[],0,
132,504047450649,0,0,,,,,,,,,,,,,,,,,RAW_DROPOUT,,[],0,
133,504146394147,0,0,,,,,,,,,,,,,,,,,RAW_DROPOUT,,[],0,
134,504246058783,0,0,,,,,,,,,,,,,,,,,RAW_DROPOUT,,[],0,
135,504346101602,0,0,,,,,,,,,,,,,,,,,RAW_DROPOUT,,[],0,
136,504446302897,0,0,,,,,,,,,,,,,,,,,RAW_DROPOUT,,[],0,
137,504546182603,0,0,,,,,,,,,,,,,,,,,RAW_DROPOUT,,[],0,
138,504646111451,0,0,,,,,,,,,,,,,,,,,RAW_DROPOUT,,[],0,
139,504746667008,0,0,,,,,,,,,,,,,,,,,RAW_DROPOUT,,[],0,
140,504846244564,0,0,,,,,,,,,,,,,,,,,RAW_DROPOUT,,[],0,
141,504946094305,0,0,,,,,,,,,,,,,,,,,RAW_DROPOUT,,[],0,
142,505046409569,0,0,,,,,,,,,,,,,,,,,RAW_DROPOUT,,[],0,
143,505146597938,0,0,,,,,,,,,,,,,,,,,RAW_DROPOUT,,[],0,
144,505246551175,0,0,,,,,,,,,,,,,,,,,RAW_DROPOUT,,[],0,
145,505346643656,0,0,,,,,,,,,,,,,,,,,RAW_DROPOUT,,[],0,
146,505446779183,0,0,,,,,,,,,,,,,,,,,RAW_DROPOUT,,[],0,
147,505547277518,0,0,,,,,,,,,,,,,,,,,RAW_DROPOUT,,[],0,
148,505648267171,0,0,,,,,,,,,,,,,,,,,RAW_DROPOUT,,[],0,
149,505746135955,0,0,,,,,,,,,,,,,,,,,RAW_DROPOUT,,[],0,
150,505845660930,0,0,,,,,,,,,,,,,,,,,RAW_DROPOUT,,[],0,
151,505945921579,0,0,,,,,,,,,,,,,,,,,RAW_DROPOUT,,[],0,
152,506046549110,0,0,,,,,,,,,,,,,,,,,RAW_DROPOUT,,[],0,
153,506146936521,0,0,,,,,,,,,,,,,,,,,RAW_DROPOUT,,[],0,
154,506246490342,0,0,,,,,,,,,,,,,,,,,RAW_DROPOUT,,[],0,
155,506345895799,0,0,,,,,,,,,,,,,,,,,RAW_DROPOUT,,[],0,
156,506446317135,0,0,,,,,,,,,,,,,,,,,RAW_DROPOUT,,[],0,
157,506546180400,0,0,,,,,,,,,,,,,,,,,RAW_DROPOUT,,[],0,
158,506646222254,0,0,,,,,,,,,,,,,,,,,RAW_DROPOUT,,[],0,
159,506746432900,0,0,,,,,,,,,,,,,,,,,RAW_DROPOUT,,[],0,
160,506846223363,0,0,,,,,,,,,,,,,,,,,RAW_DROPOUT,,[],0,
161,506946578413,0,0,,,,,,,,,,,,,,,,,RAW_DROPOUT,,[],0,
162,507048051333,0,0,,,,,,,,,,,,,,,,,RAW_DROPOUT,,[],0,
163,507147970252,0,0,,,,,,,,,,,,,,,,,RAW_DROPOUT,,[],0,
164,507248510557,0,0,,,,,,,,,,,,,,,,,RAW_DROPOUT,,[],0,
165,507346087291,0,0,,,,,,,,,,,,,,,,,RAW_DROPOUT,,[],0,
166,507445955818,0,0,,,,,,,,,,,,,,,,,RAW_DROPOUT,,[],0,
167,507546663820,0,0,,,,,,,,,,,,,,,,,RAW_DROPOUT,,[],0,
168,507646474346,0,0,,,,,,,,,,,,,,,,,RAW_DROPOUT,,[],0,
169,507746569352,0,0,,,,,,,,,,,,,,,,,RAW_DROPOUT,,[],0,
170,507846116137,0,0,,,,,,,,,,,,,,,,,RAW_DROPOUT,,[],0,
171,507946589218,0,0,,,,,,,,,,,,,,,,,RAW_DROPOUT,,[],0,
172,508045819973,0,0,,,,,,,,,,,,,,,,,RAW_DROPOUT,,[],0,
173,508146029803,0,0,,,,,,,,,,,,,,,,,RAW_DROPOUT,,[],0,
174,508245635863,0,0,,,,,,,,,,,,,,,,,RAW_DROPOUT,,[],0,
175,508346353107,0,0,,,,,,,,,,,,,,,,,RAW_DROPOUT,,[],0,
176,508445680367,0,0,,,,,,,,,,,,,,,,,RAW_DROPOUT,,[],0,
177,508546706115,0,0,,,,,,,,,,,,,,,,,RAW_DROPOUT,,[],0,
178,508646312539,0,0,,,,,,,,,,,,,,,,,RAW_DROPOUT,,[],0,
179,508746826182,0,0,,,,,,,,,,,,,,,,,RAW_DROPOUT,,[],0,
180,508847006464,0,0,,,,,,,,,,,,,,,,,RAW_DROPOUT,,[],0,
181,508946597827,0,0,,,,,,,,,,,,,,,,,RAW_DROPOUT,,[],0,
182,509046250454,0,0,,,,,,,,,,,,,,,,,RAW_DROPOUT,,[],0,
183,509146222903,0,0,,,,,,,,,,,,,,,,,RAW_DROPOUT,,[],0,
184,509245765638,0,0,,,,,,,,,,,,,,,,,RAW_DROPOUT,,[],0,
185,509346513981,0,0,,,,,,,,,,,,,,,,,RAW_DROPOUT,,[],0,
186,509445731382,0,0,,,,,,,,,,,,,,,,,RAW_DROPOUT,,[],0,
187,509546152410,0,0,,,,,,,,,,,,,,,,,RAW_DROPOUT,,[],0,
188,509645759973,0,0,,,,,,,,,,,,,,,,,RAW_DROPOUT,,[],0,
189,509746649122,0,0,,,,,,,,,,,,,,,,,RAW_DROPOUT,,[],0,
190,509845755160,0,0,,,,,,,,,,,,,,,,,RAW_DROPOUT,,[],0,
191,509946483388,0,0,,,,,,,,,,,,,,,,,RAW_DROPOUT,,[],0,
192,510045835814,0,0,,,,,,,,,,,,,,,,,RAW_DROPOUT,,[],0,
193,510147759754,0,0,,,,,,,,,,,,,,,,,RAW_DROPOUT,,[],0,
194,510247656392,0,0,,,,,,,,,,,,,,,,,RAW_DROPOUT,,[],0,
195,510345818646,0,0,,,,,,,,,,,,,,,,,RAW_DROPOUT,,[],0,
196,510446067350,0,0,,,,,,,,,,,,,,,,,RAW_DROPOUT,,[],0,
197,510545823807,0,0,,,,,,,,,,,,,,,,,RAW_DROPOUT,,[],0,
198,510646173504,0,0,,,,,,,,,,,,,,,,,RAW_DROPOUT,,[],0,
199,510746271345,0,0,,,,,,,,,,,,,,,,,RAW_DROPOUT,,[],0,
200,510846632611,0,0,,,,,,,,,,,,,,,,,RAW_DROPOUT,,[],0,
201,510946648740,0,0,,,,,,,,,,,,,,,,,RAW_DROPOUT,,[],0,
202,511046627359,0,0,,,,,,,,,,,,,,,,,RAW_DROPOUT,,[],0,
203,511146161174,0,0,,,,,,,,,,,,,,,,,RAW_DROPOUT,,[],0,
204,511246425019,0,0,,,,,,,,,,,,,,,,,RAW_DROPOUT,,[],0,
205,511346713669,0,0,,,,,,,,,,,,,,,,,RAW_DROPOUT,,[],0,
206,511446100060,0,0,,,,,,,,,,,,,,,,,RAW_DROPOUT,,[],0,
207,511548063577,0,0,,,,,,,,,,,,,,,,,RAW_DROPOUT,,[],0,
208,511647942161,0,0,,,,,,,,,,,,,,,,,RAW_DROPOUT,,[],0,
209,511747242255,0,0,,,,,,,,,,,,,,,,,RAW_DROPOUT,,[],0,
210,511845742123,0,0,,,,,,,,,,,,,,,,,RAW_DROPOUT,,[],0,
211,511946545167,0,0,,,,,,,,,,,,,,,,,RAW_DROPOUT,,[],0,
212,512046277852,0,0,,,,,,,,,,,,,,,,,RAW_DROPOUT,,[],0,
213,512146567018,0,0,,,,,,,,,,,,,,,,,RAW_DROPOUT,,[],0,
214,512245639016,0,0,,,,,,,,,,,,,,,,,RAW_DROPOUT,,[],0,
215,512346053771,0,0,,,,,,,,,,,,,,,,,RAW_DROPOUT,,[],0,
216,512446551382,0,0,,,,,,,,,,,,,,,,,RAW_DROPOUT,,[],0,
217,512546370972,0,0,,,,,,,,,,,,,,,,,RAW_DROPOUT,,[],0,
218,512645499042,0,0,,,,,,,,,,,,,,,,,RAW_DROPOUT,,[],0,
219,512746218023,0,0,,,,,,,,,,,,,,,,,RAW_DROPOUT,,[],0,
220,512845663869,0,0,,,,,,,,,,,,,,,,,RAW_DROPOUT,,[],0,
221,512946922100,0,0,,,,,,,,,,,,,,,,,RAW_DROPOUT,,[],0,
222,513047144997,0,0,,,,,,,,,,,,,,,,,RAW_DROPOUT,,[],0,
223,513145979329,0,0,,,,,,,,,,,,,,,,,RAW_DROPOUT,,[],0,
224,513245615082,0,0,,,,,,,,,,,,,,,,,RAW_DROPOUT,,[],0,
225,513346109994,0,0,,,,,,,,,,,,,,,,,RAW_DROPOUT,,[],0,
226,513446294323,0,0,,,,,,,,,,,,,,,,,RAW_DROPOUT,,[],0,
227,513546333417,0,0,,,,,,,,,,,,,,,,,RAW_DROPOUT,,[],0,
228,513646221440,0,0,,,,,,,,,,,,,,,,,RAW_DROPOUT,,[],0,
229,513746443445,0,0,,,,,,,,,,,,,,,,,RAW_DROPOUT,,[],0,
230,513845924062,0,0,,,,,,,,,,,,,,,,,RAW_DROPOUT,,[],0,
231,513946468897,0,0,,,,,,,,,,,,,,,,,RAW_DROPOUT,,[],0,
232,514045981612,0,0,,,,,,,,,,,,,,,,,RAW_DROPOUT,,[],0,
233,514145730630,0,0,,,,,,,,,,,,,,,,,RAW_DROPOUT,,[],0,
234,514246019208,0,0,,,,,,,,,,,,,,,,,RAW_DROPOUT,,[],0,
235,514346273756,0,0,,,,,,,,,,,,,,,,,RAW_DROPOUT,,[],0,
236,514446123037,0,0,,,,,,,,,,,,,,,,,RAW_DROPOUT,,[],0,
237,514546383214,0,0,,,,,,,,,,,,,,,,,RAW_DROPOUT,,[],0,
238,514646940529,0,0,,,,,,,,,,,,,,,,,RAW_DROPOUT,,[],0,
239,514746508565,0,0,,,,,,,,,,,,,,,,,RAW_DROPOUT,,[],0,
240,514845898120,0,0,,,,,,,,,,,,,,,,,RAW_DROPOUT,,[],0,
241,514946406346,0,0,,,,,,,,,,,,,,,,,RAW_DROPOUT,,[],0,
242,515046271731,0,0,,,,,,,,,,,,,,,,,RAW_DROPOUT,,[],0,
243,515145563934,0,0,,,,,,,,,,,,,,,,,RAW_DROPOUT,,[],0,
244,515246030095,0,0,,,,,,,,,,,,,,,,,RAW_DROPOUT,,[],0,
245,515346233825,0,0,,,,,,,,,,,,,,,,,RAW_DROPOUT,,[],0,
246,515446088149,0,0,,,,,,,,,,,,,,,,,RAW_DROPOUT,,[],0,
247,515546386669,0,0,,,,,,,,,,,,,,,,,RAW_DROPOUT,,[],0,
248,515646522863,0,0,,,,,,,,,,,,,,,,,RAW_DROPOUT,,[],0,
249,515746607623,0,0,,,,,,,,,,,,,,,,,RAW_DROPOUT,,[],0,
250,515845751256,0,0,,,,,,,,,,,,,,,,,RAW_DROPOUT,,[],0,
251,515946413043,0,0,,,,,,,,,,,,,,,,,RAW_DROPOUT,,[],0,
252,516046315545,0,0,,,,,,,,,,,,,,,,,RAW_DROPOUT,,[],0,
253,516147346904,0,0,,,,,,,,,,,,,,,,,RAW_DROPOUT,,[],0,
254,516247645947,0,0,,,,,,,,,,,,,,,,,RAW_DROPOUT,,[],0,
255,516346141586,0,0,,,,,,,,,,,,,,,,,RAW_DROPOUT,,[],0,
256,516445854016,0,0,,,,,,,,,,,,,,,,,RAW_DROPOUT,,[],0,
257,516546185368,0,0,,,,,,,,,,,,,,,,,RAW_DROPOUT,,[],0,
258,516646045533,0,0,,,,,,,,,,,,,,,,,RAW_DROPOUT,,[],0,
259,516746285483,0,0,,,,,,,,,,,,,,,,,RAW_DROPOUT,,[],0,
260,516845872534,0,0,,,,,,,,,,,,,,,,,RAW_DROPOUT,,[],0,
261,516945579805,0,0,,,,,,,,,,,,,,,,,RAW_DROPOUT,,[],0,
262,517045702433,0,0,,,,,,,,,,,,,,,,,RAW_DROPOUT,,[],0,
263,517145728014,0,0,,,,,,,,,,,,,,,,,RAW_DROPOUT,,[],0,
264,517246245521,0,0,,,,,,,,,,,,,,,,,RAW_DROPOUT,,[],0,
265,517346289393,0,0,,,,,,,,,,,,,,,,,RAW_DROPOUT,,[],0,
266,517445872918,0,0,,,,,,,,,,,,,,,,,RAW_DROPOUT,,[],0,
267,517546367236,0,0,,,,,,,,,,,,,,,,,RAW_DROPOUT,,[],0,
268,517645993440,0,0,,,,,,,,,,,,,,,,,RAW_DROPOUT,,[],0,
269,517746827365,0,0,,,,,,,,,,,,,,,,,RAW_DROPOUT,,[],0,
270,517846931738,0,0,,,,,,,,,,,,,,,,,RAW_DROPOUT,,[],0,
271,517957196585,0,0,,,,,,,,,,,,,,,,,RAW_DROPOUT,,[],0,
272,518045969847,0,0,,,,,,,,,,,,,,,,,RAW_DROPOUT,,[],0,
273,518145948817,0,0,,,,,,,,,,,,,,,,,RAW_DROPOUT,,[],0,
274,518256409037,0,0,,,,,,,,,,,,,,,,,RAW_DROPOUT,,[],0,
275,518356489832,0,0,,,,,,,,,,,,,,,,,RAW_DROPOUT,,[],0,
276,518446042528,0,0,,,,,,,,,,,,,,,,,RAW_DROPOUT,,[],0,
277,518546123531,0,0,,,,,,,,,,,,,,,,,RAW_DROPOUT,,[],0,
278,518655497815,0,0,,,,,,,,,,,,,,,,,RAW_DROPOUT,,[],0,
279,518756516916,0,0,,,,,,,,,,,,,,,,,RAW_DROPOUT,,[],0,
280,518856372071,0,0,,,,,,,,,,,,,,,,,RAW_DROPOUT,,[],0,
281,518956038793,0,0,,,,,,,,,,,,,,,,,RAW_DROPOUT,,[],0,
282,519055802518,0,0,,,,,,,,,,,,,,,,,RAW_DROPOUT,,[],0,
283,519156602375,0,0,,,,,,,,,,,,,,,,,RAW_DROPOUT,,[],0,
284,519246283790,0,0,,,,,,,,,,,,,,,,,RAW_DROPOUT,,[],0,
285,519347071245,0,0,,,,,,,,,,,,,,,,,RAW_DROPOUT,,[],0,
286,519447507994,0,0,,,,,,,,,,,,,,,,,RAW_DROPOUT,,[],0,
287,519557403044,0,0,,,,,,,,,,,,,,,,,RAW_DROPOUT,,[],0,
288,519656993360,0,0,,,,,,,,,,,,,,,,,RAW_DROPOUT,,[],0,
289,519756226926,0,0,,,,,,,,,,,,,,,,,RAW_DROPOUT,,[],0,
290,519856356066,0,0,,,,,,,,,,,,,,,,,RAW_DROPOUT,,[],0,
291,519956195158,0,0,,,,,,,,,,,,,,,,,RAW_DROPOUT,,[],0,
292,520056573258,0,0,,,,,,,,,,,,,,,,,RAW_DROPOUT,,[],0,
293,520156167793,0,0,,,,,,,,,,,,,,,,,RAW_DROPOUT,,[],0,
294,520255995054,0,0,,,,,,,,,,,,,,,,,RAW_DROPOUT,,[],0,
295,520356211998,0,0,,,,,,,,,,,,,,,,,RAW_DROPOUT,,[],0,
296,520455842073,0,0,,,,,,,,,,,,,,,,,RAW_DROPOUT,,[],0,
297,520555906646,0,0,,,,,,,,,,,,,,,,,RAW_DROPOUT,,[],0,
298,520655997847,0,0,,,,,,,,,,,,,,,,,RAW_DROPOUT,,[],0,
299,520756442567,0,0,,,,,,,,,,,,,,,,,RAW_DROPOUT,,[],0,
300,520855702239,0,0,,,,,,,,,,,,,,,,,RAW_DROPOUT,,[],0,
301,520956572651,0,0,,,,,,,,,,,,,,,,,RAW_DROPOUT,,[],0,
302,521047192998,0,0,,,,,,,,,,,,,,,,,RAW_DROPOUT,,[],0,
303,521147247781,0,0,,,,,,,,,,,,,,,,,RAW_DROPOUT,,[],0,
304,521257081941,0,0,,,,,,,,,,,,,,,,,RAW_DROPOUT,,[],0,
305,521356468876,0,0,,,,,,,,,,,,,,,,,RAW_DROPOUT,,[],0,
306,521456089631,0,0,,,,,,,,,,,,,,,,,RAW_DROPOUT,,[],0,
307,521556734983,0,0,,,,,,,,,,,,,,,,,RAW_DROPOUT,,[],0,
308,521656311131,0,0,,,,,,,,,,,,,,,,,RAW_DROPOUT,,[],0,
309,521756110938,0,0,,,,,,,,,,,,,,,,,RAW_DROPOUT,,[],0,
310,521856590110,0,0,,,,,,,,,,,,,,,,,RAW_DROPOUT,,[],0,
311,521956429990,0,0,,,,,,,,,,,,,,,,,RAW_DROPOUT,,[],0,
312,522056414300,0,0,,,,,,,,,,,,,,,,,RAW_DROPOUT,,[],0,
313,522156086870,0,0,,,,,,,,,,,,,,,,,RAW_DROPOUT,,[],0,
314,522256160222,0,0,,,,,,,,,,,,,,,,,RAW_DROPOUT,,[],0,
315,522356087091,0,0,,,,,,,,,,,,,,,,,RAW_DROPOUT,,[],0,
316,522456379307,0,0,,,,,,,,,,,,,,,,,RAW_DROPOUT,,[],0,
317,522556302685,1,0,15,,1,,22.5,,6.90625,,1.25,,1000462,,436,,436,,RAW_DROPOUT,,[],0,
318,522656172806,1,0,15,,2,,22.5,,6.59375,,1.25,,1000462,,436,,436,,RAW_DROPOUT,,[],0,
319,522757955485,1,0,15,,3,,22.5,,6.59375,,1.25,,1000462,,436,,436,,RAW_DROPOUT,,[],0,
320,522857930974,1,0,15,,4,,22.75,,6.5625,,1.5,,1000462,,436,,436,,RAW_DROPOUT,,[],0,
321,522957161022,1,0,15,,5,,23.0,,6.59375,,1.5,,1000462,,436,,436,,RAW_DROPOUT,,[],0,
322,523055740038,1,0,15,,6,,23.25,,6.3125,,2.75,,1000462,,436,,436,,RAW_DROPOUT,,[],0,
323,523156639157,1,0,15,,7,,23.5,,6.4375,,2.5,,1000462,,436,,436,,RAW_DROPOUT,,[],0,
324,523256332493,1,0,15,,8,,23.5,,6.4375,,2.5,,1000462,,436,,436,,RAW_DROPOUT,,[],0,
325,523356833020,1,0,15,,9,,23.75,,6.65625,,2.25,,1000462,,436,,436,,RAW_DROPOUT,,[],0,
326,523456079458,1,0,15,,10,,24.0,,6.8125,,2.0,,1000462,,436,,436,,RAW_DROPOUT,,[],0,
327,523556108229,1,0,15,,11,,24.25,,7.0,,2.0,,1000462,,436,,436,,RAW_DROPOUT,,[],0,
328,523655760189,1,0,15,,12,,24.5,,6.5,,2.5,,1000462,,436,,436,,RAW_DROPOUT,,[],0,
329,523756592816,1,0,15,,13,,24.5,,6.5,,2.5,,1000462,,436,,436,,RAW_DROPOUT,,[],0,
330,523856302932,1,0,15,,14,,24.75,,5.875,,2.75,,1000462,,436,,436,,RAW_DROPOUT,,[],0,
331,523956260937,1,0,15,,15,,25.25,,5.90625,,2.5,,1000462,,436,,436,,RAW_DROPOUT,,[],0,
332,524056274060,1,0,15,,16,,25.5,,5.625,,2.75,,1000462,,436,,436,,RAW_DROPOUT,,[],0,
333,524156080979,1,0,15,,17,,25.75,,5.46875,,2.75,,1000462,,436,,436,,RAW_DROPOUT,,[],0,
334,524255663146,1,0,15,,18,,25.75,,5.46875,,2.75,,1000462,,436,,436,,RAW_DROPOUT,,[],0,
335,524356688040,1,0,15,,19,,26.25,,4.90625,,3.5,,1000462,,436,,436,,RAW_DROPOUT,,[],0,
336,524456722994,1,0,15,,20,,26.5,,4.5625,,3.75,,1000462,,436,,436,,RAW_DROPOUT,,[],0,
337,524557206201,1,0,15,,21,,26.75,,4.21875,,3.75,,1000462,,436,,436,,RAW_DROPOUT,,[],0,
338,524655832092,1,0,15,,22,,26.75,,4.09375,,4.0,,1000462,,436,,436,,RAW_DROPOUT,,[],0,
339,524756847658,1,0,15,,23,,26.75,,4.09375,,4.0,,1000462,,436,,436,,RAW_DROPOUT,,[],0,
340,524856242801,1,0,15,,24,,27.25,,3.75,,4.25,,1000462,,436,,436,,RAW_DROPOUT,,[],0,
341,524956394117,1,0,15,,25,,27.25,,3.71875,,3.75,,1000462,,436,,436,,RAW_DROPOUT,,[],0,
342,525055731209,1,0,15,,26,,27.5,,3.6875,,3.75,,1000462,,436,,436,,RAW_DROPOUT,,[],0,
343,525156714872,1,0,15,,27,,27.75,,3.65625,,3.5,,1000462,,436,,436,,RAW_DROPOUT,,[],0,
344,525256333402,1,0,15,,28,,27.75,,3.5625,,3.5,,1000462,,436,,436,,RAW_DROPOUT,,[],0,
345,525356639788,1,1,15,28,29,1,27.75,20.75,3.40625,4.40625,3.25,3.25,1000462,1000509,436,482,436,482,DISTANCE_DIAMETER,4.0,[],1,85
346,525456390678,1,1,15,28,30,2,27.75,21.0,3.21875,4.34375,3.25,3.0,1000462,1000509,436,482,436,482,DISTANCE_DIAMETER,3.75,"[[1000509,13.000010999490259]]",0,85
347,525556904463,1,1,15,28,31,3,27.75,21.0,3.21875,4.34375,3.25,3.0,1000462,1000509,436,482,436,482,DISTANCE_DIAMETER,3.75,"[[1000509,13.000020999490259]]",0,85
348,525655954887,1,1,15,28,32,4,27.75,21.25,3.15625,4.3125,3.25,2.75,1000462,1000509,436,482,436,482,DISTANCE_DIAMETER,3.5,"[[1000509,13.00003099949026]]",1,85
349,525756418228,1,1,15,28,33,5,27.5,21.75,2.96875,4.1875,3.0,3.0,1000462,1000509,436,482,436,482,DISTANCE_DIAMETER,2.75,"[[1000509,13.00004099949026]]",1,85
350,525856395069,1,1,15,28,34,6,27.75,22.0,2.78125,4.125,3.0,2.75,1000462,1000509,436,482,436,482,DISTANCE_DIAMETER,2.75,"[[1000509,13.00005099949026]]",1,85
351,525958949127,1,1,15,28,35,7,27.5,22.25,2.875,3.8125,2.75,2.75,1000462,1000509,436,482,436,482,DISTANCE_DIAMETER,2.25,"[[1000509,13.000060999490259]]",1,85
352,526056594555,1,1,15,28,36,8,27.75,22.5,2.84375,3.53125,2.75,2.5,1000462,1000509,436,482,436,482,DISTANCE_DIAMETER,2.25,"[[1000509,13.000070999490259]]",1,85
353,526156089216,1,1,15,28,37,9,27.75,22.5,2.84375,3.53125,2.75,2.5,1000462,1000509,436,482,436,482,DISTANCE_DIAMETER,2.25,"[[1000509,13.00008099949026]]",1,85
354,526256101540,1,1,15,28,38,10,27.75,23.0,2.75,3.25,2.5,2.5,1000462,1000509,436,482,436,482,DISTANCE_DIAMETER,1.75,"[[1000509,13.00009099949026]]",1,85
355,526356643408,1,1,15,28,39,11,28.0,23.25,2.625,3.0,2.5,2.5,1000462,1000509,436,482,436,482,DISTANCE_DIAMETER,1.75,"[[1000509,13.00010099949026]]",1,85
356,526455624784,1,1,15,28,40,12,28.0,23.25,2.625,3.0,2.5,2.5,1000462,1000509,436,482,436,482,DISTANCE_DIAMETER,1.75,"[[1000509,13.000110999490259]]",1,85
357,526556965398,1,1,15,28,41,13,28.25,23.75,2.375,3.1875,2.5,2.25,1000462,1000509,436,482,436,482,DISTANCE_DIAMETER,1.5,"[[1000509,13.00012099949026]]",1,85
358,526656683560,1,1,15,28,42,14,28.75,24.0,2.125,3.125,2.5,2.25,1000462,1000509,436,482,436,482,DISTANCE_DIAMETER,1.75,"[[1000509,13.00013099949026]]",1,85
359,526755936169,1,1,15,28,43,15,28.75,24.25,2.15625,3.0625,2.5,2.25,1000462,1000509,436,482,436,482,DISTANCE_DIAMETER,1.5,"[[1000509,13.00014099949026]]",1,85
360,526856417589,1,1,15,28,44,16,28.75,24.25,2.15625,3.0625,2.5,2.25,1000462,1000509,436,482,436,482,DISTANCE_DIAMETER,1.5,"[[1000509,13.000150999490259]]",1,85
361,526955996929,1,1,15,28,45,17,29.0,24.75,2.25,2.71875,2.25,2.25,1000462,1000509,436,482,436,482,DISTANCE_DIAMETER,1.25,"[[1000509,13.000160999490259]]",1,85
362,527055840995,1,1,15,28,46,18,29.0,25.0,2.3125,2.65625,2.25,2.25,1000462,1000509,436,482,436,482,DISTANCE_DIAMETER,1.0,"[[1000509,13.00017099949026]]",1,85
363,527156783906,1,1,15,28,47,19,29.0,25.0,2.3125,2.65625,2.25,2.25,1000462,1000509,436,482,436,482,DISTANCE_DIAMETER,1.0,"[[1000509,13.00018099949026]]",1,85
364,527255606662,1,1,15,28,48,20,29.25,25.25,2.21875,2.40625,2.25,2.25,1000462,1000509,436,482,436,482,DISTANCE_DIAMETER,1.0,"[[1000509,13.00019099949026]]",1,85
365,527355972974,1,1,15,28,49,21,29.0,25.75,2.0625,2.15625,2.25,2.25,1000462,1000509,436,482,436,482,DISTANCE_DIAMETER,0.25,"[[1000509,13.000200999490259]]",1,85
366,527458381639,1,1,15,28,50,22,29.0,26.0,1.84375,2.1875,2.25,2.25,1000462,1000509,436,482,436,482,OTHER_IMMATURE_PAIR,,"[[1000509,13.000210999490259]]",1,85
367,527556787045,1,1,15,28,51,23,29.0,26.0,1.84375,2.1875,2.25,2.25,1000462,1000509,436,482,436,482,OTHER_IMMATURE_PAIR,,"[[1000509,13.00022099949026]]",1,85
368,527657440276,1,1,15,28,52,24,29.0,26.25,2.09375,2.34375,2.25,2.25,1000462,1000462,436|482,436|482,436,436,OTHER_COMPLETE_LINK_ORDER,0,"[[1000462,13.000510999537214],[1000509,13.00023099949026]]",1,93
369,527755921606,1,1,15,28,53,25,28.75,26.5,2.0,2.1875,2.25,2.0,1000462,1000462,436|482,436|482,436,436,OTHER_COMPLETE_LINK_ORDER,0,"[[1000462,23.000520999537216]]",1,93
370,527856617775,1,1,15,28,54,26,28.75,26.5,2.0,2.1875,2.25,2.0,1000462,1000462,436|482,436|482,436,436,OTHER_COMPLETE_LINK_ORDER,0,"[[1000462,23.000530999537215]]",1,93
371,527956552406,1,1,15,28,55,27,29.0,27.0,1.875,1.75,2.0,2.0,1000462,1000462,436|482,436|482,436,436,OTHER_COMPLETE_LINK_ORDER,0,"[[1000462,23.000540999537215]]",1,93
372,528056555048,1,1,15,28,56,28,29.5,27.25,1.53125,1.65625,2.25,2.0,1000462,1000462,436|482,436|482,436,436,OTHER_COMPLETE_LINK_ORDER,0,"[[1000462,23.000550999537214]]",1,93
373,528156456078,1,1,15,28,57,29,29.75,27.5,1.625,1.96875,2.25,2.0,1000462,1000462,436|482,436|482,436,436,OTHER_COMPLETE_LINK_ORDER,0,"[[1000462,23.000560999537214]]",1,93
374,528255764303,1,1,15,28,58,30,29.75,27.5,1.625,1.96875,2.25,2.0,1000462,1000462,436|482,436|482,436,436,OTHER_COMPLETE_LINK_ORDER,0,"[[1000462,23.000570999537214]]",1,93
375,528356534373,1,1,15,28,59,31,30.0,27.75,1.625,1.8125,2.25,2.0,1000462,1000462,436|482,436|482,436,436,OTHER_COMPLETE_LINK_ORDER,0,"[[1000462,23.000580999537213]]",1,93
376,528455601172,1,1,15,28,60,32,30.25,28.0,1.46875,1.875,2.25,2.0,1000462,1000462,436|482,436|482,436,436,OTHER_COMPLETE_LINK_ORDER,0,"[[1000462,23.000590999537213]]",1,93
377,528556205115,1,1,15,28,61,33,30.25,28.0,1.46875,1.875,2.25,2.0,1000462,1000462,436|482,436|482,436,436,OTHER_COMPLETE_LINK_ORDER,0,"[[1000462,23.000600999537212]]",1,93
378,528656235378,1,1,15,28,62,34,30.75,28.25,1.34375,1.71875,2.0,2.0,1000462,1000462,436|482,436|482,436,436,OTHER_COMPLETE_LINK_ORDER,0,"[[1000462,23.000610999537216]]",1,93
379,528756578041,1,1,15,28,63,35,31.0,28.75,1.375,1.5,2.25,2.0,1000462,1000462,436|482,436|482,436,436,OTHER_COMPLETE_LINK_ORDER,0,"[[1000462,23.000620999537215]]",1,93
380,528856270057,1,1,15,28,64,36,31.25,29.0,1.34375,1.3125,2.25,2.0,1000462,1000462,436|482,436|482,436,436,OTHER_COMPLETE_LINK_ORDER,0,"[[1000462,23.000630999537215]]",1,93
381,528956647843,1,1,15,28,65,37,31.5,29.25,1.15625,1.21875,2.25,2.25,1000462,1000462,436|482,436|482,436,436,OTHER_COMPLETE_LINK_ORDER,0,"[[1000462,23.000640999537215]]",1,93
382,529058632389,1,1,15,28,66,38,31.5,29.25,1.15625,1.21875,2.25,2.25,1000462,1000462,436|482,436|482,436,436,OTHER_COMPLETE_LINK_ORDER,0,"[[1000462,23.000650999537214]]",1,93
383,529156890299,1,1,15,28,67,39,31.75,29.5,1.03125,1.09375,2.25,2.25,1000462,1000462,436|482,436|482,436,436,OTHER_COMPLETE_LINK_ORDER,0,"[[1000462,23.000660999537214]]",1,93
384,529256231891,1,1,15,28,68,40,32.0,29.75,1.03125,0.9375,2.25,2.25,1000462,1000462,436|482,436|482,436,436,OTHER_COMPLETE_LINK_ORDER,0,"[[1000462,23.000670999537213]]",1,93
385,529356060399,1,1,15,28,69,41,32.25,30.0,0.96875,0.6875,2.0,2.25,1000462,1000462,436|482,436|482,436,436,OTHER_COMPLETE_LINK_ORDER,0,"[[1000462,23.000680999537213]]",1,93
386,529456335699,1,1,15,28,70,42,32.25,30.0,0.96875,0.6875,2.0,2.25,1000462,1000462,436|482,436|482,436,436,OTHER_COMPLETE_LINK_ORDER,0,"[[1000462,23.000690999537213]]",1,93
387,529556159674,1,1,15,28,71,43,32.5,30.25,0.875,0.78125,2.0,2.0,1000462,1000462,436|482,436|482,436,436,OTHER_COMPLETE_LINK_ORDER,0,"[[1000462,23.000700999537212]]",1,93
388,529656167493,1,1,15,28,72,44,32.75,30.5,0.78125,0.71875,2.0,2.0,1000462,1000462,436|482,436|482,436,436,OTHER_COMPLETE_LINK_ORDER,0,"[[1000462,23.000710999537215]]",1,93
389,529756145609,1,1,15,28,73,45,33.0,30.75,0.71875,0.65625,2.0,2.0,1000462,1000462,436|482,436|482,436,436,OTHER_COMPLETE_LINK_ORDER,0,"[[1000462,23.000720999537215]]",1,93
390,529856567859,1,1,15,28,74,46,33.25,31.0,0.625,0.5,2.25,2.25,1000462,1000462,436|482,436|482,436,436,OTHER_COMPLETE_LINK_ORDER,0,"[[1000462,23.000730999537215]]",1,93
391,529956628726,1,1,15,28,75,47,33.25,31.0,0.625,0.5,2.25,2.25,1000462,1000462,436|482,436|482,436,436,OTHER_COMPLETE_LINK_ORDER,0,"[[1000462,23.000740999537214]]",1,93
392,530056514038,1,1,15,28,76,48,33.5,31.25,0.40625,0.40625,2.25,2.0,1000462,1000462,436|482,436|482,436,436,OTHER_COMPLETE_LINK_ORDER,0,"[[1000462,23.000750999537214]]",1,93
393,530156757937,1,1,15,28,77,49,33.75,31.5,0.25,0.21875,2.0,2.0,1000462,1000462,436|482,436|482,436,436,OTHER_COMPLETE_LINK_ORDER,0,"[[1000462,23.000760999537214]]",1,93
394,530256133526,1,1,15,28,78,50,34.0,31.75,0.15625,0.0625,2.0,2.0,1000462,1000462,436|482,436|482,436,436,OTHER_COMPLETE_LINK_ORDER,0,"[[1000462,23.000770999537213]]",1,93
395,530356135217,1,1,15,28,79,51,34.0,31.75,0.15625,0.0625,2.0,2.0,1000462,1000462,436|482,436|482,436,436,OTHER_COMPLETE_LINK_ORDER,0,"[[1000462,23.000780999537213]]",1,93
396,530456160461,1,1,15,28,80,52,34.25,32.0,0.125,0.15625,2.0,2.0,1000462,1000462,436|482,436|482,436,436,OTHER_COMPLETE_LINK_ORDER,0,"[[1000462,23.000790999537212]]",1,93
397,530556480493,1,1,15,28,81,53,34.75,32.25,0.125,0.34375,1.75,1.75,1000462,1000462,436|482,436|482,436,436,OTHER_COMPLETE_LINK_ORDER,0,"[[1000462,23.000800999537216]]",1,93
398,530656815948,1,1,15,28,82,54,35.0,32.5,0.71875,0.1875,1.75,1.75,1000462,1000462,436|482,436|482,436,436,OTHER_COMPLETE_LINK_ORDER,0,"[[1000462,23.000810999537215]]",1,93
399,530755956730,1,1,15,28,83,55,35.0,32.5,0.71875,0.1875,1.75,1.75,1000462,1000462,436|482,436|482,436,436,OTHER_COMPLETE_LINK_ORDER,0,"[[1000462,23.000820999537215]]",1,93
400,530856259147,1,1,15,28,84,56,35.25,32.75,0.875,-0.0625,1.75,1.75,1000462,1000618,436,482,436,482,LATERAL_GROWTH,0.1875,"[[1000462,10.000830999537214]]",1,94
401,530955776580,1,1,15,28,85,57,35.5,33.0,0.875,0.03125,1.5,1.5,1000462,1000618,436,482,436,482,LATERAL_GROWTH,0.0625,"[[1000618,13.000010999381383]]",1,94
402,531055842529,1,1,15,28,86,58,35.5,33.0,0.875,0.03125,1.5,1.5,1000462,1000618,436,482,436,482,LATERAL_GROWTH,0.0625,"[[1000618,13.000020999381382]]",1,94
403,531156456434,1,1,15,28,87,59,35.75,33.25,0.875,-0.0625,1.5,1.5,1000462,1000618,436,482,436,482,LATERAL_GROWTH,0.15625,"[[1000618,13.000030999381384]]",1,94
404,531256501507,1,1,15,28,88,60,36.0,33.5,0.90625,-0.09375,1.25,1.5,1000462,1000618,436,482,436,482,LATERAL_GROWTH,0.03125,"[[1000618,13.000040999381383]]",1,94
405,531356611144,1,1,15,28,89,61,36.0,33.75,0.84375,-0.15625,1.5,1.5,1000462,1000462,436|482,436|482,436,436,OTHER_COMPLETE_LINK_ORDER,0,"[[1000462,13.000880999537214],[1000618,13.000050999381383]]",1,93
406,531455468995,1,1,15,28,90,62,36.0,33.75,0.84375,-0.15625,1.5,1.5,1000462,1000462,436|482,436|482,436,436,OTHER_COMPLETE_LINK_ORDER,0,"[[1000462,23.000890999537212]]",1,93
407,531555795618,1,1,15,28,91,63,36.25,34.0,0.875,-0.4375,1.25,1.5,1000462,1000634,436,482,436,482,LATERAL_GROWTH,0.03125,"[[1000462,10.000900999537214]]",1,66
408,531656492274,1,1,15,28,92,64,36.5,34.25,0.75,-0.4375,1.25,1.5,1000462,1000462,436|482,436|482,436,436,OTHER_COMPLETE_LINK_ORDER,0,"[[1000462,13.000910999537213],[1000634,13.000010999365402]]",1,93
409,531755820626,1,1,15,28,93,65,36.5,34.25,0.75,-0.4375,1.25,1.5,1000462,1000462,436|482,436|482,436,436,OTHER_COMPLETE_LINK_ORDER,0,"[[1000462,23.000920999537215]]",1,93
410,531855919164,1,1,15,28,94,66,37.0,34.5,0.625,-0.375,1.5,1.5,1000462,1000462,436|482,436|482,436,436,OTHER_COMPLETE_LINK_ORDER,0,"[[1000462,23.000930999537214]]",1,93
411,531956181379,1,1,15,28,95,67,37.25,34.5,0.625,-0.40625,1.5,1.5,1000462,1000462,436|482,436|482,436,436,OTHER_COMPLETE_LINK_ORDER,0,"[[1000462,23.000940999537214]]",1,93
412,532058228107,1,1,15,28,96,68,37.5,34.75,0.25,-0.15625,1.5,1.5,1000462,1000462,436|482,436|482,436,436,OTHER_COMPLETE_LINK_ORDER,0,"[[1000462,23.000950999537213]]",1,93
413,532156406685,1,1,15,28,97,69,37.5,34.75,0.25,-0.15625,1.5,1.5,1000462,1000462,436|482,436|482,436,436,OTHER_COMPLETE_LINK_ORDER,0,"[[1000462,23.000960999537213]]",1,93
414,532256320003,1,1,15,28,98,70,37.75,35.0,0.1875,-0.09375,1.5,1.5,1000462,1000462,436|482,436|482,436,436,OTHER_COMPLETE_LINK_ORDER,0,"[[1000462,23.000970999537213]]",1,93
415,532356206067,1,1,15,28,99,71,38.25,35.25,0.03125,-0.0625,1.5,1.5,1000462,1000462,436|482,436|482,436,436,OTHER_COMPLETE_LINK_ORDER,0,"[[1000462,23.000980999537212]]",1,93
416,532455921784,1,1,15,28,100,72,38.25,35.25,0.03125,-0.0625,1.5,1.5,1000462,1000462,436|482,436|482,436,436,OTHER_COMPLETE_LINK_ORDER,0,"[[1000462,23.000990999537215]]",1,93
417,532556238902,1,1,15,28,101,73,37.75,35.5,-0.0625,0.03125,1.25,1.25,1000462,1000462,436|482,436|482,436,436,OTHER_COMPLETE_LINK_ORDER,0,"[[1000462,23.001000999537215]]",1,93
418,532655929554,1,1,15,28,102,74,38.0,35.75,-0.125,-0.3125,1.25,1.25,1000462,1000462,436|482,436|482,436,436,OTHER_COMPLETE_LINK_ORDER,0,"[[1000462,23.001010999537215]]",1,93
419,532756602010,1,1,15,28,103,75,38.0,35.75,-0.125,-0.3125,1.25,1.25,1000462,1000462,436|482,436|482,436,436,OTHER_COMPLETE_LINK_ORDER,0,"[[1000462,23.001020999537214]]",1,93
420,532855756659,1,1,15,28,104,76,38.5,35.75,-0.21875,-0.375,1.25,1.25,1000462,1000462,436|482,436|482,436,436,OTHER_COMPLETE_LINK_ORDER,0,"[[1000462,23.001030999537214]]",1,93
421,532956474554,1,1,15,28,105,77,38.75,36.0,-0.4375,-0.28125,1.25,1.25,1000462,1000462,436|482,436|482,436,436,OTHER_COMPLETE_LINK_ORDER,0,"[[1000462,23.001040999537214]]",1,93
422,533056476468,1,1,15,28,106,78,39.0,36.25,-0.4375,-0.46875,1.25,1.25,1000462,1000462,436|482,436|482,436,436,OTHER_COMPLETE_LINK_ORDER,0,"[[1000462,23.001050999537213]]",1,93
423,533155825941,1,1,15,28,107,79,39.0,36.25,-0.4375,-0.46875,1.25,1.25,1000462,1000462,436|482,436|482,436,436,OTHER_COMPLETE_LINK_ORDER,0,"[[1000462,23.001060999537213]]",1,93
424,533256155311,1,1,15,28,108,80,39.25,36.25,-0.46875,-0.6875,1.0,1.25,1000462,1000462,436|482,436|482,436,436,OTHER_COMPLETE_LINK_ORDER,0,"[[1000462,23.001070999537212]]",1,93
425,533355527914,1,1,15,28,109,81,39.5,36.5,-0.21875,-0.65625,1.25,1.25,1000462,1000462,436|482,436|482,436,436,OTHER_COMPLETE_LINK_ORDER,0,"[[1000462,23.001080999537216]]",1,93
426,533456538459,1,1,15,28,110,82,39.5,36.5,-0.21875,-0.65625,1.25,1.25,1000462,1000462,436|482,436|482,436,436,OTHER_COMPLETE_LINK_ORDER,0,"[[1000462,23.001090999537215]]",1,93
427,533556480897,1,1,15,28,111,83,39.75,36.75,-0.21875,-0.625,1.0,1.25,1000462,1000462,436|482,436|482,436,436,OTHER_COMPLETE_LINK_ORDER,0,"[[1000462,23.001100999537215]]",1,93
428,533656388909,1,1,15,28,112,84,40.0,37.0,-0.3125,-0.65625,1.0,1.25,1000462,1000462,436|482,436|482,436,436,OTHER_COMPLETE_LINK_ORDER,0,"[[1000462,23.001110999537214]]",1,93
429,533757422943,1,1,15,28,113,85,40.0,37.0,-0.3125,-0.65625,1.0,1.25,1000462,1000462,436|482,436|482,436,436,OTHER_COMPLETE_LINK_ORDER,0,"[[1000462,23.001120999537214]]",1,93
430,533855947124,1,1,15,28,114,86,39.5,37.25,0.0,-0.21875,1.0,1.0,1000462,1000462,436|482,436|482,436,436,OTHER_COMPLETE_LINK_ORDER,0,"[[1000462,23.001130999537214]]",1,93
431,533956606633,1,1,15,28,115,87,39.5,37.25,0.03125,-0.5625,1.0,1.0,1000462,1000462,436|482,436|482,436,436,OTHER_COMPLETE_LINK_ORDER,0,"[[1000462,23.001140999537213]]",1,93
432,534055608669,1,1,15,28,116,88,39.5,37.25,0.03125,-0.5625,1.0,1.0,1000462,1000462,436|482,436|482,436,436,OTHER_COMPLETE_LINK_ORDER,0,"[[1000462,23.001150999537213]]",1,93
433,534156333020,1,1,15,28,117,89,39.75,37.5,-0.0625,-0.28125,1.0,1.0,1000462,1000462,436|482,436|482,436,436,OTHER_COMPLETE_LINK_ORDER,0,"[[1000462,23.001160999537213]]",1,93
434,534255847057,1,1,15,28,118,90,40.0,37.5,-0.125,-0.4375,1.0,1.0,1000462,1000462,436|482,436|482,436,436,OTHER_COMPLETE_LINK_ORDER,0,"[[1000462,23.001170999537212]]",1,93
435,534356606361,1,1,15,28,119,91,40.0,37.5,-0.125,-0.4375,1.0,1.0,1000462,1000462,436|482,436|482,436,436,OTHER_COMPLETE_LINK_ORDER,0,"[[1000462,23.001180999537215]]",1,93
436,534456087102,1,1,15,28,120,92,40.25,37.75,-0.0625,-0.75,1.0,1.0,1000462,1000462,436|482,436|482,436,436,OTHER_COMPLETE_LINK_ORDER,0,"[[1000462,23.001190999537215]]",1,93
437,534556306364,1,1,15,28,121,93,40.75,38.0,-0.1875,-0.59375,1.0,1.0,1000462,1000462,436|482,436|482,436,436,OTHER_COMPLETE_LINK_ORDER,0,"[[1000462,23.001200999537215]]",1,93
438,534655971735,1,1,15,28,122,94,40.75,38.0,-0.1875,-0.59375,1.0,1.0,1000462,1000462,436|482,436|482,436,436,OTHER_COMPLETE_LINK_ORDER,0,"[[1000462,23.001210999537214]]",1,93
439,534756077366,1,1,15,28,123,95,41.0,38.0,-0.125,-0.59375,1.0,1.0,1000462,1000462,436|482,436|482,436,436,OTHER_COMPLETE_LINK_ORDER,0,"[[1000462,23.001220999537214]]",1,93
440,534856159399,1,1,15,28,124,96,41.25,38.25,-0.09375,-0.5,1.0,1.0,1000462,1000462,436|482,436|482,436,436,OTHER_COMPLETE_LINK_ORDER,0,"[[1000462,23.001230999537214]]",1,93
441,534955862630,1,1,15,28,125,97,41.25,38.25,-0.09375,-0.5,1.0,1.0,1000462,1000462,436|482,436|482,436,436,OTHER_COMPLETE_LINK_ORDER,0,"[[1000462,23.001240999537213]]",1,93
442,535056082926,1,1,15,28,126,98,41.0,38.25,-0.15625,-0.5,1.0,1.0,1000462,1000462,436|482,436|482,436,436,OTHER_COMPLETE_LINK_ORDER,0,"[[1000462,23.001250999537213]]",1,93
443,535156040020,1,1,15,28,127,99,41.25,38.5,-0.0625,-0.09375,1.0,1.0,1000462,1000462,436|482,436|482,436,436,OTHER_COMPLETE_LINK_ORDER,0,"[[1000462,23.001260999537212]]",1,93
444,535256232268,1,1,15,28,128,100,41.25,38.5,-0.0625,-0.09375,1.0,1.0,1000462,1000462,436|482,436|482,436,436,OTHER_COMPLETE_LINK_ORDER,0,"[[1000462,23.001270999537216]]",1,93
445,535347626235,1,1,15,28,129,101,41.5,38.5,0.125,-0.0625,1.0,0.75,1000462,1000462,436|482,436|482,436,436,OTHER_COMPLETE_LINK_ORDER,0,"[[1000462,23.001280999537215]]",1,93
446,535457571698,1,1,15,28,130,102,41.75,38.75,0.15625,-0.03125,0.75,0.75,1000462,1000462,436|482,436|482,436,436,OTHER_COMPLETE_LINK_ORDER,0,"[[1000462,23.001290999537215]]",1,93
447,535558101089,1,1,15,28,131,103,42.0,39.0,0.1875,-0.03125,0.75,0.75,1000462,1000462,436|482,436|482,436,436,OTHER_COMPLETE_LINK_ORDER,0,"[[1000462,23.001300999537214]]",1,93
448,535656555801,1,1,15,28,132,104,42.0,39.0,0.1875,-0.03125,0.75,0.75,1000462,1000462,436|482,436|482,436,436,OTHER_COMPLETE_LINK_ORDER,0,"[[1000462,23.001310999537214]]",1,93
449,535746056604,1,1,15,28,133,105,42.0,39.0,0.1875,-0.03125,0.75,0.75,1000462,1000462,436|482,436|482,436,436,OTHER_COMPLETE_LINK_ORDER,0,"[[1000462,23.001320999537214]]",1,93
450,535845999536,1,1,15,28,134,106,42.25,39.0,0.1875,0.375,0.5,0.75,1000462,1000725,436,482,436,482,DISTANCE_DIAMETER,0.25,"[[1000462,10.001330999537213]]",1,37
451,535946292942,1,1,15,28,135,107,42.25,39.0,0.1875,0.375,0.5,0.75,1000462,1000725,436,482,436,482,DISTANCE_DIAMETER,0.25,"[[1000725,13.000010999274526]]",1,37
452,536046042731,1,1,15,28,136,108,42.25,39.25,0.1875,0.21875,0.5,0.5,1000462,1000725,436,482,436,482,OTHER_IMMATURE_PAIR,,"[[1000725,13.000020999274525]]",1,37
453,536145866506,1,1,15,28,137,109,42.25,39.25,0.125,-0.09375,0.5,0.5,1000462,1000725,436,482,436,482,OTHER_IMMATURE_PAIR,,"[[1000725,13.000030999274527]]",1,37
454,536245816638,1,1,15,28,138,110,42.25,39.25,0.125,-0.09375,0.5,0.5,1000462,1000462,436|482,436|482,436,436,OTHER_COMPLETE_LINK_ORDER,0,"[[1000462,13.001370999537214],[1000725,13.000040999274526]]",1,93
455,536346612507,1,1,15,28,139,111,42.25,39.25,0.25,0.03125,0.25,0.5,1000462,1000462,436|482,436|482,436,436,OTHER_COMPLETE_LINK_ORDER,0,"[[1000462,23.001380999537215]]",1,93
456,536446074312,1,1,15,28,140,112,42.5,39.5,0.09375,-0.21875,0.5,0.5,1000462,1000462,436|482,436|482,436,436,OTHER_COMPLETE_LINK_ORDER,0,"[[1000462,23.001390999537215]]",1,93
457,536545656137,1,1,15,28,141,113,42.5,39.5,0.09375,-0.21875,0.5,0.5,1000462,1000462,436|482,436|482,436,436,OTHER_COMPLETE_LINK_ORDER,0,"[[1000462,23.001400999537214]]",1,93
458,536645942457,1,1,15,28,142,114,42.5,39.5,0.3125,-0.125,0.5,0.5,1000462,1000462,436|482,436|482,436,436,OTHER_COMPLETE_LINK_ORDER,0,"[[1000462,23.001410999537214]]",1,93
459,536746021169,1,1,15,28,143,115,42.5,39.5,0.28125,-0.28125,0.25,0.5,1000462,1000462,436|482,436|482,436,436,OTHER_COMPLETE_LINK_ORDER,0,"[[1000462,23.001420999537213]]",1,93
460,536846270389,1,1,15,28,144,116,42.5,39.5,0.28125,-0.28125,0.25,0.5,1000462,1000462,436|482,436|482,436,436,OTHER_COMPLETE_LINK_ORDER,0,"[[1000462,23.001430999537213]]",1,93
461,536946838985,1,1,15,28,145,117,42.75,39.75,0.21875,-0.09375,0.25,0.5,1000462,1000462,436|482,436|482,436,436,OTHER_COMPLETE_LINK_ORDER,0,"[[1000462,23.001440999537213]]",1,93
462,537046489737,1,1,15,28,146,118,42.75,39.75,0.15625,-0.09375,0.25,0.5,1000462,1000462,436|482,436|482,436,436,OTHER_COMPLETE_LINK_ORDER,0,"[[1000462,23.001450999537212]]",1,93
463,537146104211,1,1,15,28,147,119,43.0,39.75,0.125,-0.71875,0.25,0.25,1000462,1000752,436,482,436,482,DISTANCE_DIAMETER,0.25,"[[1000462,10.001460999537214]]",1,65
464,537246020696,1,1,15,28,148,120,43.0,39.75,0.125,-0.71875,0.25,0.25,1000462,1000752,436,482,436,482,DISTANCE_DIAMETER,0.25,"[[1000752,13.000010999247566]]",1,65
465,537346521794,1,1,15,28,149,121,43.0,39.75,0.25,-0.5625,0.25,0.25,1000462,1000752,436,482,436,482,DISTANCE_DIAMETER,0.25,"[[1000752,13.000020999247566]]",1,65
466,537445712756,1,1,15,28,150,122,43.0,39.75,0.28125,-0.4375,0.25,0.25,1000462,1000752,436,482,436,482,DISTANCE_DIAMETER,0.25,"[[1000752,13.000030999247567]]",1,65
467,537546130708,1,1,15,28,151,123,43.0,39.75,0.28125,-0.4375,0.25,0.25,1000462,1000752,436,482,436,482,DISTANCE_DIAMETER,0.25,"[[1000752,13.000040999247567]]",1,65
468,537645976867,1,1,15,28,152,124,42.75,39.75,0.5,0.09375,0.25,0.25,1000462,1000752,436,482,436,482,OTHER_IMMATURE_PAIR,,"[[1000752,13.000050999247566]]",1,65
469,537746573774,1,1,15,28,153,125,42.75,40.0,0.53125,0.15625,0.0,0.25,1000462,1000752,436,482,436,482,OTHER_IMMATURE_PAIR,,"[[1000752,13.000060999247566]]",1,65
470,537846107179,1,1,15,28,154,126,42.75,40.0,0.65625,-0.03125,0.0,0.25,1000462,1000462,436|482,436|482,436,436,OTHER_COMPLETE_LINK_ORDER,0,"[[1000462,13.001530999537215],[1000752,13.000070999247566]]",1,93
471,537946470479,1,1,15,28,155,127,42.75,40.0,0.65625,-0.03125,0.0,0.25,1000462,1000462,436|482,436|482,436,436,OTHER_COMPLETE_LINK_ORDER,0,"[[1000462,23.001540999537212]]",1,93
472,538046061893,1,1,15,28,156,128,43.0,40.0,0.6875,0.21875,0.0,0.0,1000462,1000462,436|482,436|482,436,436,OTHER_COMPLETE_LINK_ORDER,0,"[[1000462,23.001550999537216]]",1,93
473,538146118615,1,1,15,28,157,129,43.0,40.0,0.71875,0.0625,0.0,0.0,1000462,1000462,436|482,436|482,436,436,OTHER_COMPLETE_LINK_ORDER,0,"[[1000462,23.001560999537215]]",1,93
474,538245782412,1,1,15,28,158,130,43.0,40.0,0.75,0.21875,0.0,0.0,1000462,1000462,436|482,436|482,436,436,OTHER_COMPLETE_LINK_ORDER,0,"[[1000462,23.001570999537215]]",1,93
475,538337495947,1,1,15,28,159,131,43.0,40.0,0.75,0.03125,0.0,0.0,1000462,1000462,436|482,436|482,436,436,OTHER_COMPLETE_LINK_ORDER,0,"[[1000462,23.001580999537214]]",1,93
476,538437672897,1,1,15,28,160,132,43.0,40.0,0.6875,-0.03125,0.0,0.0,1000462,1000462,436|482,436|482,436,436,OTHER_COMPLETE_LINK_ORDER,0,"[[1000462,23.001590999537214]]",1,93
477,538536199815,1,1,15,28,161,133,43.0,40.0,0.6875,-0.03125,0.0,0.0,1000462,1000462,436|482,436|482,436,436,OTHER_COMPLETE_LINK_ORDER,0,"[[1000462,23.001600999537214]]",1,93
478,538636359427,1,1,15,28,162,134,43.0,40.0,0.71875,0.03125,0.0,0.0,1000462,1000462,436|482,436|482,436,436,OTHER_COMPLETE_LINK_ORDER,0,"[[1000462,23.001610999537213]]",1,93
479,538735587472,1,1,15,28,163,135,43.0,40.0,0.84375,0.0625,-0.25,0.0,1000462,1000462,436|482,436|482,436,436,OTHER_COMPLETE_LINK_ORDER,0,"[[1000462,23.001620999537213]]",1,93
480,538836254059,1,1,15,28,164,136,43.0,40.0,0.875,-0.09375,-0.25,0.0,1000462,1000462,436|482,436|482,436,436,OTHER_COMPLETE_LINK_ORDER,0,"[[1000462,23.001630999537213]]",1,93
481,538936389634,1,1,15,28,165,137,43.0,40.0,0.875,-0.28125,0.0,0.0,1000462,1000462,436|482,436|482,436,436,OTHER_COMPLETE_LINK_ORDER,0,"[[1000462,23.001640999537212]]",1,93
482,539035682759,1,1,15,28,166,138,43.25,40.0,0.78125,-0.28125,0.0,0.0,1000462,1000790,436,482,436,482,DISTANCE_DIAMETER,0.25,"[[1000462,10.001650999537214]]",1,88
483,539135952749,1,1,15,28,167,139,43.25,40.0,0.59375,-0.21875,0.0,0.0,1000462,1000790,436,482,436,482,DISTANCE_DIAMETER,0.25,"[[1000790,13.000010999209625]]",1,88
484,539236192736,1,1,15,28,168,140,43.25,40.0,0.53125,-0.125,0.0,0.0,1000462,1000790,436,482,436,482,DISTANCE_DIAMETER,0.25,"[[1000790,13.000020999209625]]",1,88
485,539335716342,1,1,15,28,169,141,43.25,40.0,0.53125,-0.125,0.0,0.0,1000462,1000790,436,482,436,482,DISTANCE_DIAMETER,0.25,"[[1000790,13.000030999209626]]",1,88
486,539436266620,1,1,15,28,170,142,43.25,40.0,0.4375,-0.0625,0.0,0.0,1000462,1000790,436,482,436,482,DISTANCE_DIAMETER,0.25,"[[1000790,13.000040999209626]]",1,88
487,539536100518,1,1,15,28,171,143,43.25,40.0,0.40625,0.1875,0.0,0.0,1000462,1000790,436,482,436,482,DISTANCE_DIAMETER,0.25,"[[1000790,13.000050999209625]]",1,88
488,539635901653,1,1,15,28,172,144,43.25,40.0,0.28125,0.125,0.25,0.0,1000462,1000790,436,482,436,482,DISTANCE_DIAMETER,0.25,"[[1000790,13.000060999209625]]",1,88
489,539736565798,1,1,15,28,173,145,43.25,40.0,0.0625,0.09375,0.25,0.0,1000462,1000790,436,482,436,482,DISTANCE_DIAMETER,0.25,"[[1000790,13.000070999209624]]",1,88
490,539837893725,1,1,15,28,174,146,43.25,40.0,-0.125,-0.0625,0.25,0.0,1000462,1000790,436,482,436,482,DISTANCE_DIAMETER,0.25,"[[1000790,13.000080999209626]]",1,88
491,539938228783,1,1,15,28,175,147,43.25,40.0,-0.1875,0.03125,0.0,0.0,1000462,1000790,436,482,436,482,DISTANCE_DIAMETER,0.25,"[[1000790,13.000090999209625]]",1,88
492,540037992185,1,1,15,28,176,148,43.25,40.0,-0.1875,0.03125,0.0,0.0,1000462,1000790,436,482,436,482,DISTANCE_DIAMETER,0.25,"[[1000790,13.000100999209625]]",1,88
493,540136489745,1,1,15,28,177,149,43.25,40.0,-0.25,-0.09375,0.0,0.0,1000462,1000790,436,482,436,482,DISTANCE_DIAMETER,0.25,"[[1000790,13.000110999209625]]",1,88
494,540236272127,1,1,15,28,178,150,43.25,40.0,-0.5,-0.09375,0.0,0.0,1000462,1000790,436,482,436,482,DISTANCE_DIAMETER,0.25,"[[1000790,13.000120999209626]]",1,88
495,540335984918,1,1,15,28,179,151,43.25,40.0,-0.5625,-0.375,0.0,0.0,1000462,1000790,436,482,436,482,DISTANCE_DIAMETER,0.25,"[[1000790,13.000130999209626]]",1,88
496,540436549303,1,1,15,28,180,152,43.25,40.0,-0.625,-0.34375,0.0,0.0,1000462,1000790,436,482,436,482,DISTANCE_DIAMETER,0.25,"[[1000790,13.000140999209625]]",1,88
497,540535981190,1,1,15,28,181,153,43.25,40.0,-0.65625,-0.40625,0.0,0.0,1000462,1000790,436,482,436,482,DISTANCE_DIAMETER,0.25,"[[1000790,13.000150999209625]]",1,88
498,540636511611,1,1,15,28,182,154,43.0,40.0,-0.65625,-0.4375,-0.25,0.0,1000462,1000790,436,482,436,482,OTHER_IMMATURE_PAIR,,"[[1000790,13.000160999209625]]",1,88
499,540736378228,1,1,15,28,183,155,43.0,40.0,-0.65625,-0.4375,-0.25,0.0,1000462,1000790,436,482,436,482,OTHER_IMMATURE_PAIR,,"[[1000790,13.000170999209626]]",1,88
500,540836111480,1,1,15,28,184,156,43.0,40.0,-0.6875,-0.46875,-0.25,0.0,1000462,1000462,436|482,436|482,436,436,OTHER_COMPLETE_LINK_ORDER,0,"[[1000462,13.001830999537214],[1000790,13.000180999209626]]",1,93
501,540935947664,1,1,15,28,185,157,43.0,40.0,-0.625,-0.46875,-0.25,0.0,1000462,1000462,436|482,436|482,436,436,OTHER_COMPLETE_LINK_ORDER,0,"[[1000462,23.001840999537215]]",1,93
502,541036227532,1,1,15,28,186,158,43.0,40.0,-0.5625,-0.125,-0.25,0.0,1000462,1000462,436|482,436|482,436,436,OTHER_COMPLETE_LINK_ORDER,0,"[[1000462,23.001850999537215]]",1,93
503,541135854981,1,1,15,28,187,159,43.25,40.0,-0.53125,0.15625,0.0,0.0,1000462,1000817,436,482,436,482,DISTANCE_DIAMETER,0.25,"[[1000462,10.001860999537215]]",1,91
504,541236300024,1,1,15,28,188,160,43.25,40.0,-0.46875,0.0625,0.0,0.0,1000462,1000817,436,482,436,482,DISTANCE_DIAMETER,0.25,"[[1000817,13.000010999182669]]",1,91
505,541327271860,1,1,15,28,189,161,43.25,40.0,-0.5,0.03125,-0.25,0.0,1000462,1000817,436,482,436,482,DISTANCE_DIAMETER,0.25,"[[1000817,13.000020999182668]]",1,91
506,541427395953,1,1,15,28,190,162,43.25,40.0,-0.53125,0.0,-0.25,0.0,1000462,1000817,436,482,436,482,DISTANCE_DIAMETER,0.25,"[[1000817,13.00003099918267]]",1,91
507,541537103995,1,1,15,28,191,163,43.25,40.0,-0.15625,-0.03125,-0.25,0.0,1000462,1000817,436,482,436,482,DISTANCE_DIAMETER,0.25,"[[1000817,13.00004099918267]]",1,91
508,541635574250,1,1,15,28,192,164,43.25,40.0,-0.125,-0.125,-0.25,0.0,1000462,1000817,436,482,436,482,DISTANCE_DIAMETER,0.25,"[[1000817,13.000050999182669]]",1,91
509,541726209656,1,1,15,28,193,165,43.25,40.0,-0.15625,-0.15625,-0.25,0.0,1000462,1000817,436,482,436,482,DISTANCE_DIAMETER,0.25,"[[1000817,13.000060999182669]]",1,91
510,541825690705,1,1,15,28,194,166,43.0,40.0,-0.3125,-0.3125,-0.25,-0.25,1000462,1000817,436,482,436,482,OTHER_IMMATURE_PAIR,,"[[1000817,13.000070999182668]]",1,91
511,541925498367,1,1,15,28,195,167,43.0,40.0,-0.40625,-0.21875,-0.25,0.0,1000462,1000817,436,482,436,482,OTHER_IMMATURE_PAIR,,"[[1000817,13.00008099918267]]",1,91
512,542026359066,1,1,15,28,196,168,43.0,40.0,-0.40625,-0.21875,-0.25,0.0,1000462,1000462,436|482,436|482,436,436,OTHER_COMPLETE_LINK_ORDER,0,"[[1000462,13.001950999537215],[1000817,13.00009099918267]]",1,93
513,542126215669,1,1,15,28,197,169,43.0,40.0,-0.53125,-0.28125,-0.25,-0.25,1000462,1000462,436|482,436|482,436,436,OTHER_COMPLETE_LINK_ORDER,0,"[[1000462,23.001960999537214]]",1,93
514,542225793195,1,1,15,28,198,170,43.0,40.0,-0.4375,-0.28125,-0.25,-0.25,1000462,1000462,436|482,436|482,436,436,OTHER_COMPLETE_LINK_ORDER,0,"[[1000462,23.001970999537214]]",1,93
515,542326530732,1,1,15,28,199,171,43.0,40.0,-0.40625,-0.25,-0.25,-0.25,1000462,1000462,436|482,436|482,436,436,OTHER_COMPLETE_LINK_ORDER,0,"[[1000462,23.001980999537214]]",1,93
516,542426090855,1,1,15,28,200,172,43.0,40.0,-0.375,-0.3125,0.0,-0.25,1000462,1000462,436|482,436|482,436,436,OTHER_COMPLETE_LINK_ORDER,0,"[[1000462,23.001990999537213]]",1,93
517,542526160407,1,1,15,28,201,173,43.0,39.75,-0.375,-0.1875,0.0,-0.25,1000462,1000832,436,482,436,482,DISTANCE_DIAMETER,0.25,"[[1000462,10.002000999537215]]",1,52
518,542625554079,1,1,15,28,202,174,43.0,39.75,-0.8125,-0.21875,-0.5,-0.25,1000462,1000832,436,482,436,482,DISTANCE_DIAMETER,0.25,"[[1000832,13.000010999167692]]",1,52
519,542725856943,1,1,15,28,203,175,43.0,39.75,-0.65625,-0.25,-0.5,-0.5,1000462,1000832,436,482,436,482,DISTANCE_DIAMETER,0.25,"[[1000832,13.000020999167692]]",1,52
520,542826681965,1,1,15,28,204,176,43.0,39.75,-0.6875,-0.21875,-0.5,-0.5,1000462,1000832,436,482,436,482,DISTANCE_DIAMETER,0.25,"[[1000832,13.000030999167693]]",1,52
521,542927222245,1,1,15,28,205,177,42.75,39.75,-0.6875,-0.1875,-0.75,-0.5,1000462,1000832,436,482,436,482,OTHER_IMMATURE_PAIR,,"[[1000832,13.000040999167693]]",1,52
522,543027161859,1,1,15,28,206,178,42.75,39.75,-0.59375,-0.15625,-0.75,-0.5,1000462,1000832,436,482,436,482,OTHER_IMMATURE_PAIR,,"[[1000832,13.000050999167692]]",1,52
523,543125734508,1,1,15,28,207,179,42.75,39.5,-0.5625,-0.1875,-0.75,-0.75,1000462,1000832,436,482,436,482,DISTANCE_DIAMETER,0.25,"[[1000832,13.000060999167692]]",1,52
524,543225441783,1,1,15,28,208,180,42.75,39.5,-0.375,-0.28125,-0.75,-0.75,1000462,1000832,436,482,436,482,DISTANCE_DIAMETER,0.25,"[[1000832,13.000070999167692]]",1,52
525,543325572732,1,1,15,28,209,181,42.5,39.5,-0.28125,-0.25,-0.75,-0.75,1000462,1000832,436,482,436,482,OTHER_IMMATURE_PAIR,,"[[1000832,13.000080999167693]]",1,52
526,543425932041,1,1,15,28,210,182,42.5,39.25,-0.03125,-0.21875,-0.75,-0.75,1000462,1000832,436,482,436,482,DISTANCE_DIAMETER,0.25,"[[1000832,13.000090999167693]]",1,52
527,543525711902,1,1,15,28,211,183,42.25,39.25,0.0625,-0.15625,-0.75,-0.75,1000462,1000832,436,482,436,482,OTHER_IMMATURE_PAIR,,"[[1000832,13.000100999167692]]",1,52
528,543626491820,1,1,15,28,212,184,42.25,39.25,0.28125,-0.125,-0.75,-0.75,1000462,1000832,436,482,436,482,OTHER_IMMATURE_PAIR,,"[[1000832,13.000110999167692]]",1,52
529,543725910774,1,1,15,28,213,185,42.25,39.0,0.34375,0.0,-0.75,-0.75,1000462,1000832,436,482,436,482,DISTANCE_DIAMETER,0.25,"[[1000832,13.000120999167693]]",1,52
530,543825949651,1,1,15,28,214,186,42.25,39.0,0.40625,-0.15625,-0.75,-0.75,1000462,1000832,436,482,436,482,DISTANCE_DIAMETER,0.25,"[[1000832,13.000130999167693]]",1,52
531,543925939220,1,1,15,28,215,187,42.25,39.0,0.46875,-0.21875,-0.75,-0.75,1000462,1000832,436,482,436,482,DISTANCE_DIAMETER,0.25,"[[1000832,13.000140999167693]]",1,52
532,544026515052,1,1,15,28,216,188,42.0,39.0,0.65625,-0.125,-0.75,-0.75,1000462,1000832,436,482,436,482,OTHER_IMMATURE_PAIR,,"[[1000832,13.000150999167692]]",1,52
533,544125961580,1,1,15,28,217,189,42.0,39.0,0.6875,-0.375,-0.75,-0.75,1000462,1000832,436,482,436,482,OTHER_IMMATURE_PAIR,,"[[1000832,13.000160999167692]]",1,52
534,544225574562,1,1,15,28,218,190,41.75,38.75,0.71875,-0.25,-0.75,-0.75,1000462,1000462,436|482,436|482,436,436,OTHER_COMPLETE_LINK_ORDER,0,"[[1000462,13.002170999537213],[1000832,13.000170999167693]]",1,93
535,544326581969,1,1,15,28,219,191,41.75,38.75,0.8125,-0.1875,-0.75,-0.75,1000462,1000462,436|482,436|482,436,436,OTHER_COMPLETE_LINK_ORDER,0,"[[1000462,23.002180999537213]]",1,93
536,544426086705,1,1,15,28,220,192,41.5,38.75,0.875,-0.46875,-0.75,-0.75,1000462,1000462,436|482,436|482,436,436,OTHER_COMPLETE_LINK_ORDER,0,"[[1000462,23.002190999537213]]",1,93
537,544526502938,1,1,15,28,221,193,41.5,38.5,0.96875,-0.5625,-0.75,-0.75,1000462,1000849,436,482,436,482,LATERAL_DIAMETER,0.03125,"[[1000462,10.002200999537214]]",1,35
538,544626784733,1,1,15,28,222,194,41.5,38.5,0.65625,-0.65625,-0.75,-0.75,1000462,1000849,436,482,436,482,OTHER_IMMATURE_PAIR,,"[[1000849,13.000010999150721]]",1,35
539,544729205479,1,1,15,28,223,195,41.25,38.5,0.53125,-0.53125,-0.75,-0.75,1000462,1000849,436,482,436,482,OTHER_IMMATURE_PAIR,,"[[1000849,13.00002099915072]]",1,35
540,544825899906,1,1,15,28,224,196,41.0,38.25,0.34375,-0.5,-0.75,-0.75,1000462,1000462,436|482,436|482,436,436,OTHER_COMPLETE_LINK_ORDER,0,"[[1000462,13.002230999537215],[1000849,13.000030999150722]]",1,93
541,544926290727,1,1,15,28,225,197,41.0,38.25,0.1875,-0.5,-0.75,-0.75,1000462,1000462,436|482,436|482,436,436,OTHER_COMPLETE_LINK_ORDER,0,"[[1000462,23.002240999537214]]",1,93
542,545026310656,1,1,15,28,226,198,41.0,38.25,0.125,-0.40625,-0.75,-0.75,1000462,1000462,436|482,436|482,436,436,OTHER_COMPLETE_LINK_ORDER,0,"[[1000462,23.002250999537214]]",1,93
543,545125961789,1,1,15,28,227,199,41.0,38.25,0.09375,-0.28125,-0.75,-0.75,1000462,1000462,436|482,436|482,436,436,OTHER_COMPLETE_LINK_ORDER,0,"[[1000462,23.002260999537214]]",1,93
544,545225960444,1,1,15,28,228,200,41.0,38.0,0.03125,-0.3125,-0.5,-0.75,1000462,1000462,436|482,436|482,436,436,OTHER_COMPLETE_LINK_ORDER,0,"[[1000462,23.002270999537213]]",1,93
545,545326083576,1,1,15,28,229,201,40.75,38.0,0.15625,-0.15625,-0.5,-0.75,1000462,1000462,436|482,436|482,436,436,OTHER_COMPLETE_LINK_ORDER,0,"[[1000462,23.002280999537213]]",1,93
546,545425949438,1,1,15,28,230,202,40.75,38.0,0.0,0.03125,-0.5,-0.75,1000462,1000462,436|482,436|482,436,436,OTHER_COMPLETE_LINK_ORDER,0,"[[1000462,23.002290999537212]]",1,93
547,545526440910,1,1,15,28,231,203,40.75,37.75,-0.125,0.0625,-0.5,-0.75,1000462,1000462,436|482,436|482,436,436,OTHER_COMPLETE_LINK_ORDER,0,"[[1000462,23.002300999537216]]",1,93
548,545626478909,1,1,15,28,232,204,40.75,37.75,-0.1875,-0.1875,-0.75,-0.75,1000462,1000462,436|482,436|482,436,436,OTHER_COMPLETE_LINK_ORDER,0,"[[1000462,23.002310999537215]]",1,93
549,545726097478,1,1,15,28,233,205,40.75,37.75,-0.1875,-0.1875,-0.75,-0.75,1000462,1000462,436|482,436|482,436,436,OTHER_COMPLETE_LINK_ORDER,0,"[[1000462,23.002320999537215]]",1,93
550,545826173210,1,1,15,28,234,206,40.25,37.5,-0.21875,-0.15625,-1.0,-1.0,1000462,1000462,436|482,436|482,436,436,OTHER_COMPLETE_LINK_ORDER,0,"[[1000462,23.002330999537214]]",1,93
551,545926656678,1,1,15,28,235,207,40.25,37.5,-0.09375,-0.125,-1.0,-1.0,1000462,1000462,436|482,436|482,436,436,OTHER_COMPLETE_LINK_ORDER,0,"[[1000462,23.002340999537214]]",1,93
552,546017956505,1,1,15,28,236,208,40.25,37.5,-0.3125,-0.4375,-1.25,-1.0,1000462,1000462,436|482,436|482,436,436,OTHER_COMPLETE_LINK_ORDER,0,"[[1000462,23.002350999537214]]",1,93
553,546118337249,1,1,15,28,237,209,40.0,37.25,-0.15625,-0.59375,-1.25,-1.0,1000462,1000462,436|482,436|482,436,436,OTHER_COMPLETE_LINK_ORDER,0,"[[1000462,23.002360999537213]]",1,93
554,546216462145,1,1,15,28,238,210,40.0,37.25,0.03125,-0.4375,-1.0,-1.0,1000462,1000462,436|482,436|482,436,436,OTHER_COMPLETE_LINK_ORDER,0,"[[1000462,23.002370999537213]]",1,93
555,546315724274,1,1,15,28,239,211,40.0,37.25,0.0625,-0.34375,-1.25,-1.0,1000462,1000462,436|482,436|482,436,436,OTHER_COMPLETE_LINK_ORDER,0,"[[1000462,23.002380999537213]]",1,93
556,546415672601,1,1,15,28,240,212,40.0,37.0,0.03125,-0.125,-1.25,-1.25,1000462,1000462,436|482,436|482,436,436,OTHER_COMPLETE_LINK_ORDER,0,"[[1000462,23.002390999537212]]",1,93
557,546516090417,1,1,15,28,241,213,40.0,36.75,0.0,-0.125,-1.25,-1.25,1000462,1000866,436,482,436,482,DISTANCE_DIAMETER,0.25,"[[1000462,10.002400999537214]]",1,66
558,546616499032,1,1,15,28,242,214,40.0,36.75,0.0,-0.125,-1.25,-1.25,1000462,1000866,436,482,436,482,DISTANCE_DIAMETER,0.25,"[[1000866,13.000010999133751]]",1,66
559,546715604388,1,1,15,28,243,215,39.75,36.75,-0.0625,-0.15625,-1.25,-1.25,1000462,1000866,436,482,436,482,OTHER_IMMATURE_PAIR,,"[[1000866,13.000020999133751]]",1,66
560,546816432852,1,1,15,28,244,216,39.75,36.5,-0.03125,-0.28125,-1.25,-1.25,1000462,1000866,436,482,436,482,DISTANCE_DIAMETER,0.25,"[[1000866,13.000030999133752]]",1,66
561,546916511442,1,1,15,28,245,217,39.5,36.25,0.0,-0.09375,-1.25,-1.5,1000462,1000866,436,482,436,482,DISTANCE_DIAMETER,0.25,"[[1000866,13.000040999133752]]",1,66
562,547016351355,1,1,15,28,246,218,39.5,36.25,-0.03125,-0.125,-1.25,-1.5,1000462,1000866,436,482,436,482,DISTANCE_DIAMETER,0.25,"[[1000866,13.000050999133752]]",1,66
563,547115989389,1,1,15,28,247,219,39.25,36.0,-0.03125,-0.125,-1.5,-1.5,1000462,1000866,436,482,436,482,DISTANCE_DIAMETER,0.25,"[[1000866,13.000060999133751]]",1,66
564,547216386000,1,1,15,28,248,220,39.0,35.75,-0.03125,-0.125,-1.5,-1.5,1000462,1000866,436,482,436,482,DISTANCE_DIAMETER,0.25,"[[1000866,13.00007099913375]]",1,66
565,547316172543,1,1,15,28,249,221,38.75,35.75,0.0,-0.0625,-1.5,-1.5,1000462,1000866,436,482,436,482,OTHER_IMMATURE_PAIR,,"[[1000866,13.000080999133752]]",1,66
566,547416106521,1,1,15,28,250,222,38.75,35.75,0.0,-0.0625,-1.5,-1.5,1000462,1000866,436,482,436,482,OTHER_IMMATURE_PAIR,,"[[1000866,13.000090999133752]]",1,66
567,547515694370,1,1,15,28,251,223,38.75,35.5,-0.15625,-0.0625,-1.75,-1.75,1000462,1000866,436,482,436,482,DISTANCE_DIAMETER,0.25,"[[1000866,13.000100999133752]]",1,66
568,547616272467,1,1,15,28,252,224,38.0,35.25,-0.09375,0.09375,-1.75,-1.75,1000462,1000866,436,482,436,482,OTHER_IMMATURE_PAIR,,"[[1000866,13.000110999133751]]",1,66
569,547717354527,1,1,15,28,253,225,37.75,35.0,0.03125,0.0,-1.75,-1.75,1000462,1000866,436,482,436,482,OTHER_IMMATURE_PAIR,,"[[1000866,13.000120999133753]]",1,66
570,547816496951,1,1,15,28,254,226,37.5,35.0,-0.1875,-0.15625,-1.75,-1.75,1000462,1000462,436|482,436|482,436,436,OTHER_COMPLETE_LINK_ORDER,0,"[[1000462,13.002530999537214],[1000866,13.000130999133752]]",1,93
571,547915692245,1,1,15,28,255,227,37.25,34.75,-0.21875,-0.03125,-1.75,-1.75,1000462,1000462,436|482,436|482,436,436,OTHER_COMPLETE_LINK_ORDER,0,"[[1000462,23.002540999537214]]",1,93
572,548016421719,1,1,15,28,256,228,37.25,34.5,-0.34375,0.1875,-2.0,-1.75,1000462,1000462,436|482,436|482,436,436,OTHER_COMPLETE_LINK_ORDER,0,"[[1000462,23.002550999537213]]",1,93
573,548115793308,1,1,15,28,257,229,37.25,34.25,-0.28125,0.0625,-2.0,-1.75,1000462,1000462,436|482,436|482,436,436,OTHER_COMPLETE_LINK_ORDER,0,"[[1000462,23.002560999537213]]",1,93
574,548216197786,1,1,15,28,258,230,37.0,34.0,-0.25,0.0625,-2.0,-2.0,1000462,1000462,436|482,436|482,436,436,OTHER_COMPLETE_LINK_ORDER,0,"[[1000462,23.002570999537213]]",1,93
575,548316397983,1,1,15,28,259,231,37.0,34.0,-0.1875,0.0625,-2.0,-2.0,1000462,1000462,436|482,436|482,436,436,OTHER_COMPLETE_LINK_ORDER,0,"[[1000462,23.002580999537212]]",1,93
576,548415704110,1,1,15,28,260,232,37.0,34.0,-0.1875,0.0625,-2.0,-2.0,1000462,1000462,436|482,436|482,436,436,OTHER_COMPLETE_LINK_ORDER,0,"[[1000462,23.002590999537215]]",1,93
577,548515727375,1,1,15,28,261,233,36.25,33.75,-0.15625,0.03125,-2.0,-2.0,1000462,1000462,436|482,436|482,436,436,OTHER_COMPLETE_LINK_ORDER,0,"[[1000462,23.002600999537215]]",1,93
578,548615637088,1,1,15,28,262,234,36.0,33.5,-0.09375,0.0625,-2.0,-2.0,1000462,1000462,436|482,436|482,436,436,OTHER_COMPLETE_LINK_ORDER,0,"[[1000462,23.002610999537215]]",1,93
579,548716176644,1,1,15,28,263,235,35.75,33.25,0.0,0.0625,-2.25,-2.0,1000462,1000462,436|482,436|482,436,436,OTHER_COMPLETE_LINK_ORDER,0,"[[1000462,23.002620999537214]]",1,93
580,548816603583,1,1,15,28,264,236,35.25,33.0,0.0,0.09375,-2.25,-2.25,1000462,1000462,436|482,436|482,436,436,OTHER_COMPLETE_LINK_ORDER,0,"[[1000462,23.002630999537214]]",1,93
581,548916438893,1,1,15,28,265,237,34.75,32.75,0.0625,0.03125,-2.25,-2.25,1000462,1000462,436|482,436|482,436,436,OTHER_COMPLETE_LINK_ORDER,0,"[[1000462,23.002640999537213]]",1,93
582,549016216850,1,1,15,28,266,238,34.5,32.5,0.34375,-0.1875,-2.25,-2.25,1000462,1000462,436|482,436|482,436,436,OTHER_COMPLETE_LINK_ORDER,0,"[[1000462,23.002650999537213]]",1,93
583,549116958162,1,1,15,28,267,239,34.0,32.25,0.46875,-0.34375,-2.25,-2.25,1000462,1000882,436,482,436,482,LATERAL_GROWTH,0.03125,"[[1000462,10.002660999537214]]",1,48
584,549217218683,1,1,15,28,268,240,34.0,32.25,0.46875,-0.34375,-2.25,-2.25,1000462,1000882,436,482,436,482,LATERAL_GROWTH,0.03125,"[[1000882,13.000010999117778]]",1,48
585,549316685810,1,1,15,28,269,241,33.5,32.0,0.40625,-0.3125,-2.25,-2.25,1000462,1000462,436|482,436|482,436,436,OTHER_COMPLETE_LINK_ORDER,0,"[[1000462,13.002680999537214],[1000882,13.000020999117778]]",1,93
586,549416209043,1,1,15,28,270,242,33.25,31.75,0.625,-0.34375,-2.5,-2.5,1000462,1000884,436,482,436,482,LATERAL_GROWTH,0.1875,"[[1000462,10.002690999537213]]",1,68
587,549516907027,1,1,15,28,271,243,32.75,31.5,0.4375,-0.09375,-2.5,-2.5,1000462,1000462,436|482,436|482,436,436,OTHER_COMPLETE_LINK_ORDER,0,"[[1000462,13.002700999537215],[1000884,13.000010999115782]]",1,93
588,549616433952,1,1,15,28,272,244,32.25,31.25,0.40625,0.0625,-2.5,-2.5,1000462,1000462,436|482,436|482,436,436,OTHER_COMPLETE_LINK_ORDER,0,"[[1000462,23.002710999537214]]",1,93
589,549716909331,1,1,15,28,273,245,31.75,30.75,0.375,0.09375,-2.5,-2.5,1000462,1000462,436|482,436|482,436,436,OTHER_COMPLETE_LINK_ORDER,0,"[[1000462,23.002720999537214]]",1,93
590,549815835881,1,1,15,28,274,246,31.25,30.5,0.375,0.21875,-2.5,-2.5,1000462,1000462,436|482,436|482,436,436,OTHER_COMPLETE_LINK_ORDER,0,"[[1000462,23.002730999537214]]",1,93
591,549916133268,0,1,,28,,247,,30.25,,-0.03125,,-2.5,,1000462,,482,,482,RAW_DROPOUT,,"[[1000462,10.002740999537213]]",1,93
592,550015650122,0,1,,28,,248,,30.0,,-0.46875,,-2.5,,1000462,,482,,482,RAW_DROPOUT,,"[[1000462,13.002750999537215]]",1,93
593,550116592106,0,1,,28,,249,,30.0,,-0.46875,,-2.5,,1000462,,482,,482,RAW_DROPOUT,,"[[1000462,13.002760999537214]]",1,93
594,550216108988,0,1,,28,,250,,29.75,,-0.46875,,-2.5,,1000462,,482,,482,RAW_DROPOUT,,"[[1000462,13.002770999537214]]",1,93
595,550315811939,0,1,,28,,251,,29.5,,-0.3125,,-2.5,,1000462,,482,,482,RAW_DROPOUT,,"[[1000462,13.002780999537213]]",1,93
596,550415963422,0,1,,28,,252,,29.0,,-0.15625,,-2.5,,1000462,,482,,482,RAW_DROPOUT,,"[[1000462,13.002790999537213]]",1,93
597,550516358959,0,1,,28,,253,,28.75,,-0.1875,,-2.75,,1000462,,482,,482,RAW_DROPOUT,,"[[1000462,13.002800999537214]]",1,93
598,550607558677,0,1,,28,,254,,28.5,,-0.0625,,-2.75,,1000462,,482,,482,RAW_DROPOUT,,"[[1000462,13.002810999537214]]",1,93
599,550716495826,0,1,,28,,255,,28.25,,-0.125,,-2.75,,1000462,,482,,482,RAW_DROPOUT,,"[[1000462,13.002820999537214]]",1,93
