key,policy,scans,baseline_rep_changes,candidate_rep_changes,suppressed_transitions,suppressed_pingpong_returns,grouping_mismatch,pid_mismatch,member_mismatch,stale_representative,publication_changed_scans,legacy_p1_publication_changed_scans,publication_set_changed_scans,alias_changed_scans,aLead_changed_scans,radarstate_changed_scans,planner_input_changed_scans,lead_coordinate_only,lead_id_changed,lead_gain,lead_loss,lead1_lead2_change,lead_aLead_changed,state_peak,cutin_delay_ms,cutin_target_coordinate_changed_scans,route2bc_window_scans,route2bc_window_regression_scans,route2bc_window_rep_changes,p0_publication_duration_delta_scans
00000243--a4d9c0a5dd--0,E,621,64,54,11,5,0,126,126,0,269,269,126,238,144,0,0,0,0,0,0,0,0,0,,,,,,
00000245--2c15eb5d45--12,E,600,39,35,6,3,0,0,0,0,6,6,0,0,11,0,0,0,0,0,0,0,0,0,,,,,,
00000245--2c15eb5d45--19,E,600,133,115,25,14,0,42,42,0,253,253,34,235,163,0,0,0,0,0,0,0,0,0,,,,,,
00000245--2c15eb5d45--21,E,600,170,164,7,4,0,0,0,0,7,7,0,0,25,0,0,0,0,0,0,0,0,0,,,,,,
00000245--2c15eb5d45--32,E,600,27,27,2,1,0,0,0,0,5,5,0,0,29,0,0,0,0,0,0,0,0,0,,,,,,
00000245--2c15eb5d45--7,E,600,170,151,27,19,0,2,2,0,296,296,2,275,46,0,0,0,0,0,0,0,0,0,,,,,,
00000247--b657952782--0,E,619,112,88,26,11,0,2,2,0,86,86,4,4,140,0,0,0,0,0,0,0,0,0,,,,,,
00000247--b657952782--1,E,600,145,123,27,13,0,38,38,0,309,309,25,239,169,0,0,0,0,0,0,0,0,0,,,,,,
00000247--b657952782--10,E,600,4,4,0,0,0,0,0,0,0,0,0,0,0,0,0,0,0,0,0,0,0,0,,,,,,
00000247--b657952782--11,E,600,3,3,0,0,0,0,0,0,0,0,0,0,0,0,0,0,0,0,0,0,0,0,,,,,,
00000247--b657952782--12,E,600,42,39,4,2,0,0,0,0,15,15,0,0,22,0,0,0,0,0,0,0,0,0,,,,,,
00000247--b657952782--13,E,600,76,73,6,2,0,0,0,0,33,33,0,0,51,0,0,0,0,0,0,0,0,0,,,,,,
00000247--b657952782--14,E,600,37,34,4,0,0,51,51,0,112,112,37,82,52,0,0,0,0,0,0,0,0,0,,,,,,
00000247--b657952782--15,E,600,53,49,5,1,0,13,13,0,108,108,12,99,41,0,0,0,0,0,0,0,0,0,,,,,,
00000247--b657952782--16,E,600,36,32,6,3,0,0,0,0,9,9,0,0,36,0,0,0,0,0,0,0,0,0,,,,,,
00000247--b657952782--17,E,600,115,113,4,2,0,19,19,0,28,28,18,18,5,0,0,0,0,0,0,0,0,0,,,,,,
00000247--b657952782--18,E,600,60,58,3,1,0,0,0,0,3,3,0,0,3,0,0,0,0,0,0,0,0,0,,,,,,
00000247--b657952782--19,E,600,61,57,5,4,0,0,0,0,7,7,0,0,0,0,0,0,0,0,0,0,0,0,,,,,,
00000247--b657952782--2,E,599,76,66,12,4,0,279,279,0,330,330,268,317,234,59,59,0,59,0,0,0,0,0,,,,,,
00000247--b657952782--20,E,600,99,89,10,5,0,2,2,0,18,18,0,0,22,0,0,0,0,0,0,0,0,0,,,,,,
00000247--b657952782--21,E,600,62,55,9,7,0,0,0,0,9,9,0,0,27,0,0,0,0,0,0,0,0,0,,,,,,
00000247--b657952782--22,E,600,79,75,7,3,0,1,1,0,312,312,1,282,98,0,0,0,0,0,0,0,0,0,,,,,,
00000247--b657952782--23,E,600,35,26,10,5,0,2,2,0,65,65,2,50,49,0,0,0,0,0,0,0,0,0,,,,,,
00000247--b657952782--24,E,600,250,219,33,23,0,8,8,0,177,177,2,164,137,0,0,0,0,0,0,0,0,0,,,,,,
00000247--b657952782--25,E,600,293,239,60,48,0,21,21,0,291,291,9,260,81,0,0,0,0,0,0,0,0,0,,,,,,
00000247--b657952782--26,E,600,196,195,2,0,0,22,22,0,141,141,21,137,12,0,0,0,0,0,0,0,0,0,,,,,,
00000247--b657952782--27,E,600,248,213,43,27,0,1,1,0,50,50,0,0,84,0,0,0,0,0,0,0,0,0,,,,,,
00000247--b657952782--28,E,600,179,179,0,0,0,0,0,0,0,0,0,0,0,0,0,0,0,0,0,0,0,0,,,,,,
00000247--b657952782--29,E,600,136,119,20,9,0,5,5,0,128,128,5,96,47,0,0,0,0,0,0,0,0,0,,,,,,
00000247--b657952782--3,E,600,33,21,13,9,0,0,0,0,15,15,0,0,39,0,0,0,0,0,0,0,0,0,,,,,,
00000247--b657952782--30,E,599,57,54,4,3,0,0,0,0,4,4,0,0,1,0,0,0,0,0,0,0,0,0,,,,,,
00000247--b657952782--31,E,600,139,139,1,0,0,0,0,0,7,7,0,0,13,0,0,0,0,0,0,0,0,0,,,,,,
00000247--b657952782--32,E,599,81,72,10,3,0,71,71,0,397,397,71,387,59,0,0,0,0,0,0,0,0,0,,,,,,
00000247--b657952782--33,E,599,34,28,6,2,0,28,28,0,159,159,27,155,50,0,0,0,0,0,0,0,0,0,,,,,,
00000247--b657952782--34,E,599,5,5,0,0,0,0,0,0,0,0,0,0,0,0,0,0,0,0,0,0,0,0,,,,,,
00000247--b657952782--35,E,599,34,30,4,2,0,0,0,0,3,3,0,0,0,0,0,0,0,0,0,0,0,0,,,,,,
00000247--b657952782--36,E,599,45,38,6,1,0,396,396,0,401,401,396,396,280,0,0,0,0,0,0,0,0,0,,,,,,
00000247--b657952782--37,E,599,19,17,3,1,0,0,0,0,2,2,0,0,14,0,0,0,0,0,0,0,0,0,,,,,,
00000247--b657952782--38,E,599,73,64,11,5,0,0,0,0,29,29,0,0,97,0,0,0,0,0,0,0,0,0,,,,,,
00000247--b657952782--39,E,585,37,37,1,0,0,0,0,0,1,1,0,0,20,0,0,0,0,0,0,0,0,0,,,,,,
00000247--b657952782--4,E,599,15,13,2,1,0,0,0,0,12,12,0,0,18,0,0,0,0,0,0,0,0,0,,,,,,
00000247--b657952782--5,E,599,58,52,8,3,0,0,0,0,13,13,0,0,46,0,0,0,0,0,0,0,0,0,,,,,,
00000247--b657952782--6,E,600,79,59,23,16,0,43,43,0,189,189,41,184,126,0,0,0,0,0,0,0,0,0,,,,,,
00000247--b657952782--7,E,600,47,36,11,9,0,8,8,0,18,18,1,1,40,0,0,0,0,0,0,0,0,0,,,,,,
00000247--b657952782--8,E,599,20,17,5,3,0,317,317,0,328,328,313,313,155,0,0,0,0,0,0,0,0,0,,,,,,
00000247--b657952782--9,E,600,18,18,0,0,0,0,0,0,0,0,0,0,0,0,0,0,0,0,0,0,0,0,,,,,,
00000250--8354d55131--0,E,621,70,70,0,0,0,0,0,0,0,0,0,0,0,0,0,0,0,0,0,0,0,0,,,,,,
00000250--8354d55131--1,E,599,94,91,3,1,0,0,0,0,10,10,0,0,53,0,0,0,0,0,0,0,0,0,,,,,,
00000250--8354d55131--2,E,377,1,1,0,0,0,0,0,0,0,0,0,0,0,0,0,0,0,0,0,0,0,0,,,,,,
00000252--d191bee66c--0,E,617,50,45,6,3,0,0,0,0,42,42,0,0,60,8,8,0,3,2,0,0,3,0,,,,,,
00000252--d191bee66c--1,E,600,36,34,3,0,0,363,363,0,367,367,363,363,85,305,305,0,305,0,0,0,0,0,,,,,,
00000252--d191bee66c--2,E,333,3,3,0,0,0,0,0,0,0,0,0,0,0,0,0,0,0,0,0,0,0,0,,,,,,
00000254--0ac259250e--0,E,620,51,49,3,1,0,0,0,0,3,3,0,0,29,0,0,0,0,0,0,0,0,0,,,,,,
00000254--0ac259250e--1,E,600,85,75,12,5,0,11,11,0,92,92,9,68,79,0,0,0,0,0,0,0,0,0,,,,,,
00000254--0ac259250e--10,E,599,28,21,8,3,0,0,0,0,12,12,0,0,72,0,0,0,0,0,0,0,0,0,,,,,,
00000254--0ac259250e--11,E,599,83,64,23,12,0,29,29,0,302,302,28,276,116,0,0,0,0,0,0,0,0,0,,,,,,
00000254--0ac259250e--12,E,600,106,93,15,10,0,39,39,0,328,328,33,294,63,66,66,0,66,0,0,0,0,0,,,,,,
00000254--0ac259250e--13,E,600,3,3,0,0,0,0,0,0,0,0,0,0,0,0,0,0,0,0,0,0,0,0,,,,,,
00000254--0ac259250e--14,E,600,36,27,10,5,0,0,0,0,37,37,0,0,63,0,0,0,0,0,0,0,0,0,,,,,,
00000254--0ac259250e--15,E,600,26,20,7,3,0,2,2,0,377,377,2,333,83,0,0,0,0,0,0,0,0,0,,,,,,
00000254--0ac259250e--16,E,600,5,5,0,0,0,0,0,0,0,0,0,0,0,0,0,0,0,0,0,0,0,0,,,,,,
00000254--0ac259250e--17,E,600,69,50,21,10,0,5,5,0,333,333,3,272,103,0,0,0,0,0,0,0,0,0,,,,,,
00000254--0ac259250e--18,E,600,25,21,4,1,0,12,12,0,20,20,10,10,68,0,0,0,0,0,0,0,0,0,,,,,,
00000254--0ac259250e--19,E,600,165,117,53,42,0,0,0,0,37,37,0,0,80,0,0,0,0,0,0,0,0,0,,,,,,
00000254--0ac259250e--2,E,599,105,91,16,7,0,18,18,0,309,309,16,255,137,4,4,0,0,0,0,0,4,0,,,,,,
00000254--0ac259250e--20,E,600,98,82,21,12,0,7,7,0,275,275,5,236,109,1,1,0,1,0,0,0,0,0,,,,,,
00000254--0ac259250e--21,E,599,38,38,1,0,0,0,0,0,4,4,0,0,21,0,0,0,0,0,0,0,0,0,,,,,,
00000254--0ac259250e--22,E,600,68,56,14,7,0,170,170,0,183,183,170,170,206,121,121,0,121,0,0,0,0,0,,,,,,
00000254--0ac259250e--23,E,600,100,84,25,14,0,0,0,0,59,59,0,0,126,0,0,0,0,0,0,0,0,0,,,,,,
00000254--0ac259250e--24,E,600,84,67,21,13,0,92,92,0,241,241,32,160,153,0,0,0,0,0,0,0,0,0,,,,,,
00000254--0ac259250e--25,E,600,47,41,8,5,0,0,0,0,35,35,0,0,360,0,0,0,0,0,0,0,0,0,,,,,,
00000254--0ac259250e--26,E,600,96,76,22,12,0,66,66,0,323,323,58,284,111,0,0,0,0,0,0,0,0,0,,,,,,
00000254--0ac259250e--27,E,600,23,23,0,0,0,0,0,0,0,0,0,0,0,0,0,0,0,0,0,0,0,0,,,,,,
00000254--0ac259250e--28,E,600,38,36,2,1,0,0,0,0,10,10,0,0,60,0,0,0,0,0,0,0,0,0,,,,,,
00000254--0ac259250e--29,E,600,149,129,22,12,0,0,0,0,21,21,0,0,128,0,0,0,0,0,0,0,0,0,,,,,,
00000254--0ac259250e--3,E,599,50,45,7,1,0,42,42,0,145,145,26,127,110,0,0,0,0,0,0,0,0,0,,,,,,
00000254--0ac259250e--30,E,599,112,91,29,15,0,13,13,0,70,70,4,4,189,0,0,0,0,0,0,0,0,0,,,,,,
00000254--0ac259250e--31,E,600,1,1,0,0,0,0,0,0,0,0,0,0,0,0,0,0,0,0,0,0,0,0,,,,,,
00000254--0ac259250e--32,E,600,2,2,0,0,0,0,0,0,0,0,0,0,0,0,0,0,0,0,0,0,0,0,,,,,,
00000254--0ac259250e--33,E,600,57,49,9,5,0,0,0,0,16,16,0,0,68,0,0,0,0,0,0,0,0,0,,,,,,
00000254--0ac259250e--34,E,600,78,65,15,9,0,14,14,0,136,136,13,93,115,0,0,0,0,0,0,0,0,0,,,,,,
00000254--0ac259250e--35,E,600,32,31,1,0,0,13,13,0,62,62,9,57,5,0,0,0,0,0,0,0,0,0,,,,,,
00000254--0ac259250e--36,E,600,14,12,2,1,0,0,0,0,5,5,0,0,99,0,0,0,0,0,0,0,0,0,,,,,,
00000254--0ac259250e--37,E,600,91,80,11,6,0,6,6,0,236,236,4,222,16,0,0,0,0,0,0,0,0,0,,,,,,
00000254--0ac259250e--38,E,600,88,88,2,1,0,92,92,0,123,123,92,118,4,0,0,0,0,0,0,0,0,0,,,,,,
00000254--0ac259250e--39,E,600,30,30,0,0,0,0,0,0,0,0,0,0,0,0,0,0,0,0,0,0,0,0,,,,,,
00000254--0ac259250e--4,E,600,30,26,7,3,0,0,0,0,14,14,0,0,29,0,0,0,0,0,0,0,0,0,,,,,,
00000254--0ac259250e--40,E,600,84,80,4,2,0,0,0,0,16,16,0,0,43,0,0,0,0,0,0,0,0,0,,,,,,
00000254--0ac259250e--41,E,600,56,55,3,1,0,6,6,0,116,116,1,49,63,1,1,0,0,0,0,0,1,0,,,,,,
00000254--0ac259250e--42,E,152,25,25,0,0,0,0,0,0,0,0,0,0,0,0,0,0,0,0,0,0,0,0,,,,,,
00000254--0ac259250e--5,E,599,78,61,19,14,0,0,0,0,34,34,0,0,101,0,0,0,0,0,0,0,0,0,,,,,,
00000254--0ac259250e--6,E,599,38,29,11,5,0,0,0,0,37,37,0,0,120,0,0,0,0,0,0,0,0,0,,,,,,
00000254--0ac259250e--7,E,599,0,0,0,0,0,0,0,0,0,0,0,0,0,0,0,0,0,0,0,0,0,0,,,,,,
00000254--0ac259250e--8,E,600,87,73,18,10,0,24,24,0,63,63,22,22,109,0,0,0,0,0,0,0,0,0,,,,,,
00000254--0ac259250e--9,E,600,22,16,4,2,0,40,40,0,360,360,40,350,99,0,0,0,0,0,0,0,0,0,,,,,,
00000255--d1d0ee73c5--21,E,599,4,4,0,0,0,0,0,0,0,0,0,0,0,0,0,0,0,0,0,0,0,0,,,,,,
00000255--d1d0ee73c5--22,E,599,28,24,5,2,0,3,3,0,29,29,0,0,74,0,0,0,0,0,0,0,0,0,,,,,,
00000255--d1d0ee73c5--23,E,599,38,33,10,4,0,11,11,0,136,136,10,93,105,0,0,0,0,0,0,0,0,0,,,,,,
00000255--d1d0ee73c5--24,E,600,44,38,8,5,0,4,4,0,38,38,0,0,96,0,0,0,0,0,0,0,0,0,,,,,,
00000255--d1d0ee73c5--25,E,599,21,19,4,2,0,0,0,0,15,15,0,0,117,0,0,0,0,0,0,0,0,0,,,,,,
00000255--d1d0ee73c5--26,E,599,0,0,0,0,0,0,0,0,0,0,0,0,0,0,0,0,0,0,0,0,0,0,,,,,,
00000255--d1d0ee73c5--27,E,600,50,46,5,5,0,1,1,0,6,6,0,0,7,0,0,0,0,0,0,0,0,0,,,,,,
00000255--d1d0ee73c5--28,E,599,79,67,22,9,0,505,505,0,510,510,504,504,473,0,0,0,0,0,0,0,0,0,,,,,,
00000255--d1d0ee73c5--29,E,600,42,41,2,0,0,27,27,0,57,57,26,47,27,0,0,0,0,0,0,0,0,0,,,,,,
00000255--d1d0ee73c5--30,E,600,168,157,14,7,0,17,17,0,341,341,15,321,41,0,0,0,0,0,0,0,0,0,,,,,,
00000255--d1d0ee73c5--31,E,600,37,33,4,2,0,0,0,0,2,2,0,0,12,0,0,0,0,0,0,0,0,0,,,,,,
00000255--d1d0ee73c5--32,E,600,21,19,6,1,0,0,0,0,21,21,0,0,36,0,0,0,0,0,0,0,0,0,,,,,,
00000255--d1d0ee73c5--33,E,600,74,42,36,27,0,2,2,0,67,67,0,0,163,0,0,0,0,0,0,0,0,0,,,,,,
00000255--d1d0ee73c5--34,E,600,30,27,4,1,0,32,32,0,54,54,29,36,24,0,0,0,0,0,0,0,0,0,,,,,,
00000255--d1d0ee73c5--35,E,600,93,75,26,12,0,1,1,0,49,49,0,0,120,0,0,0,0,0,0,0,0,0,,,,,,
00000255--d1d0ee73c5--36,E,600,2,2,0,0,0,0,0,0,0,0,0,0,0,0,0,0,0,0,0,0,0,0,,,,,,
00000255--d1d0ee73c5--37,E,600,32,27,5,3,0,0,0,0,47,47,0,0,36,0,0,0,0,0,0,0,0,0,,,,,,
00000255--d1d0ee73c5--38,E,600,67,57,12,5,0,12,12,0,412,412,12,376,87,0,0,0,0,0,0,0,0,0,,,,,,
00000255--d1d0ee73c5--39,E,600,116,96,22,12,0,67,67,0,374,374,57,336,143,5,5,0,5,0,0,0,0,0,,,,,,
00000255--d1d0ee73c5--40,E,420,26,24,3,1,0,0,0,0,5,5,0,0,10,0,0,0,0,0,0,0,0,0,,,,,,
00000257--d1cacb63a0--0,E,619,82,73,9,4,0,4,4,0,47,47,4,39,8,30,30,0,30,0,0,0,0,0,,,,,,
00000257--d1cacb63a0--1,E,600,37,27,11,4,0,89,89,0,122,122,83,99,42,0,0,0,0,0,0,0,0,0,,,,,,
00000257--d1cacb63a0--10,E,599,12,12,0,0,0,0,0,0,0,0,0,0,0,0,0,0,0,0,0,0,0,0,,,,,,
00000257--d1cacb63a0--11,E,600,43,37,6,5,0,0,0,0,5,5,0,0,14,0,0,0,0,0,0,0,0,0,,,,,,
00000257--d1cacb63a0--12,E,599,104,92,18,7,0,5,5,0,52,52,0,0,145,0,0,0,0,0,0,0,0,0,,,,,,
00000257--d1cacb63a0--13,E,600,55,49,6,3,0,22,22,0,206,206,21,192,27,1,1,0,1,0,0,0,0,0,,,,,,
00000257--d1cacb63a0--14,E,599,316,232,95,62,0,16,16,0,168,168,16,82,307,0,0,0,0,0,0,0,0,0,,,,,,
00000257--d1cacb63a0--15,E,600,57,43,17,9,0,78,78,0,212,212,76,190,120,0,0,0,0,0,0,0,0,0,,,,,,
00000257--d1cacb63a0--16,E,600,81,75,7,4,0,0,0,0,13,13,0,0,15,0,0,0,0,0,0,0,0,0,,,,,,
00000257--d1cacb63a0--17,E,600,27,25,2,1,0,0,0,0,29,29,0,0,35,0,0,0,0,0,0,0,0,0,,,,,,
00000257--d1cacb63a0--18,E,600,40,39,6,2,0,67,67,0,348,348,67,341,17,0,0,0,0,0,0,0,0,0,,,,,,
00000257--d1cacb63a0--19,E,600,28,23,8,2,0,412,412,0,427,427,412,412,285,0,0,0,0,0,0,0,0,0,,,,,,
00000257--d1cacb63a0--2,E,600,70,58,17,6,0,17,17,0,448,448,17,410,272,0,0,0,0,0,0,0,0,0,,,,,,
00000257--d1cacb63a0--20,E,600,5,5,0,0,0,0,0,0,0,0,0,0,0,0,0,0,0,0,0,0,0,0,,,,,,
00000257--d1cacb63a0--21,E,600,54,45,10,5,0,25,25,0,101,101,2,68,29,0,0,0,0,0,0,0,0,0,,,,,,
00000257--d1cacb63a0--22,E,600,276,194,88,73,0,17,17,0,221,221,10,159,160,0,0,0,0,0,0,0,0,0,,,,,,
00000257--d1cacb63a0--23,E,600,32,32,0,0,0,0,0,0,0,0,0,0,0,0,0,0,0,0,0,0,0,0,,,,,,
00000257--d1cacb63a0--24,E,600,70,60,11,7,0,17,17,0,80,80,17,60,52,0,0,0,0,0,0,0,0,0,,,,,,
00000257--d1cacb63a0--25,E,600,244,216,37,30,0,7,7,0,119,119,4,31,170,0,0,0,0,0,0,0,0,0,,,,,,
00000257--d1cacb63a0--26,E,600,88,65,27,14,0,3,3,0,80,80,0,0,209,0,0,0,0,0,0,0,0,0,,,,,,
00000257--d1cacb63a0--27,E,600,50,46,4,2,0,0,0,0,7,7,0,0,0,0,0,0,0,0,0,0,0,0,,,,,,
00000257--d1cacb63a0--28,E,600,261,212,60,32,0,137,137,0,403,403,124,369,180,0,0,0,0,0,0,0,0,0,,,,,,
00000257--d1cacb63a0--29,E,599,94,86,13,8,0,1,1,0,67,67,0,0,97,0,0,0,0,0,0,0,0,0,,,,,,
00000257--d1cacb63a0--3,E,600,100,86,19,12,0,14,14,0,54,54,11,26,133,0,0,0,0,0,0,0,0,0,,,,,,
00000257--d1cacb63a0--30,E,600,97,88,9,4,0,0,0,0,14,14,0,0,15,0,0,0,0,0,0,0,0,0,,,,,,
00000257--d1cacb63a0--31,E,431,10,10,0,0,0,0,0,0,0,0,0,0,0,0,0,0,0,0,0,0,0,0,,,,,,
00000257--d1cacb63a0--4,E,600,111,99,14,10,0,0,0,0,49,49,0,0,101,0,0,0,0,0,0,0,0,0,,,,,,
00000257--d1cacb63a0--5,E,600,61,49,14,7,0,49,49,0,380,380,36,359,88,0,0,0,0,0,0,0,0,0,,,,,,
00000257--d1cacb63a0--6,E,599,58,51,8,3,0,4,4,0,57,57,2,10,41,0,0,0,0,0,0,0,0,0,,,,,,
00000257--d1cacb63a0--7,E,599,244,193,62,36,0,10,10,0,399,399,10,311,212,0,0,0,0,0,0,0,0,0,,,,,,
00000257--d1cacb63a0--8,E,599,39,36,3,1,0,0,0,0,3,3,0,0,0,0,0,0,0,0,0,0,0,0,,,,,,
00000257--d1cacb63a0--9,E,599,74,70,8,2,0,5,5,0,113,113,4,99,34,0,0,0,0,0,0,0,0,0,,,,,,
00000259--f920fb6ddd--0,E,622,69,58,10,4,0,30,30,0,161,161,28,137,56,0,0,0,0,0,0,0,0,0,,,,,,
00000259--f920fb6ddd--1,E,600,34,30,7,2,0,518,518,0,553,553,516,516,405,418,418,0,418,0,0,0,0,0,,,,,,
00000259--f920fb6ddd--10,E,600,122,95,32,16,0,8,8,0,329,329,8,274,90,0,0,0,0,0,0,0,0,0,,,,,,
00000259--f920fb6ddd--11,E,600,32,26,7,3,0,0,0,0,48,48,0,0,77,0,0,0,0,0,0,0,0,0,,,,,,
00000259--f920fb6ddd--12,E,600,16,14,2,1,0,0,0,0,10,10,0,0,0,0,0,0,0,0,0,0,0,0,,,,,,
00000259--f920fb6ddd--13,E,600,176,136,47,30,0,12,12,0,487,487,12,444,282,9,9,0,9,0,0,0,0,0,,,,,,
00000259--f920fb6ddd--14,E,600,91,85,7,5,0,0,0,0,13,13,0,0,85,0,0,0,0,0,0,0,0,0,,,,,,
00000259--f920fb6ddd--15,E,600,120,99,21,15,0,24,24,0,59,59,12,29,49,0,0,0,0,0,0,0,0,0,,,,,,
00000259--f920fb6ddd--16,E,599,33,31,5,0,0,67,67,0,201,201,28,116,140,0,0,0,0,0,0,0,0,0,,,,,,
00000259--f920fb6ddd--17,E,600,53,46,10,5,0,0,0,0,32,32,0,0,125,0,0,0,0,0,0,0,0,0,,,,,,
00000259--f920fb6ddd--18,E,600,53,42,13,8,0,13,13,0,320,320,8,288,95,0,0,0,0,0,0,0,0,0,,,,,,
00000259--f920fb6ddd--19,E,599,440,291,154,120,0,227,227,0,529,529,220,521,362,0,0,0,0,0,0,0,0,0,,,,,,
00000259--f920fb6ddd--2,E,600,15,15,0,0,0,0,0,0,0,0,0,0,0,0,0,0,0,0,0,0,0,0,,,,,,
00000259--f920fb6ddd--20,E,600,146,143,4,1,0,7,7,0,382,382,5,379,20,0,0,0,0,0,0,0,0,0,,,,,,
00000259--f920fb6ddd--21,E,599,74,68,6,3,0,0,0,0,8,8,0,0,24,0,0,0,0,0,0,0,0,0,,,,,,
00000259--f920fb6ddd--22,E,599,34,31,4,0,0,22,22,0,25,25,18,18,446,0,0,0,0,0,0,0,0,0,,,,,,
00000259--f920fb6ddd--23,E,599,113,98,19,9,0,27,27,0,67,67,23,43,94,0,0,0,0,0,0,0,0,0,,,,,,
00000259--f920fb6ddd--24,E,599,23,21,4,2,0,0,0,0,21,21,0,0,111,0,0,0,0,0,0,0,0,0,,,,,,
00000259--f920fb6ddd--25,E,600,140,135,5,3,0,47,47,0,466,466,41,455,14,22,22,0,22,0,0,0,0,0,,,,,,
00000259--f920fb6ddd--26,E,598,74,64,15,7,0,23,23,0,179,179,4,140,54,0,0,0,0,0,0,0,0,0,,,,,,
00000259--f920fb6ddd--27,E,599,70,65,5,1,0,10,10,0,93,93,9,83,2,0,0,0,0,0,0,0,0,0,,,,,,
00000259--f920fb6ddd--28,E,600,58,58,3,2,0,17,17,0,297,297,17,293,4,129,129,0,129,0,0,0,0,0,,,,,,
00000259--f920fb6ddd--29,E,600,73,65,8,6,0,0,0,0,13,13,0,0,22,0,0,0,0,0,0,0,0,0,,,,,,
00000259--f920fb6ddd--3,E,600,48,42,8,2,0,0,0,0,53,53,0,0,87,0,0,0,0,0,0,0,0,0,,,,,,
00000259--f920fb6ddd--30,E,600,43,39,4,2,0,0,0,0,5,5,0,0,9,0,0,0,0,0,0,0,0,0,,,,,,
00000259--f920fb6ddd--31,E,600,23,23,0,0,0,0,0,0,0,0,0,0,0,0,0,0,0,0,0,0,0,0,,,,,,
00000259--f920fb6ddd--32,E,600,35,35,0,0,0,0,0,0,0,0,0,0,0,0,0,0,0,0,0,0,0,0,,,,,,
00000259--f920fb6ddd--33,E,600,26,26,0,0,0,0,0,0,0,0,0,0,0,0,0,0,0,0,0,0,0,0,,,,,,
00000259--f920fb6ddd--34,E,600,46,43,3,1,0,0,0,0,23,23,0,0,25,0,0,0,0,0,0,0,0,0,,,,,,
00000259--f920fb6ddd--35,E,600,71,59,17,6,0,2,2,0,236,236,2,187,171,0,0,0,0,0,0,0,0,0,,,,,,
00000259--f920fb6ddd--36,E,600,27,22,5,3,0,41,41,0,75,75,14,41,45,0,0,0,0,0,0,0,0,0,,,,,,
00000259--f920fb6ddd--37,E,600,26,24,2,1,0,6,6,0,18,18,0,0,28,0,0,0,0,0,0,0,0,0,,,,,,
00000259--f920fb6ddd--38,E,600,25,23,3,3,0,0,0,0,11,11,0,0,8,0,0,0,0,0,0,0,0,0,,,,,,
00000259--f920fb6ddd--39,E,600,0,0,0,0,0,0,0,0,0,0,0,0,0,0,0,0,0,0,0,0,0,0,,,,,,
00000259--f920fb6ddd--4,E,600,67,47,22,9,0,15,15,0,136,136,7,56,147,0,0,0,0,0,0,0,0,0,,,,,,
00000259--f920fb6ddd--40,E,600,50,50,5,1,0,3,3,0,46,46,3,3,95,0,0,0,0,0,0,0,0,0,,,,,,
00000259--f920fb6ddd--41,E,600,76,75,3,0,0,5,5,0,229,229,4,218,14,1,1,0,1,0,0,0,0,0,,,,,,
00000259--f920fb6ddd--42,E,66,2,2,0,0,0,0,0,0,0,0,0,0,0,0,0,0,0,0,0,0,0,0,,,,,,
00000259--f920fb6ddd--5,E,600,58,42,19,12,0,0,0,0,56,56,0,0,74,0,0,0,0,0,0,0,0,0,,,,,,
00000259--f920fb6ddd--6,E,600,25,25,2,0,0,0,0,0,25,25,0,0,69,0,0,0,0,0,0,0,0,0,,,,,,
00000259--f920fb6ddd--7,E,600,50,46,6,2,0,0,0,0,18,18,0,0,18,0,0,0,0,0,0,0,0,0,,,,,,
00000259--f920fb6ddd--8,E,600,0,0,0,0,0,0,0,0,0,0,0,0,0,0,0,0,0,0,0,0,0,0,,,,,,
00000259--f920fb6ddd--9,E,600,192,156,38,16,0,240,240,0,262,261,240,240,294,0,0,0,0,0,0,0,0,0,,,,,,
0000025b--22177da8d7--0,E,620,90,76,12,4,0,53,53,0,63,63,53,53,35,0,0,0,0,0,0,0,0,0,,,,,,
0000025b--22177da8d7--1,E,600,6,4,2,1,0,0,0,0,16,16,0,0,23,0,0,0,0,0,0,0,0,0,,,,,,
0000025b--22177da8d7--2,E,600,2,2,0,0,0,0,0,0,0,0,0,0,0,0,0,0,0,0,0,0,0,0,,,,,,
0000025b--22177da8d7--3,E,600,18,16,3,1,0,0,0,0,4,4,0,0,3,0,0,0,0,0,0,0,0,0,,,,,,
0000025c--0795289e2c--1,E,600,64,50,18,6,0,15,15,0,453,453,4,429,97,0,0,0,0,0,0,0,0,0,,,,,,
0000025c--0795289e2c--2,E,600,400,275,78,53,0,488,488,0,492,492,488,488,476,0,0,0,0,0,0,0,0,0,,,,,,
0000025c--0795289e2c--3,E,600,196,178,22,11,0,26,26,0,409,409,26,376,71,0,0,0,0,0,0,0,0,0,,,,,,
0000025c--0795289e2c--4,E,600,89,80,12,9,0,0,0,0,17,17,0,0,9,0,0,0,0,0,0,0,0,0,,,,,,
0000025c--0795289e2c--5,E,600,65,63,3,2,0,0,0,0,11,11,0,0,18,0,0,0,0,0,0,0,0,0,,,,,,
0000025c--0795289e2c--6,E,599,106,95,15,7,0,8,8,0,318,318,8,302,27,0,0,0,0,0,0,0,0,0,,,,,,
0000025c--0795289e2c--7,E,600,92,87,5,4,0,0,0,0,6,6,0,0,0,0,0,0,0,0,0,0,0,0,,,,,,
0000025c--0795289e2c--8,E,600,84,82,3,1,0,0,0,0,2,2,0,0,0,0,0,0,0,0,0,0,0,0,,,,,,
0000025d--70dff69b9d--0,E,621,53,46,11,7,0,22,22,0,312,312,18,299,46,0,0,0,0,0,0,0,0,0,,,,,,
0000025d--70dff69b9d--1,E,600,81,77,6,3,0,0,0,0,7,7,0,0,36,0,0,0,0,0,0,0,0,0,,,,,,
0000025d--70dff69b9d--10,E,600,67,54,18,8,0,552,552,0,559,559,552,552,279,0,0,0,0,0,0,0,0,0,,,,,,
0000025d--70dff69b9d--11,E,600,0,0,0,0,0,0,0,0,0,0,0,0,0,0,0,0,0,0,0,0,0,0,,,,,,
0000025d--70dff69b9d--15,E,600,21,17,5,2,0,4,4,0,47,47,0,0,508,0,0,0,0,0,0,0,0,0,,,,,,
0000025d--70dff69b9d--18,E,599,70,55,15,7,0,9,9,0,96,96,6,75,67,0,0,0,0,0,0,0,0,0,,,,,,
0000025d--70dff69b9d--19,E,599,31,28,6,3,0,0,0,0,18,18,0,0,47,0,0,0,0,0,0,0,0,0,,,,,,
0000025d--70dff69b9d--2,E,600,52,47,8,4,0,0,0,0,15,15,0,0,17,0,0,0,0,0,0,0,0,0,,,,,,
0000025d--70dff69b9d--20,E,600,34,26,10,4,0,536,536,0,545,545,535,535,189,0,0,0,0,0,0,0,0,0,,,,,,
0000025d--70dff69b9d--21,E,600,2,2,0,0,0,0,0,0,0,0,0,0,0,0,0,0,0,0,0,0,0,0,,,,,,
0000025d--70dff69b9d--22,E,600,13,13,1,0,0,0,0,0,3,3,0,0,12,0,0,0,0,0,0,0,0,0,,,,,,
0000025d--70dff69b9d--23,E,600,94,73,22,14,0,27,27,0,353,353,7,300,183,92,92,0,66,0,0,0,26,0,,,,,,
0000025d--70dff69b9d--3,E,600,78,65,18,10,0,2,2,0,24,24,0,0,72,0,0,0,0,0,0,0,0,0,,,,,,
0000025d--70dff69b9d--4,E,600,75,63,13,8,0,0,0,0,12,12,0,0,13,0,0,0,0,0,0,0,0,0,,,,,,
0000025d--70dff69b9d--5,E,600,160,150,16,8,0,23,23,0,520,520,9,492,104,38,38,0,38,0,0,0,0,0,,,,,,
0000025d--70dff69b9d--6,E,600,112,108,4,2,0,0,0,0,6,6,0,0,44,0,0,0,0,0,0,0,0,0,,,,,,
0000025d--70dff69b9d--7,E,600,229,163,60,34,0,366,366,0,402,402,361,386,354,202,202,0,202,0,0,0,0,0,,,,,,
0000025d--70dff69b9d--8,E,599,157,148,10,7,0,4,4,0,10,10,2,2,47,0,0,0,0,0,0,0,0,0,,,,,,
0000025d--70dff69b9d--9,E,599,17,17,3,0,0,0,0,0,10,10,0,0,0,0,0,0,0,0,0,0,0,0,,,,,,
00000261--4ff9c41127--0,E,616,69,62,7,2,0,53,53,0,64,64,53,53,37,0,0,0,0,0,0,0,0,0,,,,,,
00000261--4ff9c41127--1,E,599,50,43,8,2,0,36,36,0,330,330,35,316,84,0,0,0,0,0,0,0,0,0,,,,,,
00000261--4ff9c41127--10,E,600,64,58,10,4,0,10,10,0,96,96,7,75,26,0,0,0,0,0,0,0,0,0,,,,,,
00000261--4ff9c41127--11,E,600,49,44,7,3,0,0,0,0,18,18,0,0,36,0,0,0,0,0,0,0,0,0,,,,,,
00000261--4ff9c41127--12,E,600,194,165,30,20,0,14,14,0,202,202,14,181,56,0,0,0,0,0,0,0,0,0,,,,,,
00000261--4ff9c41127--13,E,600,383,365,21,16,0,0,0,0,55,55,0,0,95,0,0,0,0,0,0,0,0,0,,,,,,
00000261--4ff9c41127--14,E,600,233,215,20,10,0,0,0,0,40,40,0,0,46,0,0,0,0,0,0,0,0,0,,,,,,
00000261--4ff9c41127--15,E,600,279,224,59,44,0,0,0,0,46,46,0,0,131,0,0,0,0,0,0,0,0,0,,,,,,
00000261--4ff9c41127--16,E,600,299,283,23,13,0,23,23,0,233,233,21,191,136,0,0,0,0,0,0,0,0,0,,,,,,
00000261--4ff9c41127--17,E,600,223,206,22,13,0,52,52,0,305,305,52,277,138,0,0,0,0,0,0,0,0,0,,,,,,
00000261--4ff9c41127--18,E,599,222,210,15,7,0,38,38,0,83,83,31,31,110,0,0,0,0,0,0,0,0,0,,,,,,
00000261--4ff9c41127--19,E,600,223,190,40,28,0,4,4,0,112,112,0,0,226,0,0,0,0,0,0,0,0,0,,,,,,
00000261--4ff9c41127--2,E,599,114,79,38,25,0,86,86,0,377,377,78,372,120,16,16,0,16,0,0,0,0,0,,,,,,
00000261--4ff9c41127--20,E,600,181,165,22,11,0,33,33,0,552,552,30,532,83,331,331,0,331,0,0,0,0,0,,,,,,
00000261--4ff9c41127--21,E,599,216,204,13,8,0,2,2,0,79,79,2,58,112,0,0,0,0,0,0,0,0,0,,,,,,
00000261--4ff9c41127--22,E,600,259,228,40,30,0,30,30,0,364,364,27,349,106,0,0,0,0,0,0,0,0,0,,,,,,
00000261--4ff9c41127--23,E,600,147,137,20,10,0,0,0,0,37,37,0,0,87,0,0,0,0,0,0,0,0,0,,,,,,
00000261--4ff9c41127--24,E,600,83,70,13,7,0,35,35,0,264,263,19,252,41,0,0,0,0,0,0,0,0,0,,,,,,
00000261--4ff9c41127--25,E,599,37,29,11,3,0,35,35,0,305,305,34,295,93,0,0,0,0,0,0,0,0,0,,,,,,
00000261--4ff9c41127--26,E,599,60,55,6,2,0,0,0,0,8,8,0,0,94,0,0,0,0,0,0,0,0,0,,,,,,
00000261--4ff9c41127--27,E,599,96,85,12,6,0,14,14,0,337,337,12,310,27,0,0,0,0,0,0,0,0,0,,,,,,
00000261--4ff9c41127--28,E,444,58,56,2,1,0,0,0,0,1,1,0,0,4,0,0,0,0,0,0,0,0,0,,,,,,
00000261--4ff9c41127--3,E,600,40,38,5,1,0,0,0,0,19,19,0,0,71,0,0,0,0,0,0,0,0,0,,,,,,
00000261--4ff9c41127--4,E,600,35,33,4,1,0,0,0,0,18,18,0,0,32,0,0,0,0,0,0,0,0,0,,,,,,
00000261--4ff9c41127--5,E,600,10,8,3,2,0,0,0,0,13,13,0,0,43,0,0,0,0,0,0,0,0,0,,,,,,
00000261--4ff9c41127--6,E,600,62,55,11,4,0,0,0,0,74,74,0,0,154,2,2,2,0,0,0,0,0,0,,,,,,
00000261--4ff9c41127--7,E,600,41,31,12,5,0,3,3,0,70,70,9,9,214,17,17,5,0,0,2,0,10,0,,,,,,
00000261--4ff9c41127--8,E,600,200,176,25,13,0,57,57,0,454,454,51,446,153,0,0,0,0,0,0,0,0,0,,,,,,
00000261--4ff9c41127--9,E,600,115,95,19,13,0,28,28,0,360,360,18,347,228,0,0,0,0,0,0,0,0,0,,,,,,
00000264--31b802e87a--1,E,600,51,44,7,4,0,0,0,0,8,9,0,0,55,4,4,0,0,0,0,0,4,0,,,,,,
00000264--31b802e87a--10,E,599,45,41,6,3,0,0,0,0,12,12,0,0,31,0,0,0,0,0,0,0,0,0,,,,,,
00000264--31b802e87a--11,E,600,101,93,11,8,0,0,0,0,16,16,0,0,13,0,0,0,0,0,0,0,0,0,,,,,,
00000264--31b802e87a--12,E,600,131,119,18,10,0,7,7,0,95,95,6,61,47,0,0,0,0,0,0,0,0,0,,,,,,
00000264--31b802e87a--13,E,600,47,40,11,7,0,0,0,0,20,20,0,0,27,0,0,0,0,0,0,0,0,0,,,,,,
00000264--31b802e87a--14,E,600,44,40,5,2,0,0,0,0,16,16,0,0,33,0,0,0,0,0,0,0,0,0,,,,,,
00000264--31b802e87a--15,E,600,27,24,3,1,0,0,0,0,4,4,0,0,15,0,0,0,0,0,0,0,0,0,,,,,,
00000264--31b802e87a--16,E,600,56,48,8,4,0,0,0,0,10,10,0,0,27,0,0,0,0,0,0,0,0,0,,,,,,
00000264--31b802e87a--17,E,600,70,62,10,9,0,0,0,0,21,21,0,0,49,0,0,0,0,0,0,0,0,0,,,,,,
00000264--31b802e87a--18,E,600,35,31,6,3,0,0,0,0,5,5,0,0,23,0,0,0,0,0,0,0,0,0,,,,,,
00000264--31b802e87a--19,E,600,111,94,18,14,0,20,20,0,268,268,18,253,47,0,0,0,0,0,0,0,0,0,,,,,,
00000264--31b802e87a--2,E,600,6,6,0,0,0,0,0,0,0,0,0,0,0,0,0,0,0,0,0,0,0,0,,,,,,
00000264--31b802e87a--20,E,600,33,27,8,4,0,0,0,0,11,11,0,0,27,0,0,0,0,0,0,0,0,0,,,,,,
00000264--31b802e87a--21,E,600,182,158,40,20,0,2,2,0,136,136,1,77,139,0,0,0,0,0,0,0,0,0,,,,,,
00000264--31b802e87a--22,E,600,309,221,95,75,0,4,4,0,73,73,4,33,168,0,0,0,0,0,0,0,0,0,,,,,,
00000264--31b802e87a--23,E,600,172,170,2,1,0,0,0,0,4,4,0,0,0,0,0,0,0,0,0,0,0,0,,,,,,
00000264--31b802e87a--24,E,600,160,129,41,21,0,62,62,0,266,266,1,173,136,0,0,0,0,0,0,0,0,0,,,,,,
00000264--31b802e87a--25,E,600,38,34,5,4,0,0,0,0,7,7,0,0,38,0,0,0,0,0,0,0,0,0,,,,,,
00000264--31b802e87a--26,E,600,27,25,2,1,0,0,0,0,4,4,0,0,23,0,0,0,0,0,0,0,0,0,,,,,,
00000264--31b802e87a--27,E,600,0,0,0,0,0,0,0,0,0,0,0,0,0,0,0,0,0,0,0,0,0,0,,,,,,
00000264--31b802e87a--28,E,600,16,12,6,3,0,0,0,0,18,18,0,0,40,0,0,0,0,0,0,0,0,0,,,,,,
00000264--31b802e87a--29,E,600,101,77,26,13,0,58,58,0,318,318,38,274,188,0,0,0,0,0,0,0,0,0,,,,,,
00000264--31b802e87a--3,E,599,14,14,0,0,0,0,0,0,0,0,0,0,0,0,0,0,0,0,0,0,0,0,,,,,,
00000264--31b802e87a--30,E,600,48,41,9,4,0,28,28,0,200,200,15,171,42,0,0,0,0,0,0,0,0,0,,,,,,
00000264--31b802e87a--31,E,599,70,58,16,4,0,7,7,0,231,231,6,188,244,0,0,0,0,0,0,0,0,0,,,,,,
00000264--31b802e87a--32,E,600,41,41,1,0,0,0,0,0,1,1,0,0,0,0,0,0,0,0,0,0,0,0,,,,,,
00000264--31b802e87a--33,E,599,17,17,0,0,0,0,0,0,0,0,0,0,0,0,0,0,0,0,0,0,0,0,,,,,,
00000264--31b802e87a--34,E,600,112,90,26,16,0,3,3,0,249,249,3,237,125,0,0,0,0,0,0,0,0,0,,,,,,
00000264--31b802e87a--35,E,599,46,44,4,1,0,0,0,0,10,10,0,0,54,0,0,0,0,0,0,0,0,0,,,,,,
00000264--31b802e87a--36,E,599,3,3,0,0,0,0,0,0,0,0,0,0,0,0,0,0,0,0,0,0,0,0,,,,,,
00000264--31b802e87a--37,E,599,10,8,2,1,0,0,0,0,1,1,0,0,0,0,0,0,0,0,0,0,0,0,,,,,,
00000264--31b802e87a--38,E,599,118,99,22,14,0,21,21,0,485,485,15,434,171,147,147,0,147,0,0,0,0,0,,,,,,
00000264--31b802e87a--39,E,599,90,80,13,7,0,0,0,0,73,73,0,0,101,0,0,0,0,0,0,0,0,0,,,,,,
00000264--31b802e87a--4,E,599,41,33,8,5,0,0,0,0,15,15,0,0,19,0,0,0,0,0,0,0,0,0,,,,,,
00000264--31b802e87a--40,E,600,72,67,6,2,0,0,0,0,4,4,0,0,5,0,0,0,0,0,0,0,0,0,,,,,,
00000264--31b802e87a--41,E,396,8,8,0,0,0,0,0,0,0,0,0,0,0,0,0,0,0,0,0,0,0,0,,,,,,
00000264--31b802e87a--5,E,599,32,29,5,2,0,7,7,0,109,109,7,95,101,5,5,0,5,0,0,0,0,0,,,,,,
00000264--31b802e87a--6,E,600,22,22,0,0,0,0,0,0,0,0,0,0,0,0,0,0,0,0,0,0,0,0,,,,,,
00000264--31b802e87a--7,E,599,100,100,7,1,0,0,0,0,14,14,0,0,43,0,0,0,0,0,0,0,0,0,,,,,,
00000264--31b802e87a--8,E,599,302,230,80,59,0,0,0,0,85,85,0,0,139,0,0,0,0,0,0,0,0,0,,,,,,
00000264--31b802e87a--9,E,599,109,107,2,1,0,0,0,0,1,1,0,0,0,0,0,0,0,0,0,0,0,0,,,,,,
00000266--f9c40304ea--0,E,621,87,85,3,1,0,6,6,0,32,32,0,0,52,0,0,0,0,0,0,0,0,0,,,,,,
00000266--f9c40304ea--1,E,600,84,79,8,2,0,44,44,0,134,134,40,111,112,0,0,0,0,0,0,0,0,0,,,,,,
00000266--f9c40304ea--10,E,599,84,72,13,6,0,20,20,0,87,87,18,65,60,0,0,0,0,0,0,0,0,0,,,,,,
00000266--f9c40304ea--11,E,600,303,225,69,39,0,588,588,0,590,590,588,588,542,0,0,0,0,0,0,0,0,0,,,,,,
00000266--f9c40304ea--12,E,600,158,136,30,14,0,13,13,0,516,516,13,497,149,0,0,0,0,0,0,0,0,0,,,,,,
00000266--f9c40304ea--13,E,600,49,47,2,1,0,0,0,0,1,1,0,0,40,0,0,0,0,0,0,0,0,0,,,,,,
00000266--f9c40304ea--14,E,600,197,169,31,20,0,34,34,0,272,272,7,225,155,0,0,0,0,0,0,0,0,0,,,,,,
00000266--f9c40304ea--15,E,600,76,66,11,8,0,0,0,0,11,11,0,0,80,0,0,0,0,0,0,0,0,0,,,,,,
00000266--f9c40304ea--16,E,600,30,28,2,1,0,0,0,0,1,1,0,0,0,0,0,0,0,0,0,0,0,0,,,,,,
00000266--f9c40304ea--17,E,600,165,120,57,32,0,15,15,0,351,351,1,264,304,0,0,0,0,0,0,0,0,0,,,,,,
00000266--f9c40304ea--18,E,600,39,36,7,2,0,408,408,0,565,565,408,408,266,0,0,0,0,0,0,0,0,0,,,,,,
00000266--f9c40304ea--19,E,600,98,80,18,12,0,19,19,0,486,486,16,484,104,2,2,0,2,0,0,0,0,0,,,,,,
00000266--f9c40304ea--2,E,600,81,63,19,5,0,334,334,0,377,377,334,334,290,3,3,0,3,0,0,0,0,0,,,,,,
00000266--f9c40304ea--20,E,600,13,13,0,0,0,0,0,0,0,0,0,0,0,0,0,0,0,0,0,0,0,0,,,,,,
00000266--f9c40304ea--21,E,600,108,98,13,8,0,30,30,0,53,53,30,39,74,0,0,0,0,0,0,0,0,0,,,,,,
00000266--f9c40304ea--22,E,600,36,36,0,0,0,0,0,0,0,0,0,0,0,0,0,0,0,0,0,0,0,0,,,,,,
00000266--f9c40304ea--23,E,594,0,0,0,0,0,0,0,0,0,0,0,0,0,0,0,0,0,0,0,0,0,0,,,,,,
00000266--f9c40304ea--3,E,600,77,68,13,7,0,8,8,0,364,364,8,334,73,0,0,0,0,0,0,0,0,0,,,,,,
00000266--f9c40304ea--4,E,599,26,24,2,1,0,0,0,0,1,1,0,0,23,0,0,0,0,0,0,0,0,0,,,,,,
00000266--f9c40304ea--5,E,600,24,20,4,2,0,0,0,0,18,18,0,0,36,0,0,0,0,0,0,0,0,0,,,,,,
00000266--f9c40304ea--6,E,599,60,54,9,6,0,0,0,0,57,57,0,0,64,0,0,0,0,0,0,0,0,0,,,,,,
00000266--f9c40304ea--7,E,600,71,61,12,6,0,0,0,0,20,20,0,0,39,0,0,0,0,0,0,0,0,0,,,,,,
00000266--f9c40304ea--8,E,599,91,78,20,12,0,29,29,0,181,181,16,131,124,0,0,0,0,0,0,0,0,0,,,,,,
00000266--f9c40304ea--9,E,600,23,21,2,1,0,0,0,0,1,1,0,0,0,0,0,0,0,0,0,0,0,0,,,,,,
00000267--5bcd0e5bb8--0,E,622,36,36,2,0,0,0,0,0,3,3,0,0,8,0,0,0,0,0,0,0,0,0,,,,,,
00000267--5bcd0e5bb8--1,E,600,121,96,29,18,0,52,52,0,136,136,40,45,200,0,0,0,0,0,0,0,0,0,,,,,,
00000267--5bcd0e5bb8--10,E,600,101,85,19,14,0,0,0,0,21,21,0,0,58,0,0,0,0,0,0,0,0,0,,,,,,
00000267--5bcd0e5bb8--11,E,600,155,137,19,11,0,2,2,0,328,328,2,310,320,0,0,0,0,0,0,0,0,0,,,,,,
00000267--5bcd0e5bb8--12,E,600,5,5,0,0,0,0,0,0,0,0,0,0,0,0,0,0,0,0,0,0,0,0,,,,,,
00000267--5bcd0e5bb8--13,E,600,173,134,42,30,0,71,71,0,230,230,60,194,122,0,0,0,0,0,0,0,0,0,,,,,,
00000267--5bcd0e5bb8--14,E,600,98,79,25,16,0,1,1,0,53,53,0,0,79,0,0,0,0,0,0,0,0,0,,,,,,
00000267--5bcd0e5bb8--15,E,599,46,44,2,2,0,0,0,0,1,1,0,0,0,0,0,0,0,0,0,0,0,0,,,,,,
00000267--5bcd0e5bb8--16,E,600,35,32,3,1,0,69,69,0,300,300,62,282,18,0,0,0,0,0,0,0,0,0,,,,,,
00000267--5bcd0e5bb8--17,E,599,103,97,17,6,0,483,483,0,485,485,483,483,362,68,68,0,68,0,0,0,0,0,,,,,,
00000267--5bcd0e5bb8--18,E,599,105,103,2,1,0,0,0,0,2,2,0,0,97,0,0,0,0,0,0,0,0,0,,,,,,
00000267--5bcd0e5bb8--19,E,343,37,37,0,0,0,0,0,0,0,0,0,0,0,0,0,0,0,0,0,0,0,0,,,,,,
00000267--5bcd0e5bb8--2,E,600,39,37,4,1,0,0,0,0,6,6,0,0,0,0,0,0,0,0,0,0,0,0,,,,,,
00000267--5bcd0e5bb8--3,E,600,127,97,39,21,0,44,44,0,448,448,30,405,201,0,0,0,0,0,0,0,0,0,,,,,,
00000267--5bcd0e5bb8--4,E,600,97,81,25,12,0,41,41,0,386,386,27,340,221,0,0,0,0,0,0,0,0,0,,,,,,
00000267--5bcd0e5bb8--5,E,600,123,105,18,9,0,38,38,0,460,460,33,446,135,229,229,0,229,0,0,0,0,0,,,,,,
00000267--5bcd0e5bb8--6,E,600,104,101,4,2,0,5,5,0,10,10,0,0,21,0,0,0,0,0,0,0,0,0,,,,,,
00000267--5bcd0e5bb8--7,E,600,99,91,14,11,0,0,0,0,27,27,0,0,46,0,0,0,0,0,0,0,0,0,,,,,,
00000267--5bcd0e5bb8--8,E,600,102,81,28,17,0,11,11,0,490,490,11,419,130,0,0,0,0,0,0,0,0,0,,,,,,
00000267--5bcd0e5bb8--9,E,600,29,27,2,1,0,0,0,0,9,9,0,0,21,0,0,0,0,0,0,0,0,0,,,,,,
00000269--4014745f93--0,E,620,27,25,1,1,0,224,224,0,236,236,224,224,195,0,0,0,0,0,0,0,0,0,,,,,,
00000269--4014745f93--1,E,600,11,11,0,0,0,0,0,0,0,0,0,0,0,0,0,0,0,0,0,0,0,0,,,,,,
00000269--4014745f93--10,E,600,68,62,8,7,0,0,0,0,6,6,0,0,18,0,0,0,0,0,0,0,0,0,,,,,,
00000269--4014745f93--11,E,600,89,79,13,9,0,1,1,0,29,29,0,0,49,0,0,0,0,0,0,0,0,0,,,,,,
00000269--4014745f93--12,E,600,110,100,10,7,0,10,10,0,207,207,8,191,22,0,0,0,0,0,0,0,0,0,,,,,,
00000269--4014745f93--13,E,600,46,44,5,1,0,5,5,0,19,19,0,0,47,0,0,0,0,0,0,0,0,0,,,,,,
00000269--4014745f93--14,E,600,95,85,12,5,0,14,14,0,100,100,1,55,126,0,0,0,0,0,0,0,0,0,,,,,,
00000269--4014745f93--15,E,600,66,64,3,2,0,0,0,0,6,6,0,0,22,0,0,0,0,0,0,0,0,0,,,,,,
00000269--4014745f93--16,E,600,86,77,13,8,0,2,2,0,29,29,0,0,48,0,0,0,0,0,0,0,0,0,,,,,,
00000269--4014745f93--17,E,600,90,84,9,4,0,234,234,0,240,240,232,232,156,0,0,0,0,0,0,0,0,0,,,,,,
00000269--4014745f93--18,E,600,97,86,8,3,0,71,71,0,157,157,55,141,53,0,0,0,0,0,0,0,0,0,,,,,,
00000269--4014745f93--19,E,600,111,105,9,4,0,22,22,0,521,521,17,514,28,0,0,0,0,0,0,0,0,0,,,,,,
00000269--4014745f93--2,E,599,81,69,17,6,0,0,0,0,114,114,0,0,169,0,0,0,0,0,0,0,0,0,,,,,,
00000269--4014745f93--20,E,600,81,81,0,0,0,0,0,0,0,0,0,0,0,0,0,0,0,0,0,0,0,0,,,,,,
00000269--4014745f93--21,E,600,90,90,0,0,0,0,0,0,0,0,0,0,0,0,0,0,0,0,0,0,0,0,,,,,,
00000269--4014745f93--22,E,600,323,256,76,59,0,66,66,0,421,421,53,376,186,0,0,0,0,0,0,0,0,0,,,,,,
00000269--4014745f93--23,E,600,9,7,2,1,0,0,0,0,2,2,0,0,5,0,0,0,0,0,0,0,0,0,,,,,,
00000269--4014745f93--24,E,600,28,25,4,1,0,12,12,0,136,136,7,126,17,0,0,0,0,0,0,0,0,0,,,,,,
00000269--4014745f93--25,E,600,36,24,13,6,0,113,113,0,271,271,104,263,59,0,0,0,0,0,0,0,0,0,,,,,,
00000269--4014745f93--26,E,600,87,83,8,2,0,0,0,0,19,19,0,0,71,0,0,0,0,0,0,0,0,0,,,,,,
00000269--4014745f93--27,E,600,47,45,4,2,0,0,0,0,3,3,0,0,15,0,0,0,0,0,0,0,0,0,,,,,,
00000269--4014745f93--3,E,599,139,115,40,16,0,24,24,0,279,279,17,186,202,0,0,0,0,0,0,0,0,0,,,,,,
00000269--4014745f93--4,E,599,28,26,2,1,0,0,0,0,3,3,0,0,30,0,0,0,0,0,0,0,0,0,,,,,,
00000269--4014745f93--5,E,599,18,18,0,0,0,0,0,0,0,0,0,0,0,0,0,0,0,0,0,0,0,0,,,,,,
00000269--4014745f93--6,E,599,190,168,28,18,0,16,16,0,102,102,5,60,97,0,0,0,0,0,0,0,0,0,,,,,,
00000269--4014745f93--7,E,600,152,123,35,20,0,1,1,0,58,58,0,0,169,0,0,0,0,0,0,0,0,0,,,,,,
00000269--4014745f93--8,E,599,66,66,0,0,0,0,0,0,0,0,0,0,0,0,0,0,0,0,0,0,0,0,,,,,,
00000269--4014745f93--9,E,600,132,121,16,8,0,10,10,0,187,187,8,156,48,0,0,0,0,0,0,0,0,0,,,,,,
0000026a--171a0a1f5c--0,E,620,38,32,8,3,0,4,4,0,14,14,0,0,103,0,0,0,0,0,0,0,0,0,,,,,,
0000026a--171a0a1f5c--1,E,600,5,5,0,0,0,0,0,0,0,0,0,0,0,0,0,0,0,0,0,0,0,0,,,,,,
0000026a--171a0a1f5c--10,E,599,489,352,146,115,0,31,31,0,382,382,10,324,219,0,0,0,0,0,0,0,0,0,,,,,,
0000026a--171a0a1f5c--11,E,599,145,142,3,1,0,9,9,0,231,231,7,227,0,0,0,0,0,0,0,0,0,0,,,,,,
0000026a--171a0a1f5c--12,E,600,41,34,8,4,0,0,0,0,16,16,0,0,10,0,0,0,0,0,0,0,0,0,,,,,,
0000026a--171a0a1f5c--13,E,600,91,83,12,6,0,0,0,0,16,16,0,0,24,0,0,0,0,0,0,0,0,0,,,,,,
0000026a--171a0a1f5c--14,E,600,90,78,14,7,0,9,9,0,270,270,7,256,28,0,0,0,0,0,0,0,0,0,,,,,,
0000026a--171a0a1f5c--15,E,600,56,52,6,1,0,0,0,0,13,13,0,0,25,0,0,0,0,0,0,0,0,0,,,,,,
0000026a--171a0a1f5c--16,E,600,101,93,6,4,0,59,59,0,64,64,59,59,26,0,0,0,0,0,0,0,0,0,,,,,,
0000026a--171a0a1f5c--17,E,600,13,11,2,1,0,0,0,0,3,3,0,0,0,0,0,0,0,0,0,0,0,0,,,,,,
0000026a--171a0a1f5c--18,E,600,3,3,0,0,0,0,0,0,0,0,0,0,0,0,0,0,0,0,0,0,0,0,,,,,,
0000026a--171a0a1f5c--19,E,600,33,28,4,1,0,22,22,0,288,288,19,283,18,0,0,0,0,0,0,0,0,0,,,,,,
0000026a--171a0a1f5c--2,E,600,45,43,5,1,0,169,169,0,176,176,169,169,154,1,1,0,1,0,0,0,0,0,,,,,,
0000026a--171a0a1f5c--20,E,600,53,49,6,3,0,0,0,0,17,17,0,0,65,0,0,0,0,0,0,0,0,0,,,,,,
0000026a--171a0a1f5c--21,E,600,52,48,6,4,0,0,0,0,10,10,0,0,46,0,0,0,0,0,0,0,0,0,,,,,,
0000026a--171a0a1f5c--22,E,600,13,11,2,1,0,0,0,0,1,1,0,0,7,0,0,0,0,0,0,0,0,0,,,,,,
0000026a--171a0a1f5c--23,E,600,109,98,13,9,0,2,2,0,15,15,0,0,57,0,0,0,0,0,0,0,0,0,,,,,,
0000026a--171a0a1f5c--24,E,600,60,47,15,13,0,0,0,0,18,18,0,0,57,0,0,0,0,0,0,0,0,0,,,,,,
0000026a--171a0a1f5c--25,E,600,170,147,45,17,0,516,516,0,528,528,513,515,487,480,480,0,480,0,0,0,0,0,,,,,,
0000026a--171a0a1f5c--26,E,600,187,162,29,13,0,39,39,0,582,582,34,563,112,0,0,0,0,0,0,0,0,0,,,,,,
0000026a--171a0a1f5c--27,E,600,173,163,11,6,0,0,0,0,24,24,0,0,94,0,0,0,0,0,0,0,0,0,,,,,,
0000026a--171a0a1f5c--28,E,600,318,217,107,85,0,259,259,0,355,346,259,259,414,10,10,0,10,0,0,0,0,0,,,,,,
0000026a--171a0a1f5c--29,E,600,24,20,4,2,0,0,0,0,3,3,0,0,77,0,0,0,0,0,0,0,0,0,,,,,,
0000026a--171a0a1f5c--3,E,600,43,33,12,7,0,0,0,0,30,30,0,0,61,0,0,0,0,0,0,0,0,0,,,,,,
0000026a--171a0a1f5c--30,E,600,106,101,13,8,0,30,30,0,244,244,4,211,53,0,0,0,0,0,0,0,0,0,,,,,,
0000026a--171a0a1f5c--31,E,599,33,33,0,0,0,0,0,0,0,0,0,0,0,0,0,0,0,0,0,0,0,0,,,,,,
0000026a--171a0a1f5c--32,E,599,86,80,10,4,0,1,1,0,50,50,0,0,110,0,0,0,0,0,0,0,0,0,,,,,,
0000026a--171a0a1f5c--33,E,599,193,161,42,26,0,24,24,0,404,404,7,348,234,47,47,0,47,0,0,0,0,0,,,,,,
0000026a--171a0a1f5c--34,E,349,69,59,12,6,0,0,0,0,11,11,0,0,22,0,0,0,0,0,0,0,0,0,,,,,,
0000026a--171a0a1f5c--4,E,600,13,10,3,1,0,40,40,0,545,545,25,529,11,347,347,0,347,0,0,0,0,0,,,,,,
0000026a--171a0a1f5c--5,E,599,0,0,0,0,0,0,0,0,0,0,0,0,0,0,0,0,0,0,0,0,0,0,,,,,,
0000026a--171a0a1f5c--6,E,600,1,1,0,0,0,0,0,0,0,0,0,0,0,0,0,0,0,0,0,0,0,0,,,,,,
0000026a--171a0a1f5c--7,E,599,45,43,3,1,0,0,0,0,21,21,0,0,20,0,0,0,0,0,0,0,0,0,,,,,,
0000026a--171a0a1f5c--8,E,599,1,1,0,0,0,0,0,0,0,0,0,0,0,0,0,0,0,0,0,0,0,0,,,,,,
0000026a--171a0a1f5c--9,E,599,24,21,6,1,0,0,0,0,34,34,0,0,37,0,0,0,0,0,0,0,0,0,,,,,,
0000026b--4dfb361eee--0,E,621,87,67,24,9,0,9,9,0,314,314,6,306,127,0,0,0,0,0,0,0,0,0,,,,,,
0000026b--4dfb361eee--1,E,600,59,56,6,3,0,0,0,0,19,19,0,0,43,0,0,0,0,0,0,0,0,0,,,,,,
0000026b--4dfb361eee--10,E,600,46,38,8,6,0,0,0,0,18,18,0,0,274,208,208,0,0,0,0,0,208,0,,,,,,
0000026b--4dfb361eee--11,E,596,41,40,2,0,0,1,1,0,3,3,0,0,17,0,0,0,0,0,0,0,0,0,,,,,,
0000026b--4dfb361eee--2,E,600,39,37,4,1,0,0,0,0,12,12,0,0,0,0,0,0,0,0,0,0,0,0,,,,,,
0000026b--4dfb361eee--3,E,600,28,28,1,0,0,0,0,0,1,1,0,0,0,0,0,0,0,0,0,0,0,0,,,,,,
0000026b--4dfb361eee--4,E,600,95,83,15,9,0,4,4,0,25,25,1,1,69,0,0,0,0,0,0,0,0,0,,,,,,
0000026b--4dfb361eee--5,E,600,53,51,6,1,0,23,23,0,130,130,8,78,57,0,0,0,0,0,0,0,0,0,,,,,,
0000026b--4dfb361eee--6,E,600,1,1,0,0,0,0,0,0,0,0,0,0,0,0,0,0,0,0,0,0,0,0,,,,,,
0000026b--4dfb361eee--7,E,600,6,6,0,0,0,0,0,0,0,0,0,0,0,0,0,0,0,0,0,0,0,0,,,,,,
0000026b--4dfb361eee--8,E,600,98,67,41,25,0,164,164,0,172,172,164,164,199,29,29,0,29,0,0,0,0,0,,,,,,
0000026b--4dfb361eee--9,E,600,69,63,6,3,0,0,0,0,23,23,0,0,46,0,0,0,0,0,0,0,0,0,,,,,,
0000026d--2363789071--0,E,617,7,7,0,0,0,0,0,0,0,0,0,0,0,0,0,0,0,0,0,0,0,0,,,,,,
0000026d--2363789071--1,E,600,64,56,11,5,0,0,0,0,21,21,0,0,57,0,0,0,0,0,0,0,0,0,,,,,,
0000026d--2363789071--10,E,600,11,8,3,1,0,21,21,0,68,68,1,41,54,0,0,0,0,0,0,0,0,0,,,,,,
0000026d--2363789071--11,E,600,13,11,2,2,0,0,0,0,1,1,0,0,0,0,0,0,0,0,0,0,0,0,,,,,,
0000026d--2363789071--12,E,600,17,13,7,3,0,0,0,0,34,34,0,0,24,0,0,0,0,0,0,0,0,0,,,,,,
0000026d--2363789071--13,E,600,33,27,6,3,0,0,0,0,21,21,0,0,24,0,0,0,0,0,0,0,0,0,,,,,,
0000026d--2363789071--14,E,600,42,36,6,4,0,0,0,0,14,14,0,0,0,0,0,0,0,0,0,0,0,0,,,,,,
0000026d--2363789071--15,E,600,23,23,1,0,0,0,0,0,1,1,0,0,0,0,0,0,0,0,0,0,0,0,,,,,,
0000026d--2363789071--16,E,600,32,28,8,3,0,5,5,0,21,21,0,0,39,0,0,0,0,0,0,0,0,0,,,,,,
0000026d--2363789071--17,E,600,23,23,0,0,0,0,0,0,0,0,0,0,0,0,0,0,0,0,0,0,0,0,,,,,,
0000026d--2363789071--18,E,600,29,25,5,3,0,0,0,0,10,10,0,0,7,0,0,0,0,0,0,0,0,0,,,,,,
0000026d--2363789071--19,E,600,103,85,18,10,0,212,212,0,226,226,211,211,172,0,0,0,0,0,0,0,0,0,,,,,,
0000026d--2363789071--2,E,599,55,51,6,3,0,0,0,0,16,16,0,0,25,0,0,0,0,0,0,0,0,0,,,,,,
0000026d--2363789071--20,E,600,61,53,14,10,0,0,0,0,15,15,0,0,44,0,0,0,0,0,0,0,0,0,,,,,,
0000026d--2363789071--21,E,600,62,56,7,4,0,0,0,0,12,12,0,0,10,0,0,0,0,0,0,0,0,0,,,,,,
0000026d--2363789071--22,E,599,44,38,6,4,0,0,0,0,9,9,0,0,19,0,0,0,0,0,0,0,0,0,,,,,,
0000026d--2363789071--23,E,600,34,32,3,2,0,0,0,0,6,6,0,0,23,0,0,0,0,0,0,0,0,0,,,,,,
0000026d--2363789071--24,E,599,28,28,3,1,0,0,0,0,18,18,0,0,42,0,0,0,0,0,0,0,0,0,,,,,,
0000026d--2363789071--25,E,600,63,59,5,5,0,0,0,0,11,11,0,0,12,0,0,0,0,0,0,0,0,0,,,,,,
0000026d--2363789071--26,E,599,14,10,5,3,0,0,0,0,6,6,0,0,39,0,0,0,0,0,0,0,0,0,,,,,,
0000026d--2363789071--27,E,599,19,19,1,1,0,0,0,0,1,1,0,0,0,0,0,0,0,0,0,0,0,0,,,,,,
0000026d--2363789071--28,E,599,55,54,1,0,0,17,17,0,119,119,5,106,2,0,0,0,0,0,0,0,0,0,,,,,,
0000026d--2363789071--29,E,599,50,50,0,0,0,0,0,0,0,0,0,0,0,0,0,0,0,0,0,0,0,0,,,,,,
0000026d--2363789071--3,E,599,75,70,7,3,0,2,2,0,400,400,2,391,20,2,2,0,2,0,0,0,0,0,,,,,,
0000026d--2363789071--30,E,600,40,36,4,2,0,0,0,0,5,5,0,0,0,0,0,0,0,0,0,0,0,0,,,,,,
0000026d--2363789071--31,E,600,15,14,3,1,0,0,0,0,4,4,0,0,29,0,0,0,0,0,0,0,0,0,,,,,,
0000026d--2363789071--32,E,600,16,16,0,0,0,0,0,0,0,0,0,0,0,0,0,0,0,0,0,0,0,0,,,,,,
0000026d--2363789071--33,E,600,30,28,4,4,0,0,0,0,5,5,0,0,30,0,0,0,0,0,0,0,0,0,,,,,,
0000026d--2363789071--34,E,600,8,7,1,0,0,23,23,0,202,202,8,177,23,0,0,0,0,0,0,0,0,0,,,,,,
0000026d--2363789071--35,E,600,3,2,1,0,0,25,25,0,49,49,17,32,14,0,0,0,0,0,0,0,0,0,,,,,,
0000026d--2363789071--36,E,600,21,10,11,6,0,0,0,0,17,17,0,0,34,0,0,0,0,0,0,0,0,0,,,,,,
0000026d--2363789071--37,E,600,36,34,3,1,0,0,0,0,3,3,0,0,0,0,0,0,0,0,0,0,0,0,,,,,,
0000026d--2363789071--38,E,600,32,32,2,0,0,0,0,0,2,2,0,0,4,0,0,0,0,0,0,0,0,0,,,,,,
0000026d--2363789071--39,E,600,45,40,5,3,0,10,10,0,163,163,9,159,4,0,0,0,0,0,0,0,0,0,,,,,,
0000026d--2363789071--4,E,599,53,45,8,5,0,0,0,0,11,11,0,0,21,0,0,0,0,0,0,0,0,0,,,,,,
0000026d--2363789071--40,E,600,13,13,0,0,0,0,0,0,0,0,0,0,0,0,0,0,0,0,0,0,0,0,,,,,,
0000026d--2363789071--41,E,600,9,7,3,1,0,0,0,0,5,5,0,0,14,0,0,0,0,0,0,0,0,0,,,,,,
0000026d--2363789071--42,E,600,60,51,10,7,0,1,1,0,16,16,0,0,10,0,0,0,0,0,0,0,0,0,,,,,,
0000026d--2363789071--43,E,600,59,50,10,6,0,0,0,0,29,29,0,0,83,0,0,0,0,0,0,0,0,0,,,,,,
0000026d--2363789071--44,E,600,5,5,0,0,0,0,0,0,0,0,0,0,0,0,0,0,0,0,0,0,0,0,,,,,,
0000026d--2363789071--45,E,600,51,50,4,4,0,0,0,0,12,12,0,0,15,0,0,0,0,0,0,0,0,0,,,,,,
0000026d--2363789071--46,E,600,75,69,6,3,0,0,0,0,4,4,0,0,2,0,0,0,0,0,0,0,0,0,,,,,,
0000026d--2363789071--47,E,600,29,25,5,3,0,0,0,0,4,4,0,0,3,0,0,0,0,0,0,0,0,0,,,,,,
0000026d--2363789071--48,E,600,30,26,5,2,0,11,11,0,110,110,11,99,21,0,0,0,0,0,0,0,0,0,,,,,,
0000026d--2363789071--49,E,600,77,70,8,4,0,0,0,0,7,7,0,0,17,0,0,0,0,0,0,0,0,0,,,,,,
0000026d--2363789071--5,E,599,66,64,3,2,0,44,44,0,372,372,42,363,54,0,0,0,0,0,0,0,0,0,,,,,,
0000026d--2363789071--50,E,600,49,47,3,2,0,0,0,0,7,7,0,0,2,0,0,0,0,0,0,0,0,0,,,,,,
0000026d--2363789071--51,E,599,15,11,5,3,0,0,0,0,12,12,0,0,34,0,0,0,0,0,0,0,0,0,,,,,,
0000026d--2363789071--52,E,599,17,12,6,3,0,0,0,0,12,12,0,0,8,0,0,0,0,0,0,0,0,0,,,,,,
0000026d--2363789071--53,E,599,1,1,1,0,0,0,0,0,4,4,0,0,18,0,0,0,0,0,0,0,0,0,,,,,,
0000026d--2363789071--54,E,599,58,51,8,4,0,0,0,0,21,21,0,0,59,0,0,0,0,0,0,0,0,0,,,,,,
0000026d--2363789071--55,E,599,26,16,10,5,0,0,0,0,24,24,0,0,140,0,0,0,0,0,0,0,0,0,,,,,,
0000026d--2363789071--56,E,599,39,27,12,8,0,0,0,0,34,34,0,0,51,0,0,0,0,0,0,0,0,0,,,,,,0
0000026d--2363789071--57,E,600,71,68,3,2,0,23,23,0,140,140,12,125,22,0,0,0,0,0,0,0,0,0,,,,,,
0000026d--2363789071--58,E,600,37,31,10,6,0,0,0,0,14,14,0,0,55,0,0,0,0,0,0,0,0,0,,,,,,
0000026d--2363789071--59,E,600,9,3,6,3,0,0,0,0,6,6,0,0,59,0,0,0,0,0,0,0,0,0,,,,,,
0000026d--2363789071--6,E,599,54,47,9,4,0,0,0,0,18,18,0,0,36,0,0,0,0,0,0,0,0,0,,,,,,
0000026d--2363789071--60,E,600,1,1,0,0,0,0,0,0,0,0,0,0,0,0,0,0,0,0,0,0,0,0,,,,,,0
0000026d--2363789071--61,E,600,38,32,6,2,0,4,4,0,11,11,1,1,54,0,0,0,0,0,0,0,0,0,,,,,,
0000026d--2363789071--62,E,600,25,25,0,0,0,0,0,0,0,0,0,0,0,0,0,0,0,0,0,0,0,0,,,,,,
0000026d--2363789071--63,E,600,24,24,0,0,0,0,0,0,0,0,0,0,0,0,0,0,0,0,0,0,0,0,,,,,,
0000026d--2363789071--64,E,600,3,3,0,0,0,0,0,0,0,0,0,0,0,0,0,0,0,0,0,0,0,0,,,,,,
0000026d--2363789071--65,E,600,5,5,1,0,0,0,0,0,2,2,0,0,0,0,0,0,0,0,0,0,0,0,,,,,,
0000026d--2363789071--66,E,600,50,44,6,4,0,0,0,0,11,11,0,0,18,0,0,0,0,0,0,0,0,0,,,,,,
0000026d--2363789071--67,E,600,44,38,8,4,0,0,0,0,15,15,0,0,0,0,0,0,0,0,0,0,0,0,,,,,,
0000026d--2363789071--68,E,600,10,6,4,3,0,0,0,0,5,5,0,0,0,0,0,0,0,0,0,0,0,0,,,,,,
0000026d--2363789071--69,E,600,3,3,0,0,0,0,0,0,0,0,0,0,0,0,0,0,0,0,0,0,0,0,,,,,,
0000026d--2363789071--7,E,600,43,41,4,2,0,9,9,0,18,18,0,0,37,0,0,0,0,0,0,0,0,0,,,,,,
0000026d--2363789071--70,E,600,61,59,3,1,0,0,0,0,8,8,0,0,27,0,0,0,0,0,0,0,0,0,,,,,,
0000026d--2363789071--71,E,600,49,45,6,2,0,27,27,0,220,220,18,205,47,0,0,0,0,0,0,0,0,0,,,,,,
0000026d--2363789071--72,E,600,17,14,4,1,0,27,27,0,36,36,25,25,10,0,0,0,0,0,0,0,0,0,,,,,,
0000026d--2363789071--73,E,600,34,29,8,4,0,0,0,0,8,8,0,0,40,0,0,0,0,0,0,0,0,0,,,,,,
0000026d--2363789071--74,E,600,22,16,7,4,0,0,0,0,11,11,0,0,29,0,0,0,0,0,0,0,0,0,,,,,,
0000026d--2363789071--75,E,600,23,19,5,2,0,0,0,0,11,11,0,0,32,0,0,0,0,0,0,0,0,0,,,,,,
0000026d--2363789071--76,E,600,32,24,9,5,0,0,0,0,10,10,0,0,44,0,0,0,0,0,0,0,0,0,,,,,,
0000026d--2363789071--77,E,599,34,32,5,2,0,0,0,0,8,8,0,0,19,0,0,0,0,0,0,0,0,0,,,,,,
0000026d--2363789071--78,E,599,43,35,8,7,0,0,0,0,13,13,0,0,45,0,0,0,0,0,0,0,0,0,,,,,,
0000026d--2363789071--79,E,599,18,14,4,3,0,0,0,0,7,7,0,0,0,0,0,0,0,0,0,0,0,0,,,,,,
0000026d--2363789071--8,E,600,48,44,5,3,0,0,0,0,9,9,0,0,4,0,0,0,0,0,0,0,0,0,,,,,,
0000026d--2363789071--80,E,600,26,19,9,4,0,4,4,0,19,19,1,1,15,0,0,0,0,0,0,0,0,0,,,,,,
0000026d--2363789071--81,E,600,41,33,9,5,0,0,0,0,12,12,0,0,13,0,0,0,0,0,0,0,0,0,,,,,,
0000026d--2363789071--82,E,599,2,2,0,0,0,0,0,0,0,0,0,0,0,0,0,0,0,0,0,0,0,0,,,,,,
0000026d--2363789071--83,E,599,20,18,3,1,0,0,0,0,2,2,0,0,8,0,0,0,0,0,0,0,0,0,,,,,,
0000026d--2363789071--84,E,599,5,3,2,1,0,0,0,0,1,1,0,0,11,0,0,0,0,0,0,0,0,0,,,,,,
0000026d--2363789071--85,E,600,9,9,2,1,0,0,0,0,11,11,0,0,13,0,0,0,0,0,0,0,0,0,,,,,,
0000026d--2363789071--86,E,600,8,6,2,2,0,0,0,0,5,5,0,0,21,0,0,0,0,0,0,0,0,0,,,,,,
0000026d--2363789071--87,E,600,28,24,5,3,0,0,0,0,6,6,0,0,10,0,0,0,0,0,0,0,0,0,,,,,,
0000026d--2363789071--88,E,600,23,23,1,1,0,0,0,0,1,1,0,0,15,0,0,0,0,0,0,0,0,0,,,,,,
0000026d--2363789071--89,E,600,37,32,5,3,0,12,12,0,39,39,1,25,11,0,0,0,0,0,0,0,0,0,,,,,,
0000026d--2363789071--9,E,600,61,59,3,3,0,0,0,0,5,5,0,0,28,0,0,0,0,0,0,0,0,0,,,,,,
0000026d--2363789071--90,E,600,64,56,11,7,0,0,0,0,18,18,0,0,35,0,0,0,0,0,0,0,0,0,,,,,,
0000026d--2363789071--91,E,600,43,43,1,0,0,0,0,0,2,2,0,0,0,0,0,0,0,0,0,0,0,0,,,,,,
0000026d--2363789071--92,E,600,18,18,0,0,0,0,0,0,0,0,0,0,0,0,0,0,0,0,0,0,0,0,,,,,,
0000026d--2363789071--93,E,600,6,6,0,0,0,0,0,0,0,0,0,0,0,0,0,0,0,0,0,0,0,0,,,,,,
0000026d--2363789071--94,E,600,26,24,5,2,0,0,0,0,21,21,0,0,32,0,0,0,0,0,0,0,0,0,,,,,,
0000026d--2363789071--95,E,600,132,118,18,11,0,0,0,0,38,38,0,0,149,0,0,0,0,0,0,0,0,0,,,,,,
0000026d--2363789071--96,E,600,103,70,33,22,0,0,0,0,36,36,0,0,224,0,0,0,0,0,0,0,0,0,,,,,,
0000026d--2363789071--97,E,600,30,26,5,2,0,0,0,0,25,25,0,0,52,0,0,0,0,0,0,0,0,0,,,,,,
0000026d--2363789071--98,E,600,200,170,39,26,0,8,8,0,103,103,8,37,167,0,0,0,0,0,0,0,0,0,,,,,,
0000026d--2363789071--99,E,600,59,52,8,2,0,74,74,0,223,223,67,153,136,0,0,0,0,0,0,0,0,0,,,,,,
00000273--d384c0a41a--0,E,618,13,13,1,0,0,0,0,0,1,1,0,0,0,0,0,0,0,0,0,0,0,0,,,,,,
00000273--d384c0a41a--1,E,600,38,28,13,8,0,7,7,0,22,22,3,3,51,0,0,0,0,0,0,0,0,0,,,,,,
00000273--d384c0a41a--10,E,599,3,1,2,1,0,0,0,0,2,2,0,0,16,0,0,0,0,0,0,0,0,0,,,,,,
00000273--d384c0a41a--11,E,600,1,1,0,0,0,0,0,0,0,0,0,0,0,0,0,0,0,0,0,0,0,0,,,,,,
00000273--d384c0a41a--12,E,600,7,5,2,1,0,0,0,0,1,1,0,0,8,0,0,0,0,0,0,0,0,0,,,,,,
00000273--d384c0a41a--13,E,600,46,38,9,8,0,0,0,0,12,12,0,0,34,0,0,0,0,0,0,0,0,0,,,,,,
00000273--d384c0a41a--14,E,600,11,11,1,0,0,0,0,0,1,1,0,0,0,0,0,0,0,0,0,0,0,0,,,,,,
00000273--d384c0a41a--15,E,600,25,21,6,5,0,0,0,0,7,7,0,0,36,0,0,0,0,0,0,0,0,0,,,,,,
00000273--d384c0a41a--16,E,600,17,17,1,0,0,0,0,0,1,1,0,0,0,0,0,0,0,0,0,0,0,0,,,,,,
00000273--d384c0a41a--17,E,600,37,33,6,3,0,0,0,0,10,10,0,0,36,0,0,0,0,0,0,0,0,0,,,,,,
00000273--d384c0a41a--18,E,600,12,10,2,1,0,0,0,0,3,3,0,0,0,0,0,0,0,0,0,0,0,0,,,,,,
00000273--d384c0a41a--19,E,600,32,29,4,2,0,0,0,0,17,17,0,0,23,0,0,0,0,0,0,0,0,0,,,,,,
00000273--d384c0a41a--2,E,600,8,6,2,1,0,13,13,0,156,156,13,147,5,0,0,0,0,0,0,0,0,0,,,,,,
00000273--d384c0a41a--20,E,600,27,25,4,2,0,0,0,0,9,9,0,0,5,0,0,0,0,0,0,0,0,0,,,,,,
00000273--d384c0a41a--21,E,600,39,36,5,2,0,0,0,0,11,11,0,0,41,0,0,0,0,0,0,0,0,0,,,,,,
00000273--d384c0a41a--22,E,600,49,41,10,3,0,54,54,0,189,189,45,170,58,0,0,0,0,0,0,0,0,0,,,,,,
00000273--d384c0a41a--23,E,600,26,23,4,1,0,0,0,0,3,3,0,0,18,0,0,0,0,0,0,0,0,0,,,,,,
00000273--d384c0a41a--24,E,600,20,20,0,0,0,0,0,0,0,0,0,0,0,0,0,0,0,0,0,0,0,0,,,,,,
00000273--d384c0a41a--25,E,600,11,7,4,2,0,1,1,0,16,16,0,0,138,0,0,0,0,0,0,0,0,0,,,,,,
00000273--d384c0a41a--26,E,599,76,63,15,10,0,0,0,0,12,12,0,0,53,0,0,0,0,0,0,0,0,0,,,,,,
00000273--d384c0a41a--27,E,599,68,52,17,10,0,0,0,0,18,18,0,0,122,0,0,0,0,0,0,0,0,0,,,,,,
00000273--d384c0a41a--28,E,599,51,40,12,6,0,0,0,0,13,13,0,0,28,0,0,0,0,0,0,0,0,0,,,,,,
00000273--d384c0a41a--29,E,599,20,20,0,0,0,0,0,0,0,0,0,0,0,0,0,0,0,0,0,0,0,0,,,,,,
00000273--d384c0a41a--3,E,599,15,11,5,2,0,0,0,0,3,3,0,0,0,0,0,0,0,0,0,0,0,0,,,,,,
00000273--d384c0a41a--30,E,600,9,7,3,2,0,0,0,0,3,3,0,0,29,0,0,0,0,0,0,0,0,0,,,,,,
00000273--d384c0a41a--31,E,600,54,52,4,3,0,0,0,0,5,5,0,0,4,0,0,0,0,0,0,0,0,0,,,,,,
00000273--d384c0a41a--32,E,599,47,39,9,6,0,0,0,0,11,11,0,0,94,0,0,0,0,0,0,0,0,0,,,,,,
00000273--d384c0a41a--33,E,600,22,20,3,1,0,0,0,0,6,6,0,0,18,0,0,0,0,0,0,0,0,0,,,,,,
00000273--d384c0a41a--34,E,599,15,15,1,0,0,0,0,0,4,4,0,0,0,0,0,0,0,0,0,0,0,0,,,,,,
00000273--d384c0a41a--35,E,600,54,47,12,7,0,31,31,0,415,415,1,382,32,124,124,0,124,0,0,0,0,0,,,,,,
00000273--d384c0a41a--36,E,600,22,22,0,0,0,0,0,0,0,0,0,0,0,0,0,0,0,0,0,0,0,0,,,,,,
00000273--d384c0a41a--37,E,600,59,57,3,3,0,0,0,0,3,3,0,0,3,0,0,0,0,0,0,0,0,0,,,,,,
00000273--d384c0a41a--38,E,600,44,39,6,4,0,9,9,0,17,17,7,7,23,0,0,0,0,0,0,0,0,0,,,,,,
00000273--d384c0a41a--39,E,600,4,4,0,0,0,0,0,0,0,0,0,0,0,0,0,0,0,0,0,0,0,0,,,,,,
00000273--d384c0a41a--4,E,599,15,13,2,1,0,7,7,0,10,10,1,1,41,0,0,0,0,0,0,0,0,0,,,,,,
00000273--d384c0a41a--40,E,600,21,19,2,1,0,0,0,0,1,1,0,0,2,0,0,0,0,0,0,0,0,0,,,,,,
00000273--d384c0a41a--41,E,600,25,20,5,4,0,0,0,0,11,11,0,0,45,0,0,0,0,0,0,0,0,0,,,,,,
00000273--d384c0a41a--42,E,561,39,36,3,2,0,0,0,0,7,7,0,0,14,0,0,0,0,0,0,0,0,0,,,,,,
00000273--d384c0a41a--5,E,600,72,64,11,8,0,0,0,0,16,16,0,0,42,0,0,0,0,0,0,0,0,0,,,,,,
00000273--d384c0a41a--6,E,600,8,6,2,1,0,0,0,0,6,6,0,0,25,0,0,0,0,0,0,0,0,0,,,,,,
00000273--d384c0a41a--7,E,599,22,20,2,1,0,0,0,0,3,3,0,0,0,0,0,0,0,0,0,0,0,0,,,,,,
00000273--d384c0a41a--8,E,599,60,57,5,3,0,13,13,0,144,144,10,135,40,0,0,0,0,0,0,0,0,0,,,,,,
00000273--d384c0a41a--9,E,600,23,19,5,2,0,0,0,0,11,11,0,0,16,0,0,0,0,0,0,0,0,0,,,,,,
00000274--d3bbe6ddcd--19,E,599,52,41,13,9,0,0,0,0,21,21,0,0,7,0,0,0,0,0,0,0,0,0,,,,,,
00000274--d3bbe6ddcd--33,E,600,9,9,2,1,0,0,0,0,10,10,0,0,16,0,0,0,0,0,0,0,0,0,,,,,,
00000274--d3bbe6ddcd--34,E,600,36,36,0,0,0,0,0,0,0,0,0,0,0,0,0,0,0,0,0,0,0,0,,,,,,
0000027f--cb2a133365--10,E,600,4,4,0,0,0,0,0,0,0,0,0,0,0,0,0,0,0,0,0,0,0,0,,,,,,
0000027f--cb2a133365--11,E,600,124,108,18,9,0,61,61,0,145,145,55,112,212,0,0,0,0,0,0,0,0,0,,,,,,
0000027f--cb2a133365--12,E,600,38,26,16,9,0,410,410,0,475,475,408,417,147,0,0,0,0,0,0,0,0,0,,,,,,
0000027f--cb2a133365--13,E,600,5,5,0,0,0,0,0,0,0,0,0,0,0,0,0,0,0,0,0,0,0,0,,,,,,
0000027f--cb2a133365--14,E,600,50,46,5,2,0,0,0,0,12,12,0,0,47,0,0,0,0,0,0,0,0,0,,,,,,
0000027f--cb2a133365--15,E,600,25,19,8,5,0,0,0,0,39,39,0,0,57,0,0,0,0,0,0,0,0,0,,,,,,
0000027f--cb2a133365--16,E,600,105,86,19,13,0,25,25,0,352,352,23,342,60,0,0,0,0,0,0,0,0,0,,,,,,
0000027f--cb2a133365--17,E,600,10,5,5,2,0,0,0,0,9,9,0,0,7,0,0,0,0,0,0,0,0,0,,,,,,
0000027f--cb2a133365--18,E,600,61,47,16,10,0,0,0,0,36,36,0,0,98,6,6,0,0,0,0,0,6,0,,,,,,
0000027f--cb2a133365--19,E,600,48,44,4,1,0,63,63,0,452,452,54,440,0,0,0,0,0,0,0,0,0,0,,,,,,
0000027f--cb2a133365--2,E,599,26,23,5,1,0,0,0,0,25,25,0,0,41,0,0,0,0,0,0,0,0,0,,,,,,
0000027f--cb2a133365--20,E,600,112,82,35,22,0,0,0,0,36,36,0,0,127,0,0,0,0,0,0,0,0,0,,,,,,
0000027f--cb2a133365--21,E,600,109,84,31,19,0,29,29,0,395,395,17,338,295,0,0,0,0,0,0,0,0,0,,,,,,
0000027f--cb2a133365--22,E,599,57,48,11,6,0,104,104,0,399,399,85,368,117,0,0,0,0,0,0,0,0,0,,,,,,
0000027f--cb2a133365--23,E,600,3,3,0,0,0,0,0,0,0,0,0,0,0,0,0,0,0,0,0,0,0,0,,,,,,
0000027f--cb2a133365--24,E,599,1,1,0,0,0,0,0,0,0,0,0,0,0,0,0,0,0,0,0,0,0,0,,,,,,
0000027f--cb2a133365--25,E,599,78,72,12,4,0,0,0,0,49,49,0,0,89,0,0,0,0,0,0,0,0,0,,,,,,
0000027f--cb2a133365--26,E,600,44,40,5,2,0,5,5,0,60,60,0,0,64,0,0,0,0,0,0,0,0,0,,,,,,
0000027f--cb2a133365--27,E,599,27,18,10,6,0,0,0,0,15,15,0,0,35,0,0,0,0,0,0,0,0,0,,,,,,
0000027f--cb2a133365--3,E,600,13,12,1,0,0,12,12,0,24,24,9,19,3,0,0,0,0,0,0,0,0,0,,,,,,
0000027f--cb2a133365--4,E,600,35,33,3,0,0,3,3,0,86,86,1,73,47,0,0,0,0,0,0,0,0,0,,,,,,
0000027f--cb2a133365--5,E,600,17,17,0,0,0,0,0,0,0,0,0,0,0,0,0,0,0,0,0,0,0,0,,,,,,
0000027f--cb2a133365--6,E,600,86,75,21,10,0,27,27,0,167,167,10,137,146,0,0,0,0,0,0,0,0,0,,,,,,
0000027f--cb2a133365--7,E,600,18,18,0,0,0,0,0,0,0,0,0,0,0,0,0,0,0,0,0,0,0,0,,,,,,
0000027f--cb2a133365--8,E,600,152,142,13,6,0,0,0,0,21,21,0,0,111,0,0,0,0,0,0,0,0,0,,,,,,
0000027f--cb2a133365--9,E,600,2,2,0,0,0,0,0,0,0,0,0,0,0,0,0,0,0,0,0,0,0,0,,,,,,
00000280--91181081d4--10,E,600,72,68,6,5,0,0,0,0,4,4,0,0,22,0,0,0,0,0,0,0,0,0,,,,,,
00000280--91181081d4--11,E,600,75,62,18,11,0,24,24,0,178,178,5,136,105,0,0,0,0,0,0,0,0,0,,,,,,
00000280--91181081d4--12,E,600,28,24,4,2,0,0,0,0,2,2,0,0,0,0,0,0,0,0,0,0,0,0,,,,,,
00000280--91181081d4--13,E,600,20,12,9,7,0,0,0,0,7,7,0,0,13,0,0,0,0,0,0,0,0,0,,,,,,
00000280--91181081d4--14,E,600,68,60,8,1,0,38,38,0,189,189,19,166,24,0,0,0,0,0,0,0,0,0,,,,,,
00000280--91181081d4--15,E,599,71,65,7,7,0,0,0,0,14,14,0,0,52,0,0,0,0,0,0,0,0,0,0.0,0,,,,
00000280--91181081d4--16,E,600,35,35,1,0,0,0,0,0,1,1,0,0,0,0,0,0,0,0,0,0,0,0,,,,,,
00000280--91181081d4--17,E,600,87,80,13,4,0,4,4,0,155,155,4,121,55,0,0,0,0,0,0,0,0,0,,,,,,
00000280--91181081d4--18,E,600,14,14,0,0,0,0,0,0,0,0,0,0,0,0,0,0,0,0,0,0,0,0,,,,,,
00000280--91181081d4--19,E,600,66,58,12,4,0,55,55,0,184,184,43,167,14,0,0,0,0,0,0,0,0,0,,,,,,
00000280--91181081d4--20,E,600,21,17,5,2,0,0,0,0,13,13,0,0,40,0,0,0,0,0,0,0,0,0,,,,,,
00000280--91181081d4--21,E,600,75,69,11,7,0,7,7,0,16,29,0,0,476,476,476,0,7,0,0,0,469,0,,,,,,
00000280--91181081d4--22,E,600,22,22,1,0,0,0,0,0,1,1,0,0,0,0,0,0,0,0,0,0,0,0,,,,,,
00000280--91181081d4--23,E,600,52,46,6,4,0,0,0,0,17,17,0,0,56,0,0,0,0,0,0,0,0,0,,,,,,
00000280--91181081d4--24,E,600,149,137,20,8,0,19,19,0,179,179,18,159,57,0,0,0,0,0,0,0,0,0,,,,,,
00000280--91181081d4--25,E,600,128,96,36,21,0,45,45,0,431,431,27,400,125,0,0,0,0,0,0,0,0,0,,,,,,
00000280--91181081d4--29,E,599,66,60,8,5,0,0,0,0,11,11,0,0,26,0,0,0,0,0,0,0,0,0,,,,,,
00000280--91181081d4--30,E,599,245,209,42,31,0,4,4,0,56,56,0,0,178,0,0,0,0,0,0,0,0,0,,,,,,
00000280--91181081d4--31,E,600,167,156,18,9,0,7,7,0,226,226,7,209,97,0,0,0,0,0,0,0,0,0,,,,,,
00000280--91181081d4--32,E,599,26,24,3,1,0,0,0,0,7,7,0,0,21,0,0,0,0,0,0,0,0,0,,,,,,
00000280--91181081d4--33,E,600,254,174,87,55,0,79,79,0,253,253,22,129,541,0,0,0,0,0,0,0,0,0,,,,,,
00000280--91181081d4--34,E,600,28,26,2,1,0,0,0,0,8,8,0,0,8,0,0,0,0,0,0,0,0,0,,,,,,
00000280--91181081d4--35,E,600,130,104,29,19,0,0,0,0,61,61,0,0,180,0,0,0,0,0,0,0,0,0,,,,,,
00000280--91181081d4--36,E,600,183,162,21,16,0,16,16,0,46,46,8,18,113,0,0,0,0,0,0,0,0,0,,,,,,
00000280--91181081d4--37,E,600,40,36,7,4,0,0,0,0,65,65,0,0,90,0,0,0,0,0,0,0,0,0,,,,,,
00000280--91181081d4--38,E,600,40,21,21,10,0,10,10,0,185,185,4,164,91,0,0,0,0,0,0,0,0,0,,,,,,
00000280--91181081d4--39,E,600,68,58,11,7,0,113,113,0,127,127,113,113,122,0,0,0,0,0,0,0,0,0,,,,,,
00000280--91181081d4--4,E,600,97,71,26,17,0,3,3,0,222,222,2,190,144,0,0,0,0,0,0,0,0,0,,,,,,
00000280--91181081d4--40,E,600,95,80,20,9,0,29,29,0,138,138,28,111,82,0,0,0,0,0,0,0,0,0,,,,,,
00000280--91181081d4--41,E,600,64,54,15,4,0,3,3,0,51,51,0,0,76,0,0,0,0,0,0,0,0,0,,,,,,
00000280--91181081d4--42,E,600,47,39,10,5,0,36,36,0,126,126,14,72,105,0,0,0,0,0,0,0,0,0,,,,,,
00000280--91181081d4--43,E,600,62,54,11,3,0,0,0,0,63,63,0,0,106,0,0,0,0,0,0,0,0,0,,,,,,
00000280--91181081d4--44,E,600,71,61,9,3,0,72,72,0,375,375,71,359,113,148,148,0,148,0,0,0,0,0,,,,,,
00000280--91181081d4--5,E,599,86,74,15,7,0,28,28,0,203,203,28,166,129,0,0,0,0,0,0,0,0,0,,,,,,
00000280--91181081d4--6,E,600,89,78,13,5,0,10,10,0,201,201,5,168,156,0,0,0,0,0,0,0,0,0,,,,,,
00000280--91181081d4--7,E,600,119,111,8,6,0,3,3,0,397,397,3,385,38,0,0,0,0,0,0,0,0,0,,,,,,
00000280--91181081d4--8,E,600,67,65,2,1,0,0,0,0,1,1,0,0,0,0,0,0,0,0,0,0,0,0,,,,,,
00000280--91181081d4--9,E,600,9,9,0,0,0,0,0,0,0,0,0,0,0,0,0,0,0,0,0,0,0,0,,,,,,
00000283--b395338ef9--0,E,620,97,81,21,8,0,0,0,0,47,47,0,0,165,0,0,0,0,0,0,0,0,0,,,,,,
00000283--b395338ef9--1,E,600,31,29,2,1,0,0,0,0,4,4,0,0,0,0,0,0,0,0,0,0,0,0,,,,,,
00000283--b395338ef9--10,E,600,118,110,9,7,0,0,0,0,19,19,0,0,36,0,0,0,0,0,0,0,0,0,,,,,,
00000283--b395338ef9--11,E,600,36,26,11,7,0,0,0,0,18,18,0,0,18,0,0,0,0,0,0,0,0,0,,,,,,
00000283--b395338ef9--12,E,600,140,115,28,17,0,11,11,0,55,55,0,0,103,0,0,0,0,0,0,0,0,0,,,,,,
00000283--b395338ef9--13,E,600,28,24,6,4,0,0,0,0,14,14,0,0,44,0,0,0,0,0,0,0,0,0,,,,,,
00000283--b395338ef9--14,E,600,26,20,7,4,0,0,0,0,9,9,0,0,46,0,0,0,0,0,0,0,0,0,,,,,,
00000283--b395338ef9--15,E,600,28,26,2,1,0,0,0,0,1,1,0,0,30,0,0,0,0,0,0,0,0,0,,,,,,
00000283--b395338ef9--16,E,600,11,10,2,0,0,30,30,0,113,113,28,109,27,0,0,0,0,0,0,0,0,0,,,,,,
00000283--b395338ef9--17,E,599,33,29,6,4,0,0,0,0,24,24,0,0,34,0,0,0,0,0,0,0,0,0,,,,,,
00000283--b395338ef9--18,E,599,32,28,7,4,0,0,0,0,14,14,0,0,60,0,0,0,0,0,0,0,0,0,,,,,,
00000283--b395338ef9--19,E,600,38,34,8,5,0,0,0,0,14,14,0,0,30,0,0,0,0,0,0,0,0,0,,,,,,
00000283--b395338ef9--2,E,600,36,34,2,1,0,0,0,0,5,5,0,0,8,0,0,0,0,0,0,0,0,0,,,,,,
00000283--b395338ef9--20,E,599,51,46,8,3,0,0,0,0,22,22,0,0,55,0,0,0,0,0,0,0,0,0,,,,,,
00000283--b395338ef9--21,E,600,46,44,5,4,0,0,0,0,10,10,0,0,15,0,0,0,0,0,0,0,0,0,,,,,,
00000283--b395338ef9--22,E,600,37,32,5,2,0,11,11,0,104,104,2,89,64,0,0,0,0,0,0,0,0,0,,,,,,
00000283--b395338ef9--23,E,599,79,60,22,17,0,2,2,0,53,53,1,1,53,0,0,0,0,0,0,0,0,0,,,,,,
00000283--b395338ef9--24,E,599,153,139,18,9,0,0,0,0,18,18,0,0,15,0,0,0,0,0,0,0,0,0,,,,,,
00000283--b395338ef9--25,E,600,127,109,22,9,0,17,17,0,253,253,16,238,148,0,0,0,0,0,0,0,0,0,,,,,,
00000283--b395338ef9--26,E,600,126,101,32,27,0,15,15,0,251,251,3,225,74,0,0,0,0,0,0,0,0,0,,,,,,
00000283--b395338ef9--27,E,600,89,74,17,10,0,29,29,0,257,257,4,212,18,0,0,0,0,0,0,0,0,0,,,,,,
00000283--b395338ef9--28,E,600,107,84,28,17,0,0,0,0,53,53,0,0,54,0,0,0,0,0,0,0,0,0,,,,,,
00000283--b395338ef9--29,E,600,45,38,10,5,0,0,0,0,18,18,0,0,19,0,0,0,0,0,0,0,0,0,,,,,,
00000283--b395338ef9--3,E,600,56,51,7,2,0,18,18,0,133,133,18,120,10,0,0,0,0,0,0,0,0,0,,,,,,
00000283--b395338ef9--30,E,600,53,45,10,4,0,38,38,0,361,361,28,345,65,0,0,0,0,0,0,0,0,0,,,,,,
00000283--b395338ef9--31,E,600,127,110,25,11,0,87,87,0,188,188,68,158,118,0,0,0,0,0,0,0,0,0,,,,,,
00000283--b395338ef9--32,E,600,103,89,16,10,0,0,0,0,17,17,0,0,61,0,0,0,0,0,0,0,0,0,,,,,,
00000283--b395338ef9--33,E,600,14,14,1,0,0,0,0,0,3,3,0,0,14,0,0,0,0,0,0,0,0,0,,,,,,
00000283--b395338ef9--34,E,600,13,11,2,1,0,0,0,0,3,3,0,0,31,0,0,0,0,0,0,0,0,0,,,,,,
00000283--b395338ef9--35,E,600,3,2,1,0,0,4,4,0,291,291,1,287,4,0,0,0,0,0,0,0,0,0,,,,,,
00000283--b395338ef9--36,E,600,49,42,11,9,0,23,23,0,97,97,21,82,56,0,0,0,0,0,0,0,0,0,,,,,,
00000283--b395338ef9--37,E,600,47,37,11,7,0,0,0,0,15,15,0,0,23,0,0,0,0,0,0,0,0,0,,,,,,
00000283--b395338ef9--38,E,600,82,78,7,3,0,0,0,0,10,10,0,0,32,0,0,0,0,0,0,0,0,0,,,,,,
00000283--b395338ef9--39,E,600,22,17,7,5,0,0,0,0,13,13,0,0,16,0,0,0,0,0,0,0,0,0,,,,,,
00000283--b395338ef9--4,E,600,0,0,0,0,0,0,0,0,0,0,0,0,0,0,0,0,0,0,0,0,0,0,,,,,,
00000283--b395338ef9--40,E,600,11,11,2,0,0,0,0,0,6,6,0,0,417,0,0,0,0,0,0,0,0,0,,,,,,
00000283--b395338ef9--41,E,600,37,35,3,1,0,0,0,0,14,14,0,0,0,0,0,0,0,0,0,0,0,0,,,,,,
00000283--b395338ef9--42,E,600,8,4,4,2,0,0,0,0,5,5,0,0,0,0,0,0,0,0,0,0,0,0,,,,,,
00000283--b395338ef9--43,E,600,59,57,3,1,0,0,0,0,3,3,0,0,14,0,0,0,0,0,0,0,0,0,,,,,,
00000283--b395338ef9--44,E,600,171,123,50,38,0,13,13,0,47,47,13,27,45,0,0,0,0,0,0,0,0,0,,,,,,
00000283--b395338ef9--45,E,599,109,93,23,10,0,0,0,0,74,75,0,0,104,0,0,0,0,0,0,0,0,0,,,,,,
00000283--b395338ef9--46,E,600,8,8,0,0,0,0,0,0,0,0,0,0,0,0,0,0,0,0,0,0,0,0,,,,,,
00000283--b395338ef9--47,E,599,63,53,12,5,0,3,3,0,250,250,3,236,50,0,0,0,0,0,0,0,0,0,,,,,,
00000283--b395338ef9--48,E,599,36,34,3,1,0,0,0,0,8,8,0,0,30,0,0,0,0,0,0,0,0,0,,,,,,
00000283--b395338ef9--49,E,28,0,0,0,0,0,0,0,0,0,0,0,0,0,0,0,0,0,0,0,0,0,0,,,,,,
00000283--b395338ef9--5,E,600,20,20,1,0,0,0,0,0,8,8,0,0,0,0,0,0,0,0,0,0,0,0,,,,,,
00000283--b395338ef9--6,E,600,49,44,4,1,0,23,23,0,323,323,22,321,50,0,0,0,0,0,0,0,0,0,,,,,,
00000283--b395338ef9--7,E,600,23,21,3,2,0,0,0,0,4,4,0,0,0,0,0,0,0,0,0,0,0,0,,,,,,
00000283--b395338ef9--8,E,600,104,90,15,9,0,0,0,0,30,30,0,0,79,0,0,0,0,0,0,0,0,0,,,,,,
00000283--b395338ef9--9,E,600,9,6,3,2,0,0,0,0,2,2,0,0,0,0,0,0,0,0,0,0,0,0,,,,,,
00000285--27dca1de75--10,E,599,61,59,5,3,0,30,30,0,199,199,30,196,26,0,0,0,0,0,0,0,0,0,,,,,,
00000285--27dca1de75--11,E,599,24,20,5,2,0,0,0,0,8,8,0,0,4,0,0,0,0,0,0,0,0,0,,,,,,
00000285--27dca1de75--12,E,600,48,42,10,4,0,9,9,0,125,125,9,122,10,0,0,0,0,0,0,0,0,0,,,,,,
00000285--27dca1de75--13,E,600,88,78,11,5,0,93,93,0,184,184,62,140,43,2,2,0,2,0,0,0,0,0,,,,,,
00000285--27dca1de75--14,E,600,31,24,8,5,0,1,1,0,13,13,0,0,15,0,0,0,0,0,0,0,0,0,,,,,,
00000285--27dca1de75--15,E,600,63,51,15,9,0,0,0,0,21,21,0,0,64,0,0,0,0,0,0,0,0,0,,,,,,
00000285--27dca1de75--16,E,600,62,59,8,3,0,0,0,0,15,15,0,0,63,0,0,0,0,0,0,0,0,0,,,,,,
00000285--27dca1de75--17,E,600,87,73,14,8,0,0,0,0,16,16,0,0,47,0,0,0,0,0,0,0,0,0,,,,,,
00000285--27dca1de75--18,E,600,75,64,12,7,0,0,0,0,11,11,0,0,18,0,0,0,0,0,0,0,0,0,,,,,,
00000285--27dca1de75--19,E,600,93,88,12,3,0,24,24,0,486,486,22,481,20,0,0,0,0,0,0,0,0,0,,,,,,
00000285--27dca1de75--2,E,600,326,234,98,85,0,41,41,0,300,300,9,249,187,1,1,0,1,0,0,0,0,0,,,,,,
00000285--27dca1de75--20,E,600,66,64,4,2,0,38,38,0,167,167,13,122,34,0,0,0,0,0,0,0,0,0,,,,,,
00000285--27dca1de75--21,E,600,41,33,10,7,0,0,0,0,18,18,0,0,54,0,0,0,0,0,0,0,0,0,,,,,,
00000285--27dca1de75--22,E,600,28,26,8,4,0,424,424,0,428,428,420,420,223,155,155,0,155,0,0,0,0,0,,,,,,
00000285--27dca1de75--23,E,600,131,116,17,14,0,60,60,0,72,72,60,60,64,0,0,0,0,0,0,0,0,0,,,,,,
00000285--27dca1de75--24,E,600,73,61,14,11,0,0,0,0,15,15,0,0,26,0,0,0,0,0,0,0,0,0,,,,,,
00000285--27dca1de75--25,E,600,30,28,2,1,0,0,0,0,1,1,0,0,0,0,0,0,0,0,0,0,0,0,,,,,,
00000285--27dca1de75--26,E,600,82,72,15,8,0,0,0,0,30,30,0,0,69,0,0,0,0,0,0,0,0,0,,,,,,
00000285--27dca1de75--27,E,599,64,57,6,3,0,17,17,0,137,137,17,129,28,0,0,0,0,0,0,0,0,0,,,,,,
00000285--27dca1de75--28,E,599,114,94,25,13,0,44,44,0,329,329,38,304,194,0,0,0,0,0,0,0,0,0,,,,,,
00000285--27dca1de75--29,E,600,202,170,47,25,0,131,131,0,179,179,129,129,230,0,0,0,0,0,0,0,0,0,,,,,,
00000285--27dca1de75--3,E,599,45,41,4,2,0,0,0,0,8,8,0,0,30,0,0,0,0,0,0,0,0,0,,,,,,
00000285--27dca1de75--30,E,600,53,48,5,2,0,6,6,0,291,291,4,282,13,0,0,0,0,0,0,0,0,0,,,,,,
00000285--27dca1de75--31,E,599,36,36,0,0,0,0,0,0,0,0,0,0,0,0,0,0,0,0,0,0,0,0,,,,,,
00000285--27dca1de75--32,E,599,66,61,7,3,0,4,4,0,181,181,2,175,85,0,0,0,0,0,0,0,0,0,,,,,,
00000285--27dca1de75--33,E,599,16,14,2,1,0,0,0,0,1,1,0,0,546,0,0,0,0,0,0,0,0,0,,,,,,
00000285--27dca1de75--34,E,189,0,0,0,0,0,0,0,0,0,0,0,0,0,0,0,0,0,0,0,0,0,0,,,,,,
00000285--27dca1de75--4,E,599,14,11,4,1,0,31,31,0,94,94,30,89,47,0,0,0,0,0,0,0,0,0,,,,,,
00000285--27dca1de75--5,E,599,20,13,7,3,0,0,0,0,12,12,0,0,41,0,0,0,0,0,0,0,0,0,,,,,,
00000285--27dca1de75--6,E,599,19,19,0,0,0,0,0,0,0,0,0,0,0,0,0,0,0,0,0,0,0,0,,,,,,
00000285--27dca1de75--7,E,599,30,22,10,8,0,0,0,0,15,15,0,0,11,0,0,0,0,0,0,0,0,0,,,,,,
00000285--27dca1de75--8,E,600,10,8,2,1,0,0,0,0,1,1,0,0,0,0,0,0,0,0,0,0,0,0,,,,,,
00000285--27dca1de75--9,E,600,59,54,5,3,0,31,31,0,47,47,1,10,28,0,0,0,0,0,0,0,0,0,,,,,,
00000286--de6bd2c087--11,E,600,141,127,19,14,0,0,0,0,29,29,0,0,28,0,0,0,0,0,0,0,0,0,,,,,,
00000286--de6bd2c087--12,E,600,26,24,4,2,0,0,0,0,7,7,0,0,41,0,0,0,0,0,0,0,0,0,,,,,,
00000286--de6bd2c087--13,E,600,56,52,6,3,0,0,0,0,6,6,0,0,30,0,0,0,0,0,0,0,0,0,,,,,,
00000286--de6bd2c087--14,E,600,66,59,10,6,0,22,22,0,62,62,1,18,45,0,0,0,0,0,0,0,0,0,,,,,,
00000286--de6bd2c087--15,E,600,49,38,11,6,0,11,11,0,59,59,8,43,38,0,0,0,0,0,0,0,0,0,,,,,,
00000286--de6bd2c087--16,E,600,106,100,9,3,0,53,53,0,439,439,30,432,53,0,0,0,0,0,0,0,0,0,,,,,,
00000286--de6bd2c087--17,E,600,39,37,2,1,0,0,0,0,1,1,0,0,0,0,0,0,0,0,0,0,0,0,,,,,,
00000286--de6bd2c087--18,E,600,61,48,15,8,0,3,3,0,23,23,0,0,94,0,0,0,0,0,0,0,0,0,,,,,,
00000286--de6bd2c087--19,E,600,63,52,11,5,0,27,27,0,317,317,27,312,32,112,112,0,112,0,0,0,0,0,,,,,,
00000286--de6bd2c087--20,E,599,31,29,2,2,0,0,0,0,1,1,0,0,4,0,0,0,0,0,0,0,0,0,,,,,,
00000286--de6bd2c087--21,E,599,34,30,6,4,0,0,0,0,6,6,0,0,31,0,0,0,0,0,0,0,0,0,,,,,,
00000286--de6bd2c087--22,E,600,10,8,2,1,0,0,0,0,1,1,0,0,0,0,0,0,0,0,0,0,0,0,,,,,,
00000286--de6bd2c087--23,E,600,3,3,1,0,0,0,0,0,1,1,0,0,0,0,0,0,0,0,0,0,0,0,,,,,,
00000286--de6bd2c087--24,E,599,61,52,11,8,0,1,1,0,48,48,1,27,66,0,0,0,0,0,0,0,0,0,,,,,,
00000286--de6bd2c087--25,E,599,52,46,13,9,0,26,26,0,48,48,2,2,60,0,0,0,0,0,0,0,0,0,,,,,,
00000286--de6bd2c087--26,E,599,68,60,12,6,0,4,4,0,152,152,1,124,39,0,0,0,0,0,0,0,0,0,,,,,,
00000286--de6bd2c087--27,E,599,107,96,11,6,0,53,53,0,289,289,50,280,45,0,0,0,0,0,0,0,0,0,,,,,,
00000286--de6bd2c087--28,E,600,32,22,10,6,0,0,0,0,16,16,0,0,41,0,0,0,0,0,0,0,0,0,,,,,,
00000286--de6bd2c087--29,E,599,68,68,2,2,0,0,0,0,20,20,0,0,28,0,0,0,0,0,0,0,0,0,,,,,,
00000286--de6bd2c087--30,E,600,13,13,0,0,0,0,0,0,0,0,0,0,0,0,0,0,0,0,0,0,0,0,,,,,,
00000286--de6bd2c087--31,E,600,39,26,13,7,0,424,424,0,428,428,422,422,504,0,0,0,0,0,0,0,0,0,,,,,,
00000286--de6bd2c087--32,E,600,28,26,2,1,0,0,0,0,1,1,0,0,0,0,0,0,0,0,0,0,0,0,,,,,,
00000286--de6bd2c087--33,E,600,11,10,1,0,0,0,0,0,5,5,0,0,4,0,0,0,0,0,0,0,0,0,,,,,,
00000286--de6bd2c087--34,E,600,35,35,0,0,0,0,0,0,0,0,0,0,0,0,0,0,0,0,0,0,0,0,,,,,,
0000028b--ca855432c0--10,E,600,58,48,11,9,0,0,0,0,18,18,0,0,24,0,0,0,0,0,0,0,0,0,,,,,,
0000028b--ca855432c0--11,E,599,60,54,8,4,0,62,62,0,357,357,59,339,37,0,0,0,0,0,0,0,0,0,,,,,,
0000028b--ca855432c0--24,E,600,58,54,5,4,0,0,0,0,42,42,0,0,56,0,0,0,0,0,0,0,0,0,,,,,,
0000028b--ca855432c0--25,E,600,66,66,1,0,0,0,0,0,2,2,0,0,0,0,0,0,0,0,0,0,0,0,,,,,,
0000028b--ca855432c0--33,E,599,36,32,7,5,0,0,0,0,16,16,0,0,55,0,0,0,0,0,0,0,0,0,,,,,,0
0000028b--ca855432c0--57,E,599,315,266,56,43,0,33,33,0,252,252,30,186,121,0,0,0,0,0,0,0,0,0,,,,,,
0000028b--ca855432c0--58,E,600,213,181,42,20,0,28,28,0,322,322,6,284,174,0,0,0,0,0,0,0,0,0,,,,,,
0000028b--ca855432c0--78,E,600,40,37,6,2,0,25,25,0,338,338,17,321,38,0,0,0,0,0,0,0,0,0,,,,,,
0000028f--bc6e81a93a--32,E,600,168,147,24,17,0,9,9,0,159,159,3,132,54,0,0,0,0,0,0,0,0,0,,,,,,
0000028f--bc6e81a93a--35,E,600,76,69,11,7,0,16,16,0,42,42,2,2,72,0,0,0,0,0,0,0,0,0,,,,,,
0000028f--bc6e81a93a--36,E,599,163,131,34,25,0,5,5,0,57,57,1,1,86,0,0,0,0,0,0,0,0,0,,,,,,
0000028f--bc6e81a93a--37,E,600,216,198,34,20,0,208,208,0,351,351,207,326,289,0,0,0,0,0,0,0,0,0,,,,,,
0000028f--bc6e81a93a--38,E,600,193,176,26,17,0,13,13,0,373,373,10,350,80,0,0,0,0,0,0,0,0,0,,,,,,
00000292--6d6fbf4d88--17,E,600,38,34,5,4,0,0,0,0,10,10,0,0,44,0,0,0,0,0,0,0,0,0,,,,,,
00000294--307ed6c5e3--0,E,615,98,85,24,13,0,12,12,0,283,283,8,250,124,0,0,0,0,0,0,0,0,0,,,,,,
00000294--307ed6c5e3--1,E,600,36,32,6,2,0,0,0,0,24,25,7,7,85,0,0,0,0,0,0,0,0,0,,,,,,
00000294--307ed6c5e3--10,E,599,116,103,16,8,0,9,9,0,78,78,3,43,74,0,0,0,0,0,0,0,0,0,,,,,,
00000294--307ed6c5e3--11,E,599,78,62,16,11,0,0,0,0,25,25,0,0,21,0,0,0,0,0,0,0,0,0,,,,,,
00000294--307ed6c5e3--12,E,599,26,23,3,1,0,0,0,0,17,17,0,0,21,0,0,0,0,0,0,0,0,0,,,,,,
00000294--307ed6c5e3--13,E,599,93,81,12,8,0,0,0,0,14,14,0,0,62,0,0,0,0,0,0,0,0,0,,,,,,
00000294--307ed6c5e3--14,E,600,21,19,2,1,0,0,0,0,2,2,0,0,0,0,0,0,0,0,0,0,0,0,,,,,,
00000294--307ed6c5e3--15,E,600,72,63,13,6,0,3,3,0,47,47,0,0,54,0,0,0,0,0,0,0,0,0,,,,,,
00000294--307ed6c5e3--16,E,599,90,57,34,27,0,0,0,0,27,27,0,0,117,0,0,0,0,0,0,0,0,0,,,,,,
00000294--307ed6c5e3--17,E,600,214,202,16,8,0,8,8,0,438,438,7,428,47,0,0,0,0,0,0,0,0,0,,,,,,
00000294--307ed6c5e3--18,E,600,234,224,11,7,0,0,0,0,6,6,0,0,23,0,0,0,0,0,0,0,0,0,,,,,,
00000294--307ed6c5e3--19,E,600,310,231,91,63,0,21,21,0,392,392,17,383,180,117,117,0,117,0,0,0,0,0,,,,,,
00000294--307ed6c5e3--2,E,600,33,31,4,1,0,0,0,0,9,9,0,0,74,0,0,0,0,0,0,0,0,0,,,,,,
00000294--307ed6c5e3--20,E,600,186,137,51,40,0,224,224,0,252,252,218,218,246,2,2,0,2,0,0,0,0,0,,,,,,
00000294--307ed6c5e3--21,E,600,46,38,10,2,0,49,49,0,198,198,47,183,105,0,0,0,0,0,0,0,0,0,,,,,,
00000294--307ed6c5e3--22,E,600,6,6,0,0,0,0,0,0,0,0,0,0,0,0,0,0,0,0,0,0,0,0,,,,,,
00000294--307ed6c5e3--23,E,600,2,2,0,0,0,0,0,0,0,0,0,0,0,0,0,0,0,0,0,0,0,0,,,,,,
00000294--307ed6c5e3--24,E,600,58,45,21,9,0,38,38,0,125,125,35,67,176,0,0,0,0,0,0,0,0,0,,,,,,
00000294--307ed6c5e3--25,E,600,36,34,2,1,0,0,0,0,2,2,0,0,99,0,0,0,0,0,0,0,0,0,,,,,,
00000294--307ed6c5e3--26,E,600,14,14,0,0,0,0,0,0,0,0,0,0,0,0,0,0,0,0,0,0,0,0,,,,,,
00000294--307ed6c5e3--27,E,600,0,0,0,0,0,0,0,0,0,0,0,0,0,0,0,0,0,0,0,0,0,0,,,,,,
00000294--307ed6c5e3--28,E,600,76,69,10,5,0,0,0,0,25,25,0,0,80,0,0,0,0,0,0,0,0,0,,,,,,
00000294--307ed6c5e3--3,E,600,22,22,0,0,0,0,0,0,0,0,0,0,0,0,0,0,0,0,0,0,0,0,,,,,,
00000294--307ed6c5e3--4,E,600,228,179,56,40,0,0,0,0,87,87,2,2,128,0,0,0,0,0,0,0,0,0,,,,,,
00000294--307ed6c5e3--5,E,600,122,120,5,1,0,2,2,0,15,15,0,0,24,0,0,0,0,0,0,0,0,0,,,,,,
00000294--307ed6c5e3--6,E,600,87,74,18,11,0,6,6,0,28,28,0,0,36,0,0,0,0,0,0,0,0,0,,,,,,
00000294--307ed6c5e3--7,E,600,76,70,8,4,0,312,312,0,320,320,311,311,266,0,0,0,0,0,0,0,0,0,,,,,,
00000294--307ed6c5e3--8,E,599,116,102,18,10,0,7,7,0,125,125,7,110,12,0,0,0,0,0,0,0,0,0,,,,,,
00000294--307ed6c5e3--9,E,599,60,57,5,4,0,17,17,0,25,25,12,12,14,0,0,0,0,0,0,0,0,0,,,,,,
00000299--4e4dc57170--0,E,620,54,51,4,1,0,38,38,0,192,192,25,171,32,0,0,0,0,0,0,0,0,0,,,,,,
00000299--4e4dc57170--1,E,600,43,37,6,4,0,0,0,0,34,34,0,0,34,0,0,0,0,0,0,0,0,0,,,,,,
00000299--4e4dc57170--10,E,600,103,86,17,10,0,5,5,0,27,27,5,14,48,0,0,0,0,0,0,0,0,0,,,,,,
00000299--4e4dc57170--11,E,600,195,155,44,33,0,0,0,0,24,24,0,0,74,0,0,0,0,0,0,0,0,0,,,,,,
00000299--4e4dc57170--12,E,600,75,69,12,5,0,345,345,0,357,357,345,345,363,0,0,0,0,0,0,0,0,0,,,,,,
00000299--4e4dc57170--13,E,599,163,148,22,11,0,361,361,0,380,376,360,360,304,0,0,0,0,0,0,0,0,0,,,,,,
00000299--4e4dc57170--14,E,599,62,62,0,0,0,0,0,0,0,0,0,0,0,0,0,0,0,0,0,0,0,0,,,,,,
00000299--4e4dc57170--15,E,599,27,25,2,2,0,0,0,0,3,3,0,0,0,0,0,0,0,0,0,0,0,0,,,,,,
00000299--4e4dc57170--16,E,599,83,75,10,5,0,0,0,0,23,23,0,0,35,0,0,0,0,0,0,0,0,0,,,,,,
00000299--4e4dc57170--17,E,600,27,21,7,5,0,0,0,0,10,10,0,0,21,0,0,0,0,0,0,0,0,0,,,,,,
00000299--4e4dc57170--18,E,599,113,105,13,8,0,0,0,0,31,31,0,0,63,0,0,0,0,0,0,0,0,0,,,,,,
00000299--4e4dc57170--19,E,600,75,59,20,10,0,7,7,0,154,154,5,131,30,0,0,0,0,0,0,0,0,0,,,,,,
00000299--4e4dc57170--2,E,600,43,31,11,5,0,29,29,0,225,225,29,196,72,0,0,0,0,0,0,0,0,0,,,,,,
00000299--4e4dc57170--20,E,600,104,97,9,4,0,0,0,0,17,17,0,0,22,0,0,0,0,0,0,0,0,0,,,,,,
00000299--4e4dc57170--21,E,600,115,102,15,7,0,24,24,0,126,126,3,98,90,0,0,0,0,0,0,0,0,0,,,,,,
00000299--4e4dc57170--22,E,600,33,33,0,0,0,0,0,0,0,0,0,0,0,0,0,0,0,0,0,0,0,0,,,,,,
00000299--4e4dc57170--23,E,600,18,18,0,0,0,0,0,0,0,0,0,0,0,0,0,0,0,0,0,0,0,0,,,,,,
00000299--4e4dc57170--24,E,600,122,113,19,6,0,0,0,0,44,44,0,0,62,0,0,0,0,0,0,0,0,0,,,,,,
00000299--4e4dc57170--25,E,600,145,136,12,5,0,0,0,0,48,48,0,0,54,0,0,0,0,0,0,0,0,0,,,,,,
00000299--4e4dc57170--26,E,600,122,112,14,11,0,0,0,0,28,28,0,0,45,0,0,0,0,0,0,0,0,0,,,,,,
00000299--4e4dc57170--27,E,600,236,170,77,56,0,50,50,0,332,332,9,293,231,0,0,0,0,0,0,0,0,0,,,,,,
00000299--4e4dc57170--3,E,600,60,51,10,9,0,5,5,0,270,270,4,264,29,0,0,0,0,0,0,0,0,0,,,,,,
00000299--4e4dc57170--4,E,600,69,61,10,7,0,0,0,0,54,54,0,0,76,0,0,0,0,0,0,0,0,0,,,,,,
00000299--4e4dc57170--5,E,600,1,1,0,0,0,0,0,0,0,0,0,0,0,0,0,0,0,0,0,0,0,0,,,,,,
00000299--4e4dc57170--6,E,600,159,127,38,25,0,0,0,0,36,36,0,0,176,0,0,0,0,0,0,0,0,0,,,,,,
00000299--4e4dc57170--7,E,600,226,165,65,40,0,17,17,0,553,553,10,536,260,314,314,0,314,0,0,0,0,0,,,,,,
00000299--4e4dc57170--8,E,600,67,63,8,2,0,0,0,0,37,37,0,0,83,0,0,0,0,0,0,0,0,0,,,,,,
00000299--4e4dc57170--9,E,599,105,86,21,13,0,18,18,0,63,63,0,0,135,0,0,0,0,0,0,0,0,0,,,,,,
0000029b--52f66a3abc--0,E,616,62,39,26,15,0,122,122,0,226,226,115,188,81,0,0,0,0,0,0,0,0,0,,,,,,
0000029b--52f66a3abc--1,E,599,37,33,5,2,0,0,0,0,21,21,0,0,42,0,0,0,0,0,0,0,0,0,,,,,,
0000029b--52f66a3abc--10,E,600,40,40,1,1,0,0,0,0,5,5,0,0,7,0,0,0,0,0,0,0,0,0,,,,,,
0000029b--52f66a3abc--11,E,600,93,86,9,6,0,0,0,0,32,32,0,0,42,0,0,0,0,0,0,0,0,0,,,,,,
0000029b--52f66a3abc--12,E,600,33,31,3,1,0,0,0,0,7,7,0,0,49,0,0,0,0,0,0,0,0,0,,,,,,
0000029b--52f66a3abc--13,E,600,25,21,5,2,0,0,0,0,14,14,0,0,32,0,0,0,0,0,0,0,0,0,,,,,,
0000029b--52f66a3abc--14,E,600,51,47,5,3,0,0,0,0,4,4,0,0,43,0,0,0,0,0,0,0,0,0,,,,,,
0000029b--52f66a3abc--15,E,600,56,54,4,1,0,0,0,0,8,8,0,0,6,0,0,0,0,0,0,0,0,0,,,,,,
0000029b--52f66a3abc--16,E,600,100,95,8,5,0,0,0,0,12,12,0,0,24,0,0,0,0,0,0,0,0,0,,,,,,
0000029b--52f66a3abc--17,E,600,75,61,17,10,0,0,0,0,23,23,0,0,74,0,0,0,0,0,0,0,0,0,,,,,,
0000029b--52f66a3abc--18,E,600,39,37,3,2,0,0,0,0,5,5,0,0,0,0,0,0,0,0,0,0,0,0,,,,,,
0000029b--52f66a3abc--19,E,600,165,144,33,14,0,3,3,0,67,67,0,0,160,0,0,0,0,0,0,0,0,0,,,,,,
0000029b--52f66a3abc--2,E,599,2,2,0,0,0,0,0,0,0,0,0,0,0,0,0,0,0,0,0,0,0,0,,,,,,
0000029b--52f66a3abc--20,E,600,121,109,21,11,0,6,6,0,299,299,6,266,99,0,0,0,0,0,0,0,0,0,,,,,,
0000029b--52f66a3abc--21,E,600,164,150,19,10,0,0,0,0,32,32,0,0,103,0,0,0,0,0,0,0,0,0,,,,,,
0000029b--52f66a3abc--22,E,599,313,235,85,58,0,42,42,0,274,274,30,251,193,0,0,0,0,0,0,0,0,0,,,,,,
0000029b--52f66a3abc--23,E,600,18,18,0,0,0,0,0,0,0,0,0,0,0,0,0,0,0,0,0,0,0,0,,,,,,
0000029b--52f66a3abc--24,E,599,129,107,26,19,0,10,10,0,63,63,0,0,88,0,0,0,0,0,0,0,0,0,,,,,,
0000029b--52f66a3abc--25,E,599,28,28,0,0,0,0,0,0,0,0,0,0,0,0,0,0,0,0,0,0,0,0,,,,,,
0000029b--52f66a3abc--26,E,599,168,146,27,15,0,23,23,0,92,92,20,54,124,0,0,0,0,0,0,0,0,0,,,,,,
0000029b--52f66a3abc--27,E,599,101,88,19,8,0,66,66,0,514,514,65,510,239,177,177,0,177,0,0,0,0,0,,,,,,
0000029b--52f66a3abc--28,E,600,121,96,31,18,0,0,0,0,75,75,0,0,163,0,0,0,0,0,0,0,0,0,,,,,,
0000029b--52f66a3abc--29,E,599,34,32,3,1,0,0,0,0,34,34,0,0,98,0,0,0,0,0,0,0,0,0,,,,,,
0000029b--52f66a3abc--3,E,600,1,1,0,0,0,0,0,0,0,0,0,0,0,0,0,0,0,0,0,0,0,0,,,,,,
0000029b--52f66a3abc--30,E,600,28,25,4,1,0,0,0,0,40,40,0,0,39,0,0,0,0,0,0,0,0,0,,,,,,
0000029b--52f66a3abc--4,E,600,184,150,49,28,0,69,69,0,251,251,61,168,288,0,0,0,0,0,0,0,0,0,,,,,,
0000029b--52f66a3abc--5,E,600,181,165,20,17,0,0,0,0,27,27,0,0,68,0,0,0,0,0,0,0,0,0,,,,,,
0000029b--52f66a3abc--6,E,600,112,110,3,1,0,0,0,0,6,6,0,0,3,0,0,0,0,0,0,0,0,0,,,,,,
0000029b--52f66a3abc--7,E,600,61,61,0,0,0,0,0,0,0,0,0,0,0,0,0,0,0,0,0,0,0,0,,,,,,
0000029b--52f66a3abc--8,E,600,152,147,7,2,0,0,0,0,16,16,0,0,9,0,0,0,0,0,0,0,0,0,,,,,,
0000029b--52f66a3abc--9,E,600,88,82,8,6,0,0,0,0,12,12,0,0,10,0,0,0,0,0,0,0,0,0,,,,,,
000002a2--b53d86b8b1--10,E,599,50,50,0,0,0,0,0,0,0,0,0,0,0,0,0,0,0,0,0,0,0,0,,,,,,
000002a2--b53d86b8b1--11,E,600,39,39,4,1,0,11,11,0,63,63,11,52,53,0,0,0,0,0,0,0,0,0,,,,,,
000002a2--b53d86b8b1--12,E,600,218,205,22,13,0,0,0,0,30,30,0,0,69,0,0,0,0,0,0,0,0,0,,,,,,
000002a2--b53d86b8b1--13,E,600,37,37,1,0,0,0,0,0,7,7,0,0,20,0,0,0,0,0,0,0,0,0,,,,,,
000002a2--b53d86b8b1--14,E,600,18,16,2,1,0,0,0,0,1,1,0,0,0,0,0,0,0,0,0,0,0,0,,,,,,
000002a2--b53d86b8b1--15,E,600,23,20,3,1,0,0,0,0,5,5,0,0,0,0,0,0,0,0,0,0,0,0,,,,,,
000002a2--b53d86b8b1--17,E,600,15,13,4,1,0,0,0,0,10,10,0,0,28,0,0,0,0,0,0,0,0,0,,,,,,
000002a2--b53d86b8b1--18,E,599,2,2,0,0,0,0,0,0,0,0,0,0,0,0,0,0,0,0,0,0,0,0,,,,,,
000002a2--b53d86b8b1--19,E,600,6,6,0,0,0,0,0,0,0,0,0,0,0,0,0,0,0,0,0,0,0,0,,,,,,
000002a2--b53d86b8b1--20,E,599,3,3,0,0,0,0,0,0,0,0,0,0,0,0,0,0,0,0,0,0,0,0,,,,,,
000002a2--b53d86b8b1--21,E,599,8,8,0,0,0,0,0,0,0,0,0,0,0,0,0,0,0,0,0,0,0,0,,,,,,
000002a2--b53d86b8b1--22,E,599,9,9,0,0,0,0,0,0,0,0,0,0,0,0,0,0,0,0,0,0,0,0,,,,,,
000002a2--b53d86b8b1--23,E,599,1,1,0,0,0,0,0,0,0,0,0,0,0,0,0,0,0,0,0,0,0,0,,,,,,
000002a2--b53d86b8b1--24,E,600,9,8,2,0,0,0,0,0,10,10,0,0,24,0,0,0,0,0,0,0,0,0,,,,,,
000002a2--b53d86b8b1--25,E,599,8,8,0,0,0,0,0,0,0,0,0,0,0,0,0,0,0,0,0,0,0,0,,,,,,
000002a2--b53d86b8b1--27,E,600,74,55,25,12,0,33,33,0,326,326,31,308,148,0,0,0,0,0,0,0,0,0,,,,,,
000002a2--b53d86b8b1--28,E,600,5,5,0,0,0,0,0,0,0,0,0,0,0,0,0,0,0,0,0,0,0,0,,,,,,
000002a2--b53d86b8b1--9,E,600,155,132,30,13,0,34,34,0,463,463,24,440,120,0,0,0,0,0,0,0,0,0,,,,,,
