key,policy,pid,scan,scan_ns,stable_members,old_raw,new_raw,abs_delta_d,abs_delta_y,abs_delta_v
00000257--d1cacb63a0--14,P5,1000561,424,968334517272,0,528,529,1.8952178955078125,6.5625,0.0
00000267--5bcd0e5bb8--0,P1,1000002,378,2244745711604,0,3,41,2.997494697570801,5.625,0.25
00000267--5bcd0e5bb8--0,P2,1000002,378,2244745711604,0,3,41,2.997494697570801,5.625,0.25
00000267--5bcd0e5bb8--0,P3,1000002,378,2244745711604,0,3,41,2.997494697570801,5.625,0.25
00000267--5bcd0e5bb8--0,P4,1000002,378,2244745711604,0,3,41,2.997494697570801,5.625,0.25
00000267--5bcd0e5bb8--0,P5,1000002,378,2244745711604,0,3,41,2.997494697570801,5.625,0.25
00000267--5bcd0e5bb8--0,P6,1000002,378,2244745711604,0,3,41,2.997494697570801,5.625,0.25
00000247--b657952782--14,P1,1000288,281,939173711205,0,281,282,1.2556610107421875,5.0625,0.25
00000286--de6bd2c087--29,P1,1000066,95,4968286337489,0,65,75,0.7779693603515625,5.0625,0.25
00000247--b657952782--14,P2,1000288,281,939173711205,0,281,282,1.2556610107421875,5.0625,0.25
00000286--de6bd2c087--29,P2,1000066,95,4968286337489,0,65,75,0.7779693603515625,5.0625,0.25
00000247--b657952782--14,P3,1000288,281,939173711205,0,281,282,1.2556610107421875,5.0625,0.25
00000286--de6bd2c087--29,P3,1000066,95,4968286337489,0,65,75,0.7779693603515625,5.0625,0.25
00000247--b657952782--14,P4,1000288,281,939173711205,0,281,282,1.2556610107421875,5.0625,0.25
00000286--de6bd2c087--29,P4,1000066,95,4968286337489,0,65,75,0.7779693603515625,5.0625,0.25
00000247--b657952782--14,P5,1000288,281,939173711205,0,281,282,1.2556610107421875,5.0625,0.25
00000286--de6bd2c087--29,P5,1000066,95,4968286337489,0,65,75,0.7779693603515625,5.0625,0.25
00000247--b657952782--14,P6,1000288,281,939173711205,0,281,282,1.2556610107421875,5.0625,0.25
00000286--de6bd2c087--29,P6,1000066,95,4968286337489,0,65,75,0.7779693603515625,5.0625,0.25
00000280--91181081d4--14,P5,1000038,96,3314900607553,0,39,57,3.5858154296875,5.03125,0.0
00000247--b657952782--2,P1,1000297,227,213842575776,0,247,244,0.5455741882324219,4.9375,1.75
00000285--27dca1de75--30,P1,1000088,139,1982002604740,1,83,87,3.7829132080078125,4.9375,1.25
00000247--b657952782--2,P2,1000297,227,213842575776,0,247,244,0.5455741882324219,4.9375,1.75
00000247--b657952782--2,P3,1000297,227,213842575776,0,247,244,0.5455741882324219,4.9375,1.75
00000247--b657952782--2,P4,1000297,227,213842575776,0,247,244,0.5455741882324219,4.9375,1.75
00000285--27dca1de75--30,P4,1000088,139,1982002604740,1,83,87,3.7829132080078125,4.9375,1.25
00000247--b657952782--2,P5,1000297,227,213842575776,0,247,244,0.5455741882324219,4.9375,1.75
00000247--b657952782--2,P6,1000297,227,213842575776,0,247,244,0.5455741882324219,4.9375,1.75
00000250--8354d55131--1,P1,1000691,410,156927671634,0,666,639,2.7349891662597656,3.46875,2.75
00000255--d1d0ee73c5--39,P1,1000720,541,6147230358745,0,640,642,3.7913894653320312,2.59375,2.75
0000027f--cb2a133365--2,P1,1000174,129,205248589862,0,170,160,1.7845840454101562,3.53125,2.75
00000250--8354d55131--1,P2,1000691,410,156927671634,0,666,639,2.7349891662597656,3.46875,2.75
00000255--d1d0ee73c5--39,P2,1000720,541,6147230358745,0,640,642,3.7913894653320312,2.59375,2.75
0000027f--cb2a133365--2,P2,1000174,129,205248589862,0,170,160,1.7845840454101562,3.53125,2.75
00000250--8354d55131--1,P3,1000691,410,156927671634,0,666,639,2.7349891662597656,3.46875,2.75
00000255--d1d0ee73c5--39,P3,1000720,541,6147230358745,0,640,642,3.7913894653320312,2.59375,2.75
0000027f--cb2a133365--2,P3,1000174,129,205248589862,0,170,160,1.7845840454101562,3.53125,2.75
00000250--8354d55131--1,P4,1000691,410,156927671634,0,666,639,2.7349891662597656,3.46875,2.75
00000255--d1d0ee73c5--39,P4,1000720,541,6147230358745,0,640,642,3.7913894653320312,2.59375,2.75
0000027f--cb2a133365--2,P4,1000174,129,205248589862,0,170,160,1.7845840454101562,3.53125,2.75
00000250--8354d55131--1,P5,1000691,410,156927671634,0,666,639,2.7349891662597656,3.46875,2.75
00000255--d1d0ee73c5--39,P5,1000720,541,6147230358745,0,640,642,3.7913894653320312,2.59375,2.75
00000250--8354d55131--1,P6,1000691,410,156927671634,0,666,639,2.7349891662597656,3.46875,2.75
00000255--d1d0ee73c5--39,P6,1000720,541,6147230358745,0,640,642,3.7913894653320312,2.59375,2.75
0000027f--cb2a133365--2,P6,1000174,129,205248589862,0,170,160,1.7845840454101562,3.53125,2.75
00000257--d1cacb63a0--4,P1,1000160,407,366543429981,0,150,155,1.7643814086914062,4.65625,0.25
00000257--d1cacb63a0--4,P2,1000160,407,366543429981,0,150,155,1.7643814086914062,4.65625,0.25
00000257--d1cacb63a0--4,P3,1000160,407,366543429981,0,150,155,1.7643814086914062,4.65625,0.25
00000257--d1cacb63a0--4,P4,1000160,407,366543429981,0,150,155,1.7643814086914062,4.65625,0.25
00000257--d1cacb63a0--4,P5,1000160,407,366543429981,0,150,155,1.7643814086914062,4.65625,0.25
00000257--d1cacb63a0--4,P6,1000160,407,366543429981,0,150,155,1.7643814086914062,4.65625,0.25
00000254--0ac259250e--6,P1,1000076,42,419791274287,0,71,72,2.162017822265625,4.53125,0.0
00000254--0ac259250e--6,P2,1000076,42,419791274287,0,71,72,2.162017822265625,4.53125,0.0
00000254--0ac259250e--6,P3,1000076,42,419791274287,0,71,72,2.162017822265625,4.53125,0.0
00000254--0ac259250e--6,P4,1000076,42,419791274287,0,71,72,2.162017822265625,4.53125,0.0
00000247--b657952782--6,P5,1000059,28,433933178327,0,49,50,2.622711181640625,4.53125,2.0
00000254--0ac259250e--6,P5,1000076,42,419791274287,0,71,72,2.162017822265625,4.53125,0.0
00000254--0ac259250e--6,P6,1000076,42,419791274287,0,71,72,2.162017822265625,4.53125,0.0
0000026b--4dfb361eee--11,P1,1000153,133,2969294293073,1,144,147,2.2361602783203125,4.46875,0.5
0000026b--4dfb361eee--11,P2,1000153,133,2969294293073,1,144,147,2.2361602783203125,4.46875,0.5
0000026b--4dfb361eee--11,P3,1000153,133,2969294293073,1,144,147,2.2361602783203125,4.46875,0.5
0000026b--4dfb361eee--11,P4,1000153,133,2969294293073,1,144,147,2.2361602783203125,4.46875,0.5
0000026b--4dfb361eee--11,P6,1000153,133,2969294293073,1,144,147,2.2361602783203125,4.46875,0.5
00000285--27dca1de75--13,P5,1000512,455,993592623321,0,475,476,5.2046661376953125,4.375,0.0
00000266--f9c40304ea--21,P1,1000331,329,1365626388569,0,303,305,2.0245742797851562,4.34375,0.75
00000266--f9c40304ea--21,P2,1000331,329,1365626388569,0,303,305,2.0245742797851562,4.34375,0.75
00000266--f9c40304ea--21,P3,1000331,329,1365626388569,0,303,305,2.0245742797851562,4.34375,0.75
00000266--f9c40304ea--21,P4,1000331,329,1365626388569,0,303,305,2.0245742797851562,4.34375,0.75
00000266--f9c40304ea--21,P6,1000331,329,1365626388569,0,303,305,2.0245742797851562,4.34375,0.75
00000247--b657952782--38,P1,1000068,68,2357932889172,0,69,70,2.605560302734375,4.28125,1.0
00000247--b657952782--38,P2,1000068,68,2357932889172,0,69,70,2.605560302734375,4.28125,1.0
00000247--b657952782--38,P3,1000068,68,2357932889172,0,69,70,2.605560302734375,4.28125,1.0
00000247--b657952782--38,P4,1000068,68,2357932889172,0,69,70,2.605560302734375,4.28125,1.0
00000247--b657952782--38,P5,1000068,68,2357932889172,0,69,70,2.605560302734375,4.28125,1.0
00000247--b657952782--38,P6,1000068,68,2357932889172,0,69,70,2.605560302734375,4.28125,1.0
0000026a--171a0a1f5c--3,P1,1000132,83,242194589915,0,129,133,0.5424537658691406,2.8125,2.5
0000026a--171a0a1f5c--3,P2,1000132,83,242194589915,0,129,133,0.5424537658691406,2.8125,2.5
0000026a--171a0a1f5c--3,P3,1000132,83,242194589915,0,129,133,0.5424537658691406,2.8125,2.5
0000026a--171a0a1f5c--3,P4,1000132,83,242194589915,0,129,133,0.5424537658691406,2.8125,2.5
00000257--d1cacb63a0--15,P5,1000074,63,992234799138,0,72,82,2.1844406127929688,3.84375,2.5
0000026a--171a0a1f5c--3,P5,1000132,83,242194589915,0,129,133,0.5424537658691406,2.8125,2.5
00000294--307ed6c5e3--28,P5,1000464,529,1841354134763,0,422,434,0.8605575561523438,0.3125,2.5
0000026a--171a0a1f5c--3,P6,1000132,83,242194589915,0,129,133,0.5424537658691406,2.8125,2.5
00000266--f9c40304ea--3,P1,1000131,75,260186513758,0,139,121,0.7492485046386719,4.25,0.5
00000266--f9c40304ea--3,P2,1000131,75,260186513758,0,139,121,0.7492485046386719,4.25,0.5
00000266--f9c40304ea--3,P3,1000131,75,260186513758,0,139,121,0.7492485046386719,4.25,0.5
00000266--f9c40304ea--3,P4,1000131,75,260186513758,0,139,121,0.7492485046386719,4.25,0.5
00000266--f9c40304ea--3,P6,1000131,75,260186513758,0,139,121,0.7492485046386719,4.25,0.5
00000257--d1cacb63a0--7,P5,1000117,75,513433469405,0,113,118,6.9144744873046875,4.21875,0.0
00000294--307ed6c5e3--16,P1,1000447,431,1111433497488,0,444,443,4.358253479003906,4.15625,0.25
00000294--307ed6c5e3--16,P2,1000447,431,1111433497488,0,444,443,4.358253479003906,4.15625,0.25
00000294--307ed6c5e3--16,P3,1000447,431,1111433497488,0,444,443,4.358253479003906,4.15625,0.25
00000294--307ed6c5e3--16,P4,1000447,431,1111433497488,0,444,443,4.358253479003906,4.15625,0.25
00000250--8354d55131--1,P5,1000709,402,156128246612,0,656,612,2.52880859375,4.15625,1.5
00000294--307ed6c5e3--16,P5,1000447,431,1111433497488,0,444,443,4.358253479003906,4.15625,0.25
00000294--307ed6c5e3--16,P6,1000447,431,1111433497488,0,444,443,4.358253479003906,4.15625,0.25
0000026b--4dfb361eee--9,P1,1000059,81,2844095190109,0,59,88,0.4586334228515625,4.125,1.0
0000026b--4dfb361eee--9,P2,1000059,81,2844095190109,0,59,88,0.4586334228515625,4.125,1.0
0000026b--4dfb361eee--9,P3,1000059,81,2844095190109,0,59,88,0.4586334228515625,4.125,1.0
0000026b--4dfb361eee--9,P4,1000059,81,2844095190109,0,59,88,0.4586334228515625,4.125,1.0
0000026b--4dfb361eee--9,P5,1000059,81,2844095190109,0,59,88,0.4586334228515625,4.125,1.0
0000029b--52f66a3abc--22,P5,1000660,429,1460079315768,0,620,607,3.0330772399902344,4.125,2.0
0000026b--4dfb361eee--9,P6,1000059,81,2844095190109,0,59,88,0.4586334228515625,4.125,1.0
00000254--0ac259250e--3,P1,1000525,374,272960725578,1,471,474,2.0040283203125,4.09375,0.25
00000254--0ac259250e--3,P4,1000525,374,272960725578,1,471,474,2.0040283203125,4.09375,0.25
00000257--d1cacb63a0--7,P5,1000493,330,538932532877,0,445,447,1.2495803833007812,4.09375,0.0
0000026b--4dfb361eee--9,P5,1000092,81,2844095190109,0,90,59,1.7095565795898438,4.09375,1.0
0000029b--52f66a3abc--26,P5,1000448,414,1698548826639,0,405,403,2.2643814086914062,4.09375,0.0
00000247--b657952782--38,P1,1000770,543,2405434182634,0,731,733,2.4879226684570312,4.0625,0.25
00000247--b657952782--38,P2,1000770,543,2405434182634,0,731,733,2.4879226684570312,4.0625,0.25
00000257--d1cacb63a0--15,P2,1000074,61,992034592245,1,72,82,2.6871910095214844,4.0625,1.0
00000247--b657952782--38,P3,1000770,543,2405434182634,0,731,733,2.4879226684570312,4.0625,0.25
00000247--b657952782--38,P4,1000770,543,2405434182634,0,731,733,2.4879226684570312,4.0625,0.25
00000247--b657952782--38,P6,1000770,543,2405434182634,0,731,733,2.4879226684570312,4.0625,0.25
00000254--0ac259250e--3,P2,1000525,373,272860944028,1,471,474,2.005931854248047,4.03125,0.0
00000254--0ac259250e--3,P3,1000525,373,272860944028,1,471,474,2.005931854248047,4.03125,0.0
00000261--4ff9c41127--10,P5,1000490,331,800149609849,0,458,459,0.3480567932128906,4.03125,0.25
00000266--f9c40304ea--21,P5,1000331,329,1365626388569,0,306,305,0.278472900390625,4.03125,1.0
00000294--307ed6c5e3--19,P5,1000693,470,1295304156966,0,650,659,3.251110076904297,4.03125,0.0
00000254--0ac259250e--3,P6,1000525,373,272860944028,1,471,474,2.005931854248047,4.03125,0.0
00000261--4ff9c41127--10,P1,1000484,318,798847490848,0,446,448,1.2791290283203125,4.0,1.0
00000261--4ff9c41127--10,P2,1000484,318,798847490848,0,446,448,1.2791290283203125,4.0,1.0
00000261--4ff9c41127--10,P3,1000484,318,798847490848,0,446,448,1.2791290283203125,4.0,1.0
00000261--4ff9c41127--10,P4,1000484,318,798847490848,0,446,448,1.2791290283203125,4.0,1.0
00000261--4ff9c41127--10,P5,1000484,318,798847490848,0,446,448,1.2791290283203125,4.0,1.0
00000261--4ff9c41127--10,P6,1000484,318,798847490848,0,446,448,1.2791290283203125,4.0,1.0
00000247--b657952782--38,P5,1000720,543,2405434182634,0,683,690,0.9123878479003906,3.9375,0.25
00000247--b657952782--1,P1,1000635,457,176752757797,0,574,570,1.2844657897949219,3.90625,1.0
0000026a--171a0a1f5c--11,P1,1000476,446,758484299037,0,454,452,2.5508880615234375,3.90625,0.0
00000247--b657952782--1,P2,1000635,457,176752757797,0,574,570,1.2844657897949219,3.90625,1.0
0000026a--171a0a1f5c--11,P2,1000476,446,758484299037,0,454,452,2.5508880615234375,3.90625,0.0
00000247--b657952782--1,P3,1000635,457,176752757797,0,574,570,1.2844657897949219,3.90625,1.0
0000026a--171a0a1f5c--11,P3,1000476,446,758484299037,0,454,452,2.5508880615234375,3.90625,0.0
00000247--b657952782--1,P4,1000635,457,176752757797,0,574,570,1.2844657897949219,3.90625,1.0
0000026a--171a0a1f5c--11,P4,1000476,446,758484299037,0,454,452,2.5508880615234375,3.90625,0.0
00000247--b657952782--1,P6,1000635,457,176752757797,0,574,570,1.2844657897949219,3.90625,1.0
0000026a--171a0a1f5c--11,P6,1000476,446,758484299037,0,454,452,2.5508880615234375,3.90625,0.0
00000257--d1cacb63a0--15,P1,1000074,62,992134767802,1,72,82,2.47210693359375,3.875,1.0
00000285--27dca1de75--11,P1,1000326,493,877402472174,0,317,309,0.0610198974609375,3.875,0.0
00000285--27dca1de75--11,P2,1000326,493,877402472174,0,317,309,0.0610198974609375,3.875,0.0
00000257--d1cacb63a0--15,P3,1000074,62,992134767802,1,72,82,2.47210693359375,3.875,1.0
00000285--27dca1de75--11,P3,1000326,493,877402472174,0,317,309,0.0610198974609375,3.875,0.0
00000257--d1cacb63a0--15,P4,1000074,62,992134767802,1,72,82,2.47210693359375,3.875,1.0
00000285--27dca1de75--11,P4,1000326,493,877402472174,0,317,309,0.0610198974609375,3.875,0.0
00000257--d1cacb63a0--15,P6,1000074,62,992134767802,1,72,82,2.47210693359375,3.875,1.0
00000285--27dca1de75--11,P6,1000326,493,877402472174,0,317,309,0.0610198974609375,3.875,0.0
00000254--0ac259250e--38,P1,1000001,20,2337501238777,0,46,2,0.7969284057617188,2.09375,2.25
00000259--f920fb6ddd--41,P1,1000521,341,2566548539183,0,478,499,4.543430328369141,0.6875,2.25
00000264--31b802e87a--31,P1,1000273,298,1962761343016,0,255,256,0.442779541015625,2.625,2.25
00000269--4014745f93--3,P1,1000507,377,288417543467,0,469,547,2.6840591430664062,0.90625,2.25
00000283--b395338ef9--47,P1,1000284,407,3746426204053,0,263,268,4.058704376220703,2.78125,2.25
00000285--27dca1de75--30,P1,1000336,324,2000513276219,0,286,287,0.9550533294677734,3.28125,2.25
00000254--0ac259250e--38,P2,1000001,20,2337501238777,0,46,2,0.7969284057617188,2.09375,2.25
00000259--f920fb6ddd--41,P2,1000521,341,2566548539183,0,478,499,4.543430328369141,0.6875,2.25
00000264--31b802e87a--31,P2,1000273,298,1962761343016,0,255,256,0.442779541015625,2.625,2.25
00000269--4014745f93--3,P2,1000507,377,288417543467,0,469,547,2.6840591430664062,0.90625,2.25
00000283--b395338ef9--47,P2,1000284,407,3746426204053,0,263,268,4.058704376220703,2.78125,2.25
00000285--27dca1de75--30,P2,1000336,324,2000513276219,0,286,287,0.9550533294677734,3.28125,2.25
00000254--0ac259250e--38,P3,1000001,20,2337501238777,0,46,2,0.7969284057617188,2.09375,2.25
00000259--f920fb6ddd--41,P3,1000521,341,2566548539183,0,478,499,4.543430328369141,0.6875,2.25
00000264--31b802e87a--31,P3,1000273,298,1962761343016,0,255,256,0.442779541015625,2.625,2.25
00000269--4014745f93--3,P3,1000507,377,288417543467,0,469,547,2.6840591430664062,0.90625,2.25
00000283--b395338ef9--47,P3,1000284,407,3746426204053,0,263,268,4.058704376220703,2.78125,2.25
00000285--27dca1de75--30,P3,1000336,324,2000513276219,0,286,287,0.9550533294677734,3.28125,2.25
00000254--0ac259250e--38,P4,1000001,20,2337501238777,0,46,2,0.7969284057617188,2.09375,2.25
00000259--f920fb6ddd--41,P4,1000521,341,2566548539183,0,478,499,4.543430328369141,0.6875,2.25
00000264--31b802e87a--31,P4,1000273,298,1962761343016,0,255,256,0.442779541015625,2.625,2.25
00000269--4014745f93--3,P4,1000507,377,288417543467,0,469,547,2.6840591430664062,0.90625,2.25
00000283--b395338ef9--47,P4,1000284,407,3746426204053,0,263,268,4.058704376220703,2.78125,2.25
00000285--27dca1de75--30,P4,1000336,324,2000513276219,0,286,287,0.9550533294677734,3.28125,2.25
00000254--0ac259250e--2,P5,1000706,568,232311105320,0,640,651,0.848480224609375,1.34375,2.25
00000259--f920fb6ddd--40,P5,1000424,516,2524059330102,0,396,400,2.317699432373047,1.9375,2.25
00000259--f920fb6ddd--41,P5,1000521,341,2566548539183,0,478,499,4.543430328369141,0.6875,2.25
00000261--4ff9c41127--0,P5,1000348,491,214547357997,0,311,316,1.1732406616210938,3.84375,1.25
00000261--4ff9c41127--6,P5,1000317,399,567047107336,0,297,292,0.18867874145507812,3.21875,2.25
00000264--31b802e87a--31,P5,1000273,298,1962761343016,0,255,256,0.442779541015625,2.625,2.25
00000264--31b802e87a--38,P5,1000631,517,2404681372370,0,579,590,2.207061767578125,0.46875,2.25
00000266--f9c40304ea--7,P5,1000213,247,517477188845,0,200,191,0.5534248352050781,2.6875,2.25
00000269--4014745f93--3,P5,1000507,377,288417543467,0,469,547,2.6840591430664062,0.90625,2.25
00000283--b395338ef9--47,P5,1000284,407,3746426204053,0,263,268,4.058704376220703,2.78125,2.25
00000285--27dca1de75--30,P5,1000336,324,2000513276219,0,286,287,0.9550533294677734,3.28125,2.25
00000299--4e4dc57170--9,P5,1000332,182,628913610854,0,314,315,1.9717178344726562,0.8125,2.25
000002a2--b53d86b8b1--9,P5,1000304,217,631837077147,0,297,298,3.98187255859375,1.15625,2.25
00000254--0ac259250e--38,P6,1000001,20,2337501238777,0,46,2,0.7969284057617188,2.09375,2.25
00000259--f920fb6ddd--41,P6,1000521,341,2566548539183,0,478,499,4.543430328369141,0.6875,2.25
00000264--31b802e87a--31,P6,1000273,298,1962761343016,0,255,256,0.442779541015625,2.625,2.25
00000269--4014745f93--3,P6,1000507,377,288417543467,0,469,547,2.6840591430664062,0.90625,2.25
00000283--b395338ef9--47,P6,1000284,407,3746426204053,0,263,268,4.058704376220703,2.78125,2.25
00000285--27dca1de75--30,P6,1000336,324,2000513276219,0,286,287,0.9550533294677734,3.28125,2.25
00000255--d1d0ee73c5--30,P5,1000261,173,5570461054463,0,247,262,6.028717041015625,3.8125,0.0
00000261--4ff9c41127--10,P1,1000482,318,798847490848,1,444,449,1.5356636047363281,3.78125,1.25
00000261--4ff9c41127--10,P4,1000482,318,798847490848,1,444,449,1.5356636047363281,3.78125,1.25
00000261--4ff9c41127--1,P1,1000183,172,244338028551,1,173,182,4.647163391113281,3.75,1.5
00000261--4ff9c41127--1,P4,1000183,172,244338028551,1,173,182,4.647163391113281,3.75,1.5
00000261--4ff9c41127--0,P1,1000348,492,214647289410,0,311,316,1.0153541564941406,3.71875,1.25
00000294--307ed6c5e3--0,P1,1000034,1,107074659179,0,32,37,4.054649353027344,3.71875,1.0
00000261--4ff9c41127--0,P2,1000348,492,214647289410,0,311,316,1.0153541564941406,3.71875,1.25
00000294--307ed6c5e3--0,P2,1000034,1,107074659179,0,32,37,4.054649353027344,3.71875,1.0
00000261--4ff9c41127--0,P3,1000348,492,214647289410,0,311,316,1.0153541564941406,3.71875,1.25
00000294--307ed6c5e3--0,P3,1000034,1,107074659179,0,32,37,4.054649353027344,3.71875,1.0
00000261--4ff9c41127--0,P4,1000348,492,214647289410,0,311,316,1.0153541564941406,3.71875,1.25
00000294--307ed6c5e3--0,P4,1000034,1,107074659179,0,32,37,4.054649353027344,3.71875,1.0
00000255--d1d0ee73c5--38,P5,1000274,277,6060840438059,0,263,268,1.9843635559082031,3.71875,1.5
00000264--31b802e87a--32,P5,1000383,353,2028161150263,0,291,348,1.9930801391601562,3.71875,0.25
00000294--307ed6c5e3--0,P5,1000034,1,107074659179,0,32,37,4.054649353027344,3.71875,1.0
00000299--4e4dc57170--25,P5,1000322,224,1593084636631,0,307,316,4.07958984375,3.71875,0.25
00000261--4ff9c41127--0,P6,1000348,492,214647289410,0,311,316,1.0153541564941406,3.71875,1.25
00000294--307ed6c5e3--0,P6,1000034,1,107074659179,0,32,37,4.054649353027344,3.71875,1.0
00000261--4ff9c41127--10,P1,1000620,483,815347559016,0,575,583,1.5106792449951172,3.6875,0.0
00000261--4ff9c41127--12,P1,1000169,179,904907119326,0,164,179,2.874420166015625,3.6875,0.0
00000261--4ff9c41127--10,P2,1000620,483,815347559016,0,575,583,1.5106792449951172,3.6875,0.0
00000261--4ff9c41127--12,P2,1000169,179,904907119326,0,164,179,2.874420166015625,3.6875,0.0
00000261--4ff9c41127--10,P3,1000620,483,815347559016,0,575,583,1.5106792449951172,3.6875,0.0
00000261--4ff9c41127--12,P3,1000169,179,904907119326,0,164,179,2.874420166015625,3.6875,0.0
00000261--4ff9c41127--10,P4,1000620,483,815347559016,0,575,583,1.5106792449951172,3.6875,0.0
00000261--4ff9c41127--12,P4,1000169,179,904907119326,0,164,179,2.874420166015625,3.6875,0.0
00000261--4ff9c41127--10,P5,1000620,483,815347559016,0,575,583,1.5106792449951172,3.6875,0.0
00000261--4ff9c41127--12,P5,1000169,179,904907119326,0,164,179,2.874420166015625,3.6875,0.0
00000261--4ff9c41127--10,P6,1000620,483,815347559016,0,575,583,1.5106792449951172,3.6875,0.0
00000261--4ff9c41127--12,P6,1000169,179,904907119326,0,164,179,2.874420166015625,3.6875,0.0
00000267--5bcd0e5bb8--1,P1,1000314,231,2292256212603,0,292,300,2.9365768432617188,3.65625,1.25
00000267--5bcd0e5bb8--1,P2,1000314,231,2292256212603,0,292,300,2.9365768432617188,3.65625,1.25
00000267--5bcd0e5bb8--1,P3,1000314,231,2292256212603,0,292,300,2.9365768432617188,3.65625,1.25
00000267--5bcd0e5bb8--1,P4,1000314,231,2292256212603,0,292,300,2.9365768432617188,3.65625,1.25
00000267--5bcd0e5bb8--1,P5,1000314,231,2292256212603,0,292,300,2.9365768432617188,3.65625,1.25
00000267--5bcd0e5bb8--1,P6,1000314,231,2292256212603,0,292,300,2.9365768432617188,3.65625,1.25
00000252--d191bee66c--0,P1,1000000,366,109249989956,0,56,55,5.509662628173828,3.625,0.5
00000259--f920fb6ddd--41,P1,1000649,447,2577138774529,0,597,594,4.021420478820801,3.625,0.5
00000259--f920fb6ddd--9,P1,1000071,144,626899127410,0,71,75,1.7992134094238281,3.625,1.75
00000252--d191bee66c--0,P2,1000000,366,109249989956,0,56,55,5.509662628173828,3.625,0.5
00000259--f920fb6ddd--41,P2,1000649,447,2577138774529,0,597,594,4.021420478820801,3.625,0.5
00000259--f920fb6ddd--9,P2,1000071,144,626899127410,0,71,75,1.7992134094238281,3.625,1.75
00000252--d191bee66c--0,P3,1000000,366,109249989956,0,56,55,5.509662628173828,3.625,0.5
00000259--f920fb6ddd--41,P3,1000649,447,2577138774529,0,597,594,4.021420478820801,3.625,0.5
00000259--f920fb6ddd--9,P3,1000071,144,626899127410,0,71,75,1.7992134094238281,3.625,1.75
00000252--d191bee66c--0,P4,1000000,366,109249989956,0,56,55,5.509662628173828,3.625,0.5
00000259--f920fb6ddd--41,P4,1000649,447,2577138774529,0,597,594,4.021420478820801,3.625,0.5
00000259--f920fb6ddd--9,P4,1000071,144,626899127410,0,71,75,1.7992134094238281,3.625,1.75
00000252--d191bee66c--0,P5,1000000,366,109249989956,0,56,55,5.509662628173828,3.625,0.5
00000259--f920fb6ddd--9,P5,1000071,144,626899127410,0,71,75,1.7992134094238281,3.625,1.75
0000026b--4dfb361eee--2,P5,1000473,469,2462894384327,0,448,449,0.25,3.625,0.0
00000252--d191bee66c--0,P6,1000000,366,109249989956,0,56,55,5.509662628173828,3.625,0.5
00000259--f920fb6ddd--41,P6,1000649,447,2577138774529,0,597,594,4.021420478820801,3.625,0.5
00000259--f920fb6ddd--9,P6,1000071,144,626899127410,0,71,75,1.7992134094238281,3.625,1.75
0000029b--52f66a3abc--4,P5,1000084,66,343729907689,0,82,79,4.4007110595703125,3.59375,0.25
00000247--b657952782--0,P1,1000914,615,130682813317,0,808,801,2.2646751403808594,3.5625,0.75
00000250--8354d55131--1,P1,1000663,402,156128246612,0,612,661,2.5237884521484375,3.5625,1.25
00000254--0ac259250e--2,P1,1000455,335,209020558491,0,394,397,0.6133880615234375,3.5625,0.5
00000261--4ff9c41127--6,P1,1000312,399,567047107336,0,292,293,0.7257728576660156,3.5625,0.75
00000267--5bcd0e5bb8--0,P1,1000153,489,2255847086957,0,139,143,4.96753454208374,3.5625,1.0
00000247--b657952782--0,P2,1000914,615,130682813317,0,808,801,2.2646751403808594,3.5625,0.75
00000250--8354d55131--1,P2,1000663,402,156128246612,0,612,661,2.5237884521484375,3.5625,1.25
00000254--0ac259250e--2,P2,1000455,335,209020558491,0,394,397,0.6133880615234375,3.5625,0.5
00000259--f920fb6ddd--9,P2,1000071,141,626599357662,1,71,75,1.5464706420898438,3.5625,1.5
00000261--4ff9c41127--6,P2,1000312,399,567047107336,0,292,293,0.7257728576660156,3.5625,0.75
00000267--5bcd0e5bb8--0,P2,1000153,489,2255847086957,0,139,143,4.96753454208374,3.5625,1.0
00000247--b657952782--0,P3,1000914,615,130682813317,0,808,801,2.2646751403808594,3.5625,0.75
00000250--8354d55131--1,P3,1000663,402,156128246612,0,612,661,2.5237884521484375,3.5625,1.25
00000254--0ac259250e--2,P3,1000455,335,209020558491,0,394,397,0.6133880615234375,3.5625,0.5
00000259--f920fb6ddd--9,P3,1000071,141,626599357662,1,71,75,1.5464706420898438,3.5625,1.5
00000261--4ff9c41127--6,P3,1000312,399,567047107336,0,292,293,0.7257728576660156,3.5625,0.75
00000267--5bcd0e5bb8--0,P3,1000153,489,2255847086957,0,139,143,4.96753454208374,3.5625,1.0
00000247--b657952782--0,P4,1000914,615,130682813317,0,808,801,2.2646751403808594,3.5625,0.75
00000250--8354d55131--1,P4,1000663,402,156128246612,0,612,661,2.5237884521484375,3.5625,1.25
00000254--0ac259250e--2,P4,1000455,335,209020558491,0,394,397,0.6133880615234375,3.5625,0.5
00000261--4ff9c41127--6,P4,1000312,399,567047107336,0,292,293,0.7257728576660156,3.5625,0.75
00000267--5bcd0e5bb8--0,P4,1000153,489,2255847086957,0,139,143,4.96753454208374,3.5625,1.0
00000247--b657952782--0,P5,1000914,615,130682813317,0,808,801,2.2646751403808594,3.5625,0.75
00000250--8354d55131--1,P5,1000663,402,156128246612,0,612,661,2.5237884521484375,3.5625,1.25
00000261--4ff9c41127--6,P5,1000312,399,567047107336,0,292,293,0.7257728576660156,3.5625,0.75
00000267--5bcd0e5bb8--0,P5,1000153,489,2255847086957,0,139,143,4.96753454208374,3.5625,1.0
00000247--b657952782--0,P6,1000914,615,130682813317,0,808,801,2.2646751403808594,3.5625,0.75
00000250--8354d55131--1,P6,1000663,402,156128246612,0,612,661,2.5237884521484375,3.5625,1.25
00000254--0ac259250e--2,P6,1000455,335,209020558491,0,394,397,0.6133880615234375,3.5625,0.5
00000259--f920fb6ddd--9,P6,1000071,141,626599357662,1,71,75,1.5464706420898438,3.5625,1.5
00000261--4ff9c41127--6,P6,1000312,399,567047107336,0,292,293,0.7257728576660156,3.5625,0.75
00000267--5bcd0e5bb8--0,P6,1000153,489,2255847086957,0,139,143,4.96753454208374,3.5625,1.0
00000267--5bcd0e5bb8--8,P1,1000045,34,2692568189022,0,46,51,1.2002506256103516,3.5,0.0
0000026a--171a0a1f5c--0,P1,1000042,50,56874588831,0,39,45,0.6181068420410156,3.5,2.0
00000267--5bcd0e5bb8--8,P2,1000045,34,2692568189022,0,46,51,1.2002506256103516,3.5,0.0
0000026a--171a0a1f5c--0,P2,1000042,50,56874588831,0,39,45,0.6181068420410156,3.5,2.0
00000267--5bcd0e5bb8--8,P3,1000045,34,2692568189022,0,46,51,1.2002506256103516,3.5,0.0
0000026a--171a0a1f5c--0,P3,1000042,50,56874588831,0,39,45,0.6181068420410156,3.5,2.0
00000267--5bcd0e5bb8--8,P4,1000045,34,2692568189022,0,46,51,1.2002506256103516,3.5,0.0
0000026a--171a0a1f5c--0,P4,1000042,50,56874588831,0,39,45,0.6181068420410156,3.5,2.0
00000267--5bcd0e5bb8--8,P5,1000045,34,2692568189022,0,46,51,1.2002506256103516,3.5,0.0
0000026d--2363789071--3,P5,1000067,36,287302100477,0,67,74,2.0281295776367188,3.5,1.0
00000267--5bcd0e5bb8--8,P6,1000045,34,2692568189022,0,46,51,1.2002506256103516,3.5,0.0
0000026a--171a0a1f5c--0,P6,1000042,50,56874588831,0,39,45,0.6181068420410156,3.5,2.0
00000259--f920fb6ddd--4,P1,1000148,218,334369321199,0,142,144,4.246813774108887,3.46875,0.75
0000028b--ca855432c0--25,P1,1000358,493,1620302586985,0,355,361,1.9897308349609375,3.46875,0.0
00000259--f920fb6ddd--4,P2,1000148,218,334369321199,0,142,144,4.246813774108887,3.46875,0.75
00000264--31b802e87a--24,P2,1000341,210,1533891234309,1,322,323,2.520519256591797,3.46875,0.75
0000028b--ca855432c0--25,P2,1000358,493,1620302586985,0,355,361,1.9897308349609375,3.46875,0.0
00000259--f920fb6ddd--4,P3,1000148,218,334369321199,0,142,144,4.246813774108887,3.46875,0.75
0000028b--ca855432c0--25,P3,1000358,493,1620302586985,0,355,361,1.9897308349609375,3.46875,0.0
00000259--f920fb6ddd--4,P4,1000148,218,334369321199,0,142,144,4.246813774108887,3.46875,0.75
0000028b--ca855432c0--25,P4,1000358,493,1620302586985,0,355,361,1.9897308349609375,3.46875,0.0
00000259--f920fb6ddd--4,P5,1000148,218,334369321199,0,142,144,4.246813774108887,3.46875,0.75
0000028b--ca855432c0--25,P5,1000358,493,1620302586985,0,355,361,1.9897308349609375,3.46875,0.0
