key,policy,scan,scan_ns,effect,baseline_lead1,candidate_lead1,baseline_lead2,candidate_lead2
00000247--b657952782--2,E,393,230442706467,LEAD_ID_CHANGED,44,35,-1,-1
00000247--b657952782--2,E,394,230542630015,LEAD_ID_CHANGED,44,35,-1,-1
00000247--b657952782--2,E,396,230743119665,LEAD_ID_CHANGED,44,35,-1,-1
00000247--b657952782--2,E,397,230843236672,LEAD_ID_CHANGED,44,35,-1,-1
00000247--b657952782--2,E,405,231643160764,LEAD_ID_CHANGED,44,35,-1,-1
00000247--b657952782--2,E,408,231943164615,LEAD_ID_CHANGED,44,35,-1,-1
00000247--b657952782--2,E,409,232043265988,LEAD_ID_CHANGED,44,35,-1,-1
00000247--b657952782--2,E,410,232142402200,LEAD_ID_CHANGED,44,35,-1,-1
00000247--b657952782--2,E,411,232243295484,LEAD_ID_CHANGED,44,35,-1,-1
00000247--b657952782--2,E,412,232342520207,LEAD_ID_CHANGED,44,35,-1,-1
00000247--b657952782--2,E,413,232443542355,LEAD_ID_CHANGED,44,35,-1,-1
00000247--b657952782--2,E,414,232543660739,LEAD_ID_CHANGED,44,35,-1,-1
00000247--b657952782--2,E,415,232643545723,LEAD_ID_CHANGED,44,35,-1,-1
00000247--b657952782--2,E,417,232842707816,LEAD_ID_CHANGED,44,35,-1,-1
00000247--b657952782--2,E,418,232942758659,LEAD_ID_CHANGED,44,35,-1,-1
00000247--b657952782--2,E,419,233042949479,LEAD_ID_CHANGED,44,35,-1,-1
00000247--b657952782--2,E,420,233142590907,LEAD_ID_CHANGED,44,35,-1,-1
00000247--b657952782--2,E,421,233243498026,LEAD_ID_CHANGED,44,35,-1,-1
00000247--b657952782--2,E,422,233342535620,LEAD_ID_CHANGED,44,35,-1,-1
00000247--b657952782--2,E,423,233443554833,LEAD_ID_CHANGED,44,35,-1,-1
00000247--b657952782--2,E,424,233542669342,LEAD_ID_CHANGED,44,35,-1,-1
00000247--b657952782--2,E,425,233642615232,LEAD_ID_CHANGED,44,35,-1,-1
00000247--b657952782--2,E,426,233742690946,LEAD_ID_CHANGED,44,35,-1,-1
00000247--b657952782--2,E,427,233843222161,LEAD_ID_CHANGED,44,35,-1,-1
00000247--b657952782--2,E,428,233942704790,LEAD_ID_CHANGED,44,35,-1,-1
00000247--b657952782--2,E,429,234044013229,LEAD_ID_CHANGED,44,35,-1,-1
00000247--b657952782--2,E,430,234144298024,LEAD_ID_CHANGED,44,35,-1,-1
00000247--b657952782--2,E,433,234443201246,LEAD_ID_CHANGED,44,35,-1,-1
00000247--b657952782--2,E,434,234543321458,LEAD_ID_CHANGED,44,35,-1,-1
00000247--b657952782--2,E,435,234643023611,LEAD_ID_CHANGED,44,35,-1,-1
00000247--b657952782--2,E,436,234742815281,LEAD_ID_CHANGED,44,35,-1,-1
00000247--b657952782--2,E,437,234843502802,LEAD_ID_CHANGED,44,35,-1,-1
00000247--b657952782--2,E,438,234942705656,LEAD_ID_CHANGED,44,35,-1,-1
00000247--b657952782--2,E,439,235042442490,LEAD_ID_CHANGED,44,35,-1,-1
00000247--b657952782--2,E,440,235142244107,LEAD_ID_CHANGED,44,35,-1,-1
00000247--b657952782--2,E,441,235243202457,LEAD_ID_CHANGED,44,35,-1,-1
00000247--b657952782--2,E,442,235342489643,LEAD_ID_CHANGED,44,35,-1,-1
00000247--b657952782--2,E,443,235443454229,LEAD_ID_CHANGED,44,35,-1,-1
00000247--b657952782--2,E,444,235542596802,LEAD_ID_CHANGED,44,35,-1,-1
00000247--b657952782--2,E,445,235643656164,LEAD_ID_CHANGED,44,35,-1,-1
00000247--b657952782--2,E,446,235743642618,LEAD_ID_CHANGED,44,35,-1,-1
00000247--b657952782--2,E,447,235843894969,LEAD_ID_CHANGED,44,35,-1,-1
00000247--b657952782--2,E,448,235942838145,LEAD_ID_CHANGED,44,35,-1,-1
00000247--b657952782--2,E,449,236043041493,LEAD_ID_CHANGED,44,35,-1,-1
00000247--b657952782--2,E,450,236142708933,LEAD_ID_CHANGED,44,35,-1,-1
00000247--b657952782--2,E,451,236242937157,LEAD_ID_CHANGED,44,35,-1,-1
00000247--b657952782--2,E,452,236342481978,LEAD_ID_CHANGED,44,35,-1,-1
00000247--b657952782--2,E,453,236442856361,LEAD_ID_CHANGED,44,35,-1,-1
00000247--b657952782--2,E,454,236542853248,LEAD_ID_CHANGED,44,35,-1,-1
00000247--b657952782--2,E,455,236642670528,LEAD_ID_CHANGED,44,35,-1,-1
00000247--b657952782--2,E,457,236843091842,LEAD_ID_CHANGED,44,35,-1,-1
00000247--b657952782--2,E,458,236943178925,LEAD_ID_CHANGED,44,35,-1,-1
00000247--b657952782--2,E,459,237043286421,LEAD_ID_CHANGED,44,35,-1,-1
00000247--b657952782--2,E,460,237142606380,LEAD_ID_CHANGED,44,35,-1,-1
00000247--b657952782--2,E,461,237243052401,LEAD_ID_CHANGED,44,35,-1,-1
00000247--b657952782--2,E,470,238142678066,LEAD_ID_CHANGED,44,35,-1,-1
00000247--b657952782--2,E,474,238543137170,LEAD_ID_CHANGED,44,35,-1,-1
00000247--b657952782--2,E,478,238943290893,LEAD_ID_CHANGED,44,35,-1,-1
00000247--b657952782--2,E,479,239044697075,LEAD_ID_CHANGED,44,35,-1,-1
00000252--d191bee66c--0,E,352,107848658967,LEAD_ID_CHANGED,34,90,-1,-1
00000252--d191bee66c--0,E,353,107948095699,LEAD_ID_CHANGED,34,90,-1,-1
00000252--d191bee66c--0,E,354,108048396747,LEAD_ID_CHANGED,34,90,-1,-1
00000252--d191bee66c--0,E,356,108248200567,LEAD_GAIN,-1,90,-1,-1
00000252--d191bee66c--0,E,357,108348612136,LEAD_GAIN,-1,90,-1,-1
00000252--d191bee66c--0,E,358,108448027642,A_LEAD_CHANGED,90,90,-1,-1
00000252--d191bee66c--0,E,359,108548012879,A_LEAD_CHANGED,90,90,-1,-1
00000252--d191bee66c--0,E,360,108648654085,A_LEAD_CHANGED,90,90,-1,-1
00000252--d191bee66c--1,E,246,158948361978,LEAD_ID_CHANGED,67,94,-1,-1
00000252--d191bee66c--1,E,256,159948121708,LEAD_ID_CHANGED,67,94,-1,-1
00000252--d191bee66c--1,E,257,160048806569,LEAD_ID_CHANGED,67,94,-1,-1
00000252--d191bee66c--1,E,258,160148787139,LEAD_ID_CHANGED,67,94,-1,-1
00000252--d191bee66c--1,E,259,160248381173,LEAD_ID_CHANGED,67,94,-1,-1
00000252--d191bee66c--1,E,262,160548317015,LEAD_ID_CHANGED,67,94,-1,-1
00000252--d191bee66c--1,E,264,160748155474,LEAD_ID_CHANGED,67,94,-1,-1
00000252--d191bee66c--1,E,267,161048819359,LEAD_ID_CHANGED,67,94,-1,-1
00000252--d191bee66c--1,E,268,161148258582,LEAD_ID_CHANGED,67,94,-1,-1
00000252--d191bee66c--1,E,269,161247755578,LEAD_ID_CHANGED,67,94,-1,-1
00000252--d191bee66c--1,E,270,161348310817,LEAD_ID_CHANGED,67,94,-1,-1
00000252--d191bee66c--1,E,271,161448082820,LEAD_ID_CHANGED,67,94,-1,-1
00000252--d191bee66c--1,E,272,161548651652,LEAD_ID_CHANGED,67,94,-1,-1
00000252--d191bee66c--1,E,274,161748411853,LEAD_ID_CHANGED,67,94,-1,-1
00000252--d191bee66c--1,E,275,161848449049,LEAD_ID_CHANGED,67,94,-1,-1
00000252--d191bee66c--1,E,278,162148599430,LEAD_ID_CHANGED,93,38,-1,-1
00000252--d191bee66c--1,E,311,165448457538,LEAD_ID_CHANGED,60,54,-1,-1
00000252--d191bee66c--1,E,312,165548267819,LEAD_ID_CHANGED,87,36,-1,-1
00000252--d191bee66c--1,E,313,165648388186,LEAD_ID_CHANGED,87,36,-1,-1
00000252--d191bee66c--1,E,314,165748814317,LEAD_ID_CHANGED,87,36,-1,-1
00000252--d191bee66c--1,E,315,165848775502,LEAD_ID_CHANGED,87,36,-1,-1
00000252--d191bee66c--1,E,316,165948893109,LEAD_ID_CHANGED,87,36,-1,-1
00000252--d191bee66c--1,E,317,166047883421,LEAD_ID_CHANGED,87,36,-1,-1
00000252--d191bee66c--1,E,318,166147908654,LEAD_ID_CHANGED,87,36,-1,-1
00000252--d191bee66c--1,E,319,166247999055,LEAD_ID_CHANGED,87,36,-1,-1
00000252--d191bee66c--1,E,320,166348359114,LEAD_ID_CHANGED,87,36,-1,-1
00000252--d191bee66c--1,E,321,166448560669,LEAD_ID_CHANGED,87,36,-1,-1
00000252--d191bee66c--1,E,322,166548272228,LEAD_ID_CHANGED,87,36,-1,-1
00000252--d191bee66c--1,E,323,166648023986,LEAD_ID_CHANGED,87,36,-1,-1
00000252--d191bee66c--1,E,324,166748827698,LEAD_ID_CHANGED,87,36,-1,-1
00000252--d191bee66c--1,E,325,166848553890,LEAD_ID_CHANGED,87,36,-1,-1
00000252--d191bee66c--1,E,326,166948063150,LEAD_ID_CHANGED,87,36,-1,-1
00000252--d191bee66c--1,E,327,167048183004,LEAD_ID_CHANGED,87,36,-1,-1
00000252--d191bee66c--1,E,328,167147920963,LEAD_ID_CHANGED,87,36,-1,-1
00000252--d191bee66c--1,E,329,167247906238,LEAD_ID_CHANGED,87,36,-1,-1
00000252--d191bee66c--1,E,330,167349738315,LEAD_ID_CHANGED,87,36,-1,-1
00000252--d191bee66c--1,E,331,167449740787,LEAD_ID_CHANGED,87,36,-1,-1
00000252--d191bee66c--1,E,332,167548569087,LEAD_ID_CHANGED,87,36,-1,-1
00000252--d191bee66c--1,E,333,167648496212,LEAD_ID_CHANGED,87,36,-1,-1
00000252--d191bee66c--1,E,334,167747840806,LEAD_ID_CHANGED,87,36,-1,-1
00000252--d191bee66c--1,E,335,167848188256,LEAD_ID_CHANGED,87,36,-1,-1
00000252--d191bee66c--1,E,336,167948570855,LEAD_ID_CHANGED,87,36,-1,-1
00000252--d191bee66c--1,E,337,168048589522,LEAD_ID_CHANGED,87,36,-1,-1
00000252--d191bee66c--1,E,338,168148695774,LEAD_ID_CHANGED,87,36,-1,-1
00000252--d191bee66c--1,E,339,168248545445,LEAD_ID_CHANGED,87,36,-1,-1
00000252--d191bee66c--1,E,340,168348713638,LEAD_ID_CHANGED,87,36,-1,-1
00000252--d191bee66c--1,E,341,168447837152,LEAD_ID_CHANGED,87,36,-1,-1
00000252--d191bee66c--1,E,342,168548082722,LEAD_ID_CHANGED,87,36,-1,-1
00000252--d191bee66c--1,E,343,168647987738,LEAD_ID_CHANGED,87,36,-1,-1
00000252--d191bee66c--1,E,344,168747944931,LEAD_ID_CHANGED,87,36,-1,-1
00000252--d191bee66c--1,E,345,168848246791,LEAD_ID_CHANGED,87,36,-1,-1
00000252--d191bee66c--1,E,346,168950400187,LEAD_ID_CHANGED,87,36,-1,-1
00000252--d191bee66c--1,E,347,169049426275,LEAD_ID_CHANGED,87,36,-1,-1
00000252--d191bee66c--1,E,348,169148214652,LEAD_ID_CHANGED,87,36,-1,-1
00000252--d191bee66c--1,E,349,169247898804,LEAD_ID_CHANGED,87,36,-1,-1
00000252--d191bee66c--1,E,350,169348530186,LEAD_ID_CHANGED,87,36,-1,-1
00000252--d191bee66c--1,E,351,169448536541,LEAD_ID_CHANGED,87,36,-1,-1
00000252--d191bee66c--1,E,352,169548880692,LEAD_ID_CHANGED,87,36,-1,-1
00000252--d191bee66c--1,E,353,169647852833,LEAD_ID_CHANGED,87,36,-1,-1
00000252--d191bee66c--1,E,354,169748302118,LEAD_ID_CHANGED,87,36,-1,-1
00000252--d191bee66c--1,E,355,169848066648,LEAD_ID_CHANGED,87,36,-1,-1
00000252--d191bee66c--1,E,356,169948110756,LEAD_ID_CHANGED,87,36,-1,-1
00000252--d191bee66c--1,E,357,170047981670,LEAD_ID_CHANGED,87,36,-1,-1
00000252--d191bee66c--1,E,358,170148106803,LEAD_ID_CHANGED,87,36,-1,-1
00000252--d191bee66c--1,E,359,170248221602,LEAD_ID_CHANGED,87,36,-1,-1
00000252--d191bee66c--1,E,360,170348801009,LEAD_ID_CHANGED,87,36,-1,-1
00000252--d191bee66c--1,E,361,170448465600,LEAD_ID_CHANGED,87,36,-1,-1
00000252--d191bee66c--1,E,362,170549390667,LEAD_ID_CHANGED,87,36,-1,-1
00000252--d191bee66c--1,E,363,170649360769,LEAD_ID_CHANGED,87,36,-1,-1
00000252--d191bee66c--1,E,364,170748724431,LEAD_ID_CHANGED,87,36,-1,-1
00000252--d191bee66c--1,E,365,170848849242,LEAD_ID_CHANGED,87,36,-1,-1
00000252--d191bee66c--1,E,366,170948668437,LEAD_ID_CHANGED,87,36,-1,-1
00000252--d191bee66c--1,E,367,171048700558,LEAD_ID_CHANGED,87,36,-1,-1
00000252--d191bee66c--1,E,368,171148725493,LEAD_ID_CHANGED,87,36,-1,-1
00000252--d191bee66c--1,E,369,171248687971,LEAD_ID_CHANGED,87,36,-1,-1
00000252--d191bee66c--1,E,370,171348546038,LEAD_ID_CHANGED,87,36,-1,-1
00000252--d191bee66c--1,E,371,171448565114,LEAD_ID_CHANGED,87,36,-1,-1
00000252--d191bee66c--1,E,372,171548893558,LEAD_ID_CHANGED,87,36,-1,-1
00000252--d191bee66c--1,E,373,171648210480,LEAD_ID_CHANGED,87,36,-1,-1
00000252--d191bee66c--1,E,374,171748102707,LEAD_ID_CHANGED,87,36,-1,-1
00000252--d191bee66c--1,E,375,171848145112,LEAD_ID_CHANGED,87,36,-1,-1
00000252--d191bee66c--1,E,376,171948109824,LEAD_ID_CHANGED,87,36,-1,-1
00000252--d191bee66c--1,E,377,172047823805,LEAD_ID_CHANGED,87,36,-1,-1
00000252--d191bee66c--1,E,378,172149720587,LEAD_ID_CHANGED,87,36,-1,-1
00000252--d191bee66c--1,E,379,172249716006,LEAD_ID_CHANGED,87,36,-1,-1
00000252--d191bee66c--1,E,380,172348563806,LEAD_ID_CHANGED,87,36,-1,-1
00000252--d191bee66c--1,E,381,172448530820,LEAD_ID_CHANGED,87,36,-1,-1
00000252--d191bee66c--1,E,382,172548930876,LEAD_ID_CHANGED,87,36,-1,-1
00000252--d191bee66c--1,E,383,172647742069,LEAD_ID_CHANGED,87,36,-1,-1
00000252--d191bee66c--1,E,384,172748970040,LEAD_ID_CHANGED,87,36,-1,-1
00000252--d191bee66c--1,E,385,172848851445,LEAD_ID_CHANGED,87,36,-1,-1
00000252--d191bee66c--1,E,386,172948359744,LEAD_ID_CHANGED,87,36,-1,-1
00000252--d191bee66c--1,E,387,173048366282,LEAD_ID_CHANGED,87,36,-1,-1
00000252--d191bee66c--1,E,388,173148757850,LEAD_ID_CHANGED,87,36,-1,-1
00000252--d191bee66c--1,E,389,173248607941,LEAD_ID_CHANGED,87,36,-1,-1
00000252--d191bee66c--1,E,390,173348076502,LEAD_ID_CHANGED,87,36,-1,-1
00000252--d191bee66c--1,E,391,173447900568,LEAD_ID_CHANGED,87,36,-1,-1
00000252--d191bee66c--1,E,392,173548090296,LEAD_ID_CHANGED,87,36,-1,-1
00000252--d191bee66c--1,E,393,173648223837,LEAD_ID_CHANGED,87,36,-1,-1
00000252--d191bee66c--1,E,394,173748711791,LEAD_ID_CHANGED,87,36,-1,-1
00000252--d191bee66c--1,E,395,173850353852,LEAD_ID_CHANGED,87,36,-1,-1
00000252--d191bee66c--1,E,396,173948161055,LEAD_ID_CHANGED,87,36,-1,-1
00000252--d191bee66c--1,E,397,174047672107,LEAD_ID_CHANGED,87,36,-1,-1
00000252--d191bee66c--1,E,398,174148175371,LEAD_ID_CHANGED,87,36,-1,-1
00000252--d191bee66c--1,E,399,174248337583,LEAD_ID_CHANGED,87,36,-1,-1
00000252--d191bee66c--1,E,400,174348001815,LEAD_ID_CHANGED,87,36,-1,-1
00000252--d191bee66c--1,E,401,174448419921,LEAD_ID_CHANGED,87,36,-1,-1
00000252--d191bee66c--1,E,402,174548059887,LEAD_ID_CHANGED,87,36,-1,-1
00000252--d191bee66c--1,E,403,174648403996,LEAD_ID_CHANGED,87,36,-1,-1
00000252--d191bee66c--1,E,404,174748071456,LEAD_ID_CHANGED,87,36,-1,-1
00000252--d191bee66c--1,E,405,174848419471,LEAD_ID_CHANGED,87,36,-1,-1
00000252--d191bee66c--1,E,406,174948040742,LEAD_ID_CHANGED,87,36,-1,-1
00000252--d191bee66c--1,E,407,175048334183,LEAD_ID_CHANGED,87,36,-1,-1
00000252--d191bee66c--1,E,408,175148308411,LEAD_ID_CHANGED,87,36,-1,-1
00000252--d191bee66c--1,E,409,175247913306,LEAD_ID_CHANGED,87,36,-1,-1
00000252--d191bee66c--1,E,410,175349647292,LEAD_ID_CHANGED,87,36,-1,-1
00000252--d191bee66c--1,E,411,175449531138,LEAD_ID_CHANGED,87,36,-1,-1
00000252--d191bee66c--1,E,412,175548423337,LEAD_ID_CHANGED,87,36,-1,-1
00000252--d191bee66c--1,E,413,175648495900,LEAD_ID_CHANGED,87,36,-1,-1
00000252--d191bee66c--1,E,414,175747882230,LEAD_ID_CHANGED,87,36,-1,-1
00000252--d191bee66c--1,E,415,175848279735,LEAD_ID_CHANGED,87,36,-1,-1
00000252--d191bee66c--1,E,416,175948807113,LEAD_ID_CHANGED,87,36,-1,-1
00000252--d191bee66c--1,E,417,176048348520,LEAD_ID_CHANGED,87,36,-1,-1
00000252--d191bee66c--1,E,418,176148890531,LEAD_ID_CHANGED,87,36,-1,-1
00000252--d191bee66c--1,E,419,176248138112,LEAD_ID_CHANGED,87,36,-1,-1
00000252--d191bee66c--1,E,420,176348634304,LEAD_ID_CHANGED,87,36,-1,-1
00000252--d191bee66c--1,E,421,176448402030,LEAD_ID_CHANGED,87,36,-1,-1
00000252--d191bee66c--1,E,422,176548152831,LEAD_ID_CHANGED,87,36,-1,-1
00000252--d191bee66c--1,E,423,176648332516,LEAD_ID_CHANGED,87,36,-1,-1
00000252--d191bee66c--1,E,424,176748039001,LEAD_ID_CHANGED,87,36,-1,-1
00000252--d191bee66c--1,E,425,176848177444,LEAD_ID_CHANGED,87,36,-1,-1
00000252--d191bee66c--1,E,426,176948791012,LEAD_ID_CHANGED,87,36,-1,-1
00000252--d191bee66c--1,E,427,177048811974,LEAD_ID_CHANGED,87,36,-1,-1
00000252--d191bee66c--1,E,428,177147932468,LEAD_ID_CHANGED,87,36,-1,-1
00000252--d191bee66c--1,E,429,177248352656,LEAD_ID_CHANGED,87,36,-1,-1
00000252--d191bee66c--1,E,430,177348671789,LEAD_ID_CHANGED,87,36,-1,-1
00000252--d191bee66c--1,E,431,177448112165,LEAD_ID_CHANGED,87,36,-1,-1
00000252--d191bee66c--1,E,432,177548379432,LEAD_ID_CHANGED,87,36,-1,-1
00000252--d191bee66c--1,E,433,177647866935,LEAD_ID_CHANGED,87,36,-1,-1
00000252--d191bee66c--1,E,434,177748587616,LEAD_ID_CHANGED,87,36,-1,-1
00000252--d191bee66c--1,E,435,177847817506,LEAD_ID_CHANGED,87,36,-1,-1
00000252--d191bee66c--1,E,436,177948369204,LEAD_ID_CHANGED,87,36,-1,-1
00000252--d191bee66c--1,E,437,178048254349,LEAD_ID_CHANGED,87,36,-1,-1
00000252--d191bee66c--1,E,438,178147940412,LEAD_ID_CHANGED,87,36,-1,-1
00000252--d191bee66c--1,E,439,178248283680,LEAD_ID_CHANGED,87,36,-1,-1
00000252--d191bee66c--1,E,440,178348757040,LEAD_ID_CHANGED,87,36,-1,-1
00000252--d191bee66c--1,E,441,178448480263,LEAD_ID_CHANGED,87,36,-1,-1
00000252--d191bee66c--1,E,442,178549275965,LEAD_ID_CHANGED,87,36,-1,-1
00000252--d191bee66c--1,E,443,178649206914,LEAD_ID_CHANGED,87,36,-1,-1
00000252--d191bee66c--1,E,444,178748738554,LEAD_ID_CHANGED,87,36,-1,-1
00000252--d191bee66c--1,E,445,178847679458,LEAD_ID_CHANGED,87,36,-1,-1
00000252--d191bee66c--1,E,446,178948853484,LEAD_ID_CHANGED,87,36,-1,-1
00000252--d191bee66c--1,E,447,179048639873,LEAD_ID_CHANGED,87,36,-1,-1
00000252--d191bee66c--1,E,448,179148575353,LEAD_ID_CHANGED,87,36,-1,-1
00000252--d191bee66c--1,E,449,179248387231,LEAD_ID_CHANGED,87,36,-1,-1
00000252--d191bee66c--1,E,450,179348301485,LEAD_ID_CHANGED,87,36,-1,-1
00000252--d191bee66c--1,E,451,179448278903,LEAD_ID_CHANGED,87,36,-1,-1
00000252--d191bee66c--1,E,452,179547849825,LEAD_ID_CHANGED,87,36,-1,-1
00000252--d191bee66c--1,E,453,179648626906,LEAD_ID_CHANGED,87,36,-1,-1
00000252--d191bee66c--1,E,454,179748561676,LEAD_ID_CHANGED,87,36,-1,-1
00000252--d191bee66c--1,E,455,179847934140,LEAD_ID_CHANGED,87,36,-1,-1
00000252--d191bee66c--1,E,456,179948925353,LEAD_ID_CHANGED,87,36,-1,-1
00000252--d191bee66c--1,E,457,180047990159,LEAD_ID_CHANGED,87,36,-1,-1
00000252--d191bee66c--1,E,458,180148181866,LEAD_ID_CHANGED,87,36,-1,-1
00000252--d191bee66c--1,E,459,180250001048,LEAD_ID_CHANGED,87,36,-1,-1
00000252--d191bee66c--1,E,460,180351200678,LEAD_ID_CHANGED,87,36,-1,-1
00000252--d191bee66c--1,E,461,180448448117,LEAD_ID_CHANGED,87,36,-1,-1
00000252--d191bee66c--1,E,462,180547934213,LEAD_ID_CHANGED,87,36,-1,-1
00000252--d191bee66c--1,E,463,180648234088,LEAD_ID_CHANGED,87,36,-1,-1
00000252--d191bee66c--1,E,464,180748847195,LEAD_ID_CHANGED,87,36,-1,-1
00000252--d191bee66c--1,E,465,180848055002,LEAD_ID_CHANGED,87,36,-1,-1
00000252--d191bee66c--1,E,466,180947920987,LEAD_ID_CHANGED,87,36,-1,-1
00000252--d191bee66c--1,E,467,181047835454,LEAD_ID_CHANGED,87,36,-1,-1
00000252--d191bee66c--1,E,468,181148280514,LEAD_ID_CHANGED,87,36,-1,-1
00000252--d191bee66c--1,E,469,181248366176,LEAD_ID_CHANGED,87,36,-1,-1
00000252--d191bee66c--1,E,470,181348283085,LEAD_ID_CHANGED,87,36,-1,-1
00000252--d191bee66c--1,E,471,181447786881,LEAD_ID_CHANGED,87,36,-1,-1
00000252--d191bee66c--1,E,472,181547984060,LEAD_ID_CHANGED,87,36,-1,-1
00000252--d191bee66c--1,E,473,181647762397,LEAD_ID_CHANGED,87,36,-1,-1
00000252--d191bee66c--1,E,474,181749622653,LEAD_ID_CHANGED,87,36,-1,-1
00000252--d191bee66c--1,E,475,181848882476,LEAD_ID_CHANGED,87,36,-1,-1
00000252--d191bee66c--1,E,476,181948434129,LEAD_ID_CHANGED,87,36,-1,-1
00000252--d191bee66c--1,E,477,182048163046,LEAD_ID_CHANGED,87,36,-1,-1
