case,route,segment,scan_s,scan_ns,raw_slot,raw_track_id,physical_pid,public_id,d_rel_m,y_rel_m,v_rel_mps,members,representative,camera_assoc,oem_word1,published,state,prior_gt
R264_S6_SPLIT,route264,6,1.299938,434261821730,0|13|19,1|7|9,1000000,32,4.0,-0.21875,0.0,1|7|9,1,1,1,1,OBSERVED_QUALIFIED,SAME_SURFACE_FRAGMENT
R264_S6_SPLIT,route264,6,1.399311,434361195006,0|13|19,1|7|9,1000000,32,4.0,-0.1875,0.0,1|7|9,1,1,1,1,OBSERVED_QUALIFIED,SAME_SURFACE_FRAGMENT
R264_S6_SPLIT,route264,6,1.500053,434461936332,0|13|19,1|7|9,1000000,32,4.0,-0.1875,0.0,1|7|9,1,1,1,1,OBSERVED_QUALIFIED,SAME_SURFACE_FRAGMENT
R264_S6_SPLIT,route264,6,1.599922,434561805617,0|19,1|9,1000000,32,4.0,-0.15625,0.0,1|9,1,1,1,1,OBSERVED_QUALIFIED,SAME_SURFACE_FRAGMENT
R264_S6_SPLIT,route264,6,1.699586,434661469642,0|19,1|9,1000000,32,4.0,-0.125,0.0,1|9,1,1,1,1,OBSERVED_QUALIFIED,SAME_SURFACE_FRAGMENT
R264_S6_SPLIT,route264,6,1.799712,434761595345,0|19,1|9,1000000,32,4.0,-0.0625,0.0,1|9,1,1,1,1,OBSERVED_QUALIFIED,SAME_SURFACE_FRAGMENT
R264_S6_SPLIT,route264,6,1.899629,434861512725,0|19,1|9,1000000,32,4.0,-0.03125,0.0,1|9,1,1,1,1,OBSERVED_QUALIFIED,SAME_SURFACE_FRAGMENT
R264_S6_SPLIT,route264,6,2.000564,434962448253,0|19,1|9,1000000,32,4.0,0.0,0.0,1|9,1,1,1,1,OBSERVED_QUALIFIED,SAME_SURFACE_FRAGMENT
R264_S6_SPLIT,route264,6,2.101046,435062929712,0|19,1|9,1000000,32,4.0,0.0,-0.25,1|9,1,1,1,1,OBSERVED_QUALIFIED,SAME_SURFACE_FRAGMENT
R264_S6_SPLIT,route264,6,2.20137,435163253997,0|19,1|9,1000000,32,4.0,0.0,-0.25,1|9,1,1,1,1,OBSERVED_QUALIFIED,SAME_SURFACE_FRAGMENT
R264_S6_SPLIT,route264,6,2.299661,435261544762,0|19,1|9,1000000,32,4.0,-0.0625,-0.25,1|9,1,1,1,1,OBSERVED_QUALIFIED,SAME_SURFACE_FRAGMENT
R264_S6_SPLIT,route264,6,2.399354,435361237694,0|19|26,1|9|25,1000000,32,4.0,-0.09375,-0.5,1|9|25,1,1,1,1,OBSERVED_QUALIFIED,SAME_SURFACE_FRAGMENT
R264_S6_SPLIT,route264,6,2.499705,435461588705,0|19|26,1|9|25,1000000,32,4.0,0.0,-0.5,1|9|25,1,1,1,1,OBSERVED_QUALIFIED,SAME_SURFACE_FRAGMENT
R264_S6_SPLIT,route264,6,2.599716,435561600205,0|19|26,1|9|25,1000000,32,3.75,0.0,-0.5,1|9|25,1,1,1,1,OBSERVED_QUALIFIED,SAME_SURFACE_FRAGMENT
R264_S6_SPLIT,route264,6,2.699343,435661226454,0|19|26,1|9|25,1000000,32,3.75,-0.03125,-0.5,1|9|25,1,1,1,1,OBSERVED_QUALIFIED,SAME_SURFACE_FRAGMENT
R264_S6_SPLIT,route264,6,2.800034,435761918225,0|19|26,1|9|25,1000000,32,3.75,-0.125,-0.5,1|9|25,1,1,1,1,OBSERVED_QUALIFIED,SAME_SURFACE_FRAGMENT
R264_S6_SPLIT,route264,6,2.899279,435861163038,0|19|26,1|9|25,1000000,32,3.75,-0.21875,-0.5,1|9|25,1,1,1,1,OBSERVED_QUALIFIED,SAME_SURFACE_FRAGMENT
R264_S6_SPLIT,route264,6,2.999358,435961242052,0|19|26,1|9|25,1000000,32,3.75,-0.25,-0.5,1|9|25,1,1,1,1,OBSERVED_QUALIFIED,SAME_SURFACE_FRAGMENT
R264_S6_SPLIT,route264,6,3.099989,436061872607,0|19|26,1|9|25,1000000,32,3.75,-0.25,-0.5,1|9|25,1,1,1,1,OBSERVED_QUALIFIED,SAME_SURFACE_FRAGMENT
R264_S6_SPLIT,route264,6,3.199847,436161731204,0|19|26,1|9|25,1000000,32,3.75,-0.28125,-0.5,1|9|25,1,1,1,1,OBSERVED_QUALIFIED,SAME_SURFACE_FRAGMENT
R264_S6_SPLIT,route264,6,3.299586,436261469459,0|19|26,1|9|25,1000000,32,3.5,-0.21875,-0.5,1|9|25,1,1,1,1,OBSERVED_QUALIFIED,SAME_SURFACE_FRAGMENT
R264_S6_SPLIT,route264,6,3.399722,436361605519,0|19|26,1|9|25,1000000,32,3.25,-0.1875,-0.5,1|9|25,1,1,1,1,OBSERVED_QUALIFIED,SAME_SURFACE_FRAGMENT
R264_S6_SPLIT,route264,6,3.499543,436461426451,0|19|26,1|9|25,1000000,32,3.25,-0.125,-0.5,1|9|25,1,1,1,1,OBSERVED_QUALIFIED,SAME_SURFACE_FRAGMENT
R264_S6_SPLIT,route264,6,3.599516,436561399711,0|19|26,1|9|25,1000000,32,3.25,-0.09375,-0.5,1|9|25,1,1,1,1,OBSERVED_QUALIFIED,SAME_SURFACE_FRAGMENT
R264_S6_SPLIT,route264,6,3.701479,436663363191,0|19|26,1|9|25,1000000,32,3.0,-0.03125,-0.25,1|9|25,1,1,1,1,OBSERVED_QUALIFIED,SAME_SURFACE_FRAGMENT
R264_S6_SPLIT,route264,6,3.800022,436761905846,0|19|26,1|9|25,1000000,32,3.0,-0.03125,-0.25,1|9|25,1,1,1,1,OBSERVED_QUALIFIED,SAME_SURFACE_FRAGMENT
R264_S6_SPLIT,route264,6,3.899833,436861717045,0|19|26,1|9|25,1000000,32,3.0,0.0,-0.25,1|9|25,1,1,1,1,OBSERVED_QUALIFIED,SAME_SURFACE_FRAGMENT
R264_S6_SPLIT,route264,6,3.99937,436961253904,0|19|26,1|9|25,1000000,32,3.0,0.0,-0.25,1|9|25,1,1,1,1,OBSERVED_QUALIFIED,SAME_SURFACE_FRAGMENT
R264_S6_SPLIT,route264,6,4.099314,437061197840,0|19|26,1|9|25,1000000,32,2.75,0.0,-0.25,1|9|25,1,1,1,1,OBSERVED_QUALIFIED,SAME_SURFACE_FRAGMENT
R264_S6_SPLIT,route264,6,4.200227,437162110808,19|26,9|25,1000000,32,4.75,0.125,-0.25,9|25,9,1,0,1,OBSERVED_QUALIFIED,SAME_SURFACE_FRAGMENT
R264_S6_SPLIT,route264,6,4.200227,437162110808,0,1,1000037,69,2.75,0.0,-0.25,1,1,1,1,1,OBSERVED_QUALIFIED,SAME_SURFACE_FRAGMENT
R264_S6_SPLIT,route264,6,4.299223,437261106445,19|26,9|25,1000000,32,4.75,0.0625,-0.25,9|25,9,1,0,1,OBSERVED_QUALIFIED,SAME_SURFACE_FRAGMENT
R264_S6_SPLIT,route264,6,4.299223,437261106445,0,1,1000037,69,2.75,0.03125,-0.25,1,1,1,1,1,OBSERVED_QUALIFIED,SAME_SURFACE_FRAGMENT
R264_S6_SPLIT,route264,6,4.400056,437361939654,19|26,9|25,1000000,32,4.75,0.0,-0.25,9|25,9,1,0,1,OBSERVED_QUALIFIED,SAME_SURFACE_FRAGMENT
R264_S6_SPLIT,route264,6,4.400056,437361939654,0,1,1000037,69,2.5,0.03125,-0.25,1,1,1,1,1,OBSERVED_QUALIFIED,SAME_SURFACE_FRAGMENT
R264_S6_SPLIT,route264,6,4.500091,437461974965,19|26,9|25,1000000,32,4.75,0.0,-0.25,9|25,9,1,0,1,OBSERVED_QUALIFIED,SAME_SURFACE_FRAGMENT
R264_S6_SPLIT,route264,6,4.500091,437461974965,0,1,1000037,69,2.5,0.0,-0.25,1,1,1,1,1,OBSERVED_QUALIFIED,SAME_SURFACE_FRAGMENT
R264_S6_SPLIT,route264,6,4.599873,437561756519,19|26,9|25,1000000,32,4.75,0.0,-0.25,9|25,9,1,0,1,OBSERVED_QUALIFIED,SAME_SURFACE_FRAGMENT
R264_S6_SPLIT,route264,6,4.599873,437561756519,0,1,1000037,69,2.5,0.0,-0.25,1,1,1,1,1,OBSERVED_QUALIFIED,SAME_SURFACE_FRAGMENT
R264_S6_SPLIT,route264,6,4.699093,437660976324,19|26,9|25,1000000,32,4.75,0.0,0.0,9|25,9,1,0,1,OBSERVED_QUALIFIED,SAME_SURFACE_FRAGMENT
R264_S6_SPLIT,route264,6,4.699093,437660976324,0,1,1000037,69,2.25,0.125,-0.25,1,1,1,1,1,OBSERVED_QUALIFIED,SAME_SURFACE_FRAGMENT
R264_S6_SPLIT,route264,6,4.799879,437761762543,19|26,9|25,1000000,32,4.75,-0.03125,0.0,9|25,9,1,0,1,OBSERVED_QUALIFIED,SAME_SURFACE_FRAGMENT
R264_S6_SPLIT,route264,6,4.799879,437761762543,0|12,1|32,1000037,69,2.25,0.15625,-0.25,1|32,1,1,1,1,OBSERVED_QUALIFIED,SAME_SURFACE_FRAGMENT
R264_S6_SPLIT,route264,6,4.900118,437862001458,19|26,9|25,1000000,32,4.75,-0.03125,0.0,9|25,9,1,0,1,OBSERVED_QUALIFIED,SAME_SURFACE_FRAGMENT
R264_S6_SPLIT,route264,6,4.900118,437862001458,0|12,1|32,1000037,69,2.25,0.1875,0.0,1|32,1,1,1,1,OBSERVED_QUALIFIED,SAME_SURFACE_FRAGMENT
R264_S6_SPLIT,route264,6,4.99979,437961674144,19|26,9|25,1000000,32,4.75,-0.03125,0.0,9|25,9,1,0,1,OBSERVED_QUALIFIED,SAME_SURFACE_FRAGMENT
R264_S6_SPLIT,route264,6,4.99979,437961674144,0|12,1|32,1000037,69,2.25,0.21875,0.0,1|32,1,1,1,1,OBSERVED_QUALIFIED,SAME_SURFACE_FRAGMENT
R264_S6_SPLIT,route264,6,5.099933,438061816992,19|26,9|25,1000000,32,4.75,-0.03125,0.0,9|25,9,1,0,1,OBSERVED_QUALIFIED,SAME_SURFACE_FRAGMENT
R264_S6_SPLIT,route264,6,5.099933,438061816992,0|12,1|32,1000037,69,2.25,0.21875,0.0,1|32,1,1,1,1,OBSERVED_QUALIFIED,SAME_SURFACE_FRAGMENT
R264_S6_SPLIT,route264,6,5.199666,438161549744,19|26,9|25,1000000,32,4.75,-0.03125,0.0,9|25,9,1,0,1,OBSERVED_QUALIFIED,SAME_SURFACE_FRAGMENT
R264_S6_SPLIT,route264,6,5.199666,438161549744,0|12,1|32,1000037,69,2.25,0.3125,0.0,1|32,1,1,1,1,OBSERVED_QUALIFIED,SAME_SURFACE_FRAGMENT
R264_S6_SPLIT,route264,6,5.299726,438261609812,17|26,9|25,1000000,32,5.75,-0.03125,0.0,9|25,9,1,0,0,OBSERVED_QUALIFIED,SAME_SURFACE_FRAGMENT
R264_S6_SPLIT,route264,6,5.299726,438261609812,0|12,1|32,1000037,69,2.25,0.34375,0.0,1|32,1,1,1,1,OBSERVED_QUALIFIED,SAME_SURFACE_FRAGMENT
R264_S6_SPLIT,route264,6,5.400165,438362049136,17|26,9|25,1000000,32,5.5,-0.0625,0.0,9|25,9,1,0,0,OBSERVED_QUALIFIED,SAME_SURFACE_FRAGMENT
R264_S6_SPLIT,route264,6,5.400165,438362049136,0|12,1|32,1000037,69,2.25,0.28125,0.0,1|32,1,1,1,1,OBSERVED_QUALIFIED,SAME_SURFACE_FRAGMENT
R264_S6_SPLIT,route264,6,5.499795,438461678426,17|26,9|25,1000000,32,5.5,-0.0625,0.0,9|25,9,1,0,0,OBSERVED_QUALIFIED,SAME_SURFACE_FRAGMENT
R264_S6_SPLIT,route264,6,5.499795,438461678426,0|12,1|32,1000037,69,2.25,0.34375,0.0,1|32,1,1,1,1,OBSERVED_QUALIFIED,SAME_SURFACE_FRAGMENT
R264_S6_SPLIT,route264,6,5.600082,438561966204,17|18|26,9|25|36,1000000,32,5.5,-0.0625,0.0,9|25|36,9,1,0,0,OBSERVED_QUALIFIED,SAME_SURFACE_FRAGMENT
R264_S6_SPLIT,route264,6,5.600082,438561966204,0|12,1|32,1000037,69,2.25,0.28125,0.0,1|32,1,1,1,1,OBSERVED_QUALIFIED,SAME_SURFACE_FRAGMENT
R264_S6_SPLIT,route264,6,5.699878,438661762200,17|18|26,9|25|36,1000000,32,5.5,-0.0625,0.0,9|25|36,9,1,0,0,OBSERVED_QUALIFIED,SAME_SURFACE_FRAGMENT
R264_S6_SPLIT,route264,6,5.699878,438661762200,0|12,1|32,1000037,69,2.0,0.34375,0.0,1|32,1,1,1,1,OBSERVED_QUALIFIED,SAME_SURFACE_FRAGMENT
R264_S6_SPLIT,route264,6,5.799865,438761749074,17|18|26,9|25|36,1000000,32,5.5,-0.0625,0.0,9|25|36,9,1,0,0,OBSERVED_QUALIFIED,SAME_SURFACE_FRAGMENT
R264_S6_SPLIT,route264,6,5.799865,438761749074,0|12,1|32,1000037,69,2.25,0.28125,0.0,1|32,1,1,1,1,OBSERVED_QUALIFIED,SAME_SURFACE_FRAGMENT
R264_S6_SPLIT,route264,6,5.899582,438861466057,17|18|26,9|25|36,1000000,32,5.5,-0.0625,0.0,9|25|36,9,1,0,0,OBSERVED_QUALIFIED,SAME_SURFACE_FRAGMENT
R264_S6_SPLIT,route264,6,5.899582,438861466057,0|12,1|32,1000037,69,2.0,0.34375,0.0,1|32,1,1,1,1,OBSERVED_QUALIFIED,SAME_SURFACE_FRAGMENT
R264_S6_SPLIT,route264,6,5.999745,438961628614,17|18|26,9|25|36,1000000,32,5.5,-0.09375,0.0,9|25|36,9,1,0,0,OBSERVED_QUALIFIED,SAME_SURFACE_FRAGMENT
R264_S6_SPLIT,route264,6,5.999745,438961628614,0|12,1|32,1000037,69,2.0,0.28125,0.0,1|32,1,1,1,1,OBSERVED_QUALIFIED,SAME_SURFACE_FRAGMENT
R264_S6_SPLIT,route264,6,6.099664,439061548095,17|18|26,9|25|36,1000000,32,5.5,-0.09375,0.0,9|25|36,9,1,0,0,OBSERVED_QUALIFIED,SAME_SURFACE_FRAGMENT
R264_S6_SPLIT,route264,6,6.099664,439061548095,0|12,1|32,1000037,69,2.0,0.34375,0.0,1|32,1,1,1,1,OBSERVED_QUALIFIED,SAME_SURFACE_FRAGMENT
R264_S6_SPLIT,route264,6,6.199819,439161703254,17|18|26,9|25|36,1000000,32,5.5,-0.09375,0.0,9|25|36,9,1,0,0,OBSERVED_QUALIFIED,SAME_SURFACE_FRAGMENT
R264_S6_SPLIT,route264,6,6.199819,439161703254,0|12,1|32,1000037,69,2.25,0.28125,0.0,1|32,1,1,1,1,OBSERVED_QUALIFIED,SAME_SURFACE_FRAGMENT
R264_S6_SPLIT,route264,6,6.299744,439261627788,17|18|26,9|25|36,1000000,32,5.5,-0.09375,0.0,9|25|36,9,1,0,0,OBSERVED_QUALIFIED,SAME_SURFACE_FRAGMENT
R264_S6_SPLIT,route264,6,6.299744,439261627788,0|12,1|32,1000037,69,2.25,0.28125,0.0,1|32,1,1,1,1,OBSERVED_QUALIFIED,SAME_SURFACE_FRAGMENT
R264_S6_SPLIT,route264,6,6.399875,439361759088,17|18|26,9|25|36,1000000,32,5.5,-0.09375,0.0,9|25|36,9,1,0,0,OBSERVED_QUALIFIED,SAME_SURFACE_FRAGMENT
R264_S6_SPLIT,route264,6,6.399875,439361759088,0|12,1|32,1000037,69,2.0,0.34375,0.0,1|32,1,1,1,1,OBSERVED_QUALIFIED,SAME_SURFACE_FRAGMENT
R264_S6_SPLIT,route264,6,6.499771,439461655126,17|18|26,9|25|36,1000000,32,5.5,-0.09375,0.0,9|25|36,9,1,0,0,OBSERVED_QUALIFIED,SAME_SURFACE_FRAGMENT
R264_S6_SPLIT,route264,6,6.499771,439461655126,0|12,1|32,1000037,69,2.25,0.28125,0.0,1|32,1,1,1,1,OBSERVED_QUALIFIED,SAME_SURFACE_FRAGMENT
R264_S6_SPLIT,route264,6,6.599166,439561049694,17|18|26,9|25|36,1000000,32,5.5,-0.09375,0.0,9|25|36,9,1,0,0,OBSERVED_QUALIFIED,SAME_SURFACE_FRAGMENT
R264_S6_SPLIT,route264,6,6.599166,439561049694,0|12,1|32,1000037,69,2.25,0.28125,0.0,1|32,1,1,1,1,OBSERVED_QUALIFIED,SAME_SURFACE_FRAGMENT
R264_S6_SPLIT,route264,6,6.700106,439661990138,17|18|26,9|25|36,1000000,32,5.5,-0.03125,0.0,9|25|36,9,1,0,0,OBSERVED_QUALIFIED,SAME_SURFACE_FRAGMENT
R264_S6_SPLIT,route264,6,6.700106,439661990138,0|12,1|32,1000037,69,2.25,0.0625,0.0,1|32,1,1,1,1,OBSERVED_QUALIFIED,SAME_SURFACE_FRAGMENT
R264_S6_SPLIT,route264,6,6.802302,439764186183,17|18|26,9|25|36,1000000,32,5.5,-0.03125,0.0,9|25|36,9,1,0,0,OBSERVED_QUALIFIED,SAME_SURFACE_FRAGMENT
R264_S6_SPLIT,route264,6,6.802302,439764186183,0|12,1|32,1000037,69,2.25,0.125,0.0,1|32,1,1,1,1,OBSERVED_QUALIFIED,SAME_SURFACE_FRAGMENT
R264_S6_SPLIT,route264,6,6.900281,439862165075,17|18|26,9|25|36,1000000,32,5.5,-0.03125,0.0,9|25|36,9,1,0,0,OBSERVED_QUALIFIED,SAME_SURFACE_FRAGMENT
R264_S6_SPLIT,route264,6,6.900281,439862165075,0|12,1|32,1000037,69,2.25,0.125,0.0,1|32,1,1,1,1,OBSERVED_QUALIFIED,SAME_SURFACE_FRAGMENT
R264_S6_SPLIT,route264,6,7.000478,439962361413,17|18|26,9|25|36,1000000,32,5.5,-0.03125,0.0,9|25|36,9,1,0,0,OBSERVED_QUALIFIED,SAME_SURFACE_FRAGMENT
R264_S6_SPLIT,route264,6,7.000478,439962361413,0|12,1|32,1000037,69,2.25,0.15625,0.0,1|32,1,1,1,1,OBSERVED_QUALIFIED,SAME_SURFACE_FRAGMENT
R264_S6_SPLIT,route264,6,7.10007,440061953344,17|18|26,9|25|36,1000000,32,5.5,-0.03125,0.0,9|25|36,9,1,0,0,OBSERVED_QUALIFIED,SAME_SURFACE_FRAGMENT
R264_S6_SPLIT,route264,6,7.10007,440061953344,0|12,1|32,1000037,69,2.25,0.15625,0.0,1|32,1,1,1,1,OBSERVED_QUALIFIED,SAME_SURFACE_FRAGMENT
R264_S6_SPLIT,route264,6,7.199738,440161622116,17|18|26,9|25|36,1000000,32,5.5,-0.03125,0.0,9|25|36,9,1,0,0,OBSERVED_QUALIFIED,SAME_SURFACE_FRAGMENT
R264_S6_SPLIT,route264,6,7.199738,440161622116,0|12,1|32,1000037,69,2.25,0.15625,0.0,1|32,1,1,1,1,OBSERVED_QUALIFIED,SAME_SURFACE_FRAGMENT
R28F_S32_TRUCK,route28f,32,51.590502,6573570001552,17,499,1000539,89,79.75,-1.4375,-13.0,499,499,0,0,1,OBSERVED_QUALIFIED,SAME_SURFACE_FRAGMENT
R28F_S32_TRUCK,route28f,32,51.590502,6573570001552,18,500,1000540,82,78.25,-1.21875,-13.0,500,500,0,0,0,OBSERVED_QUALIFIED,SAME_SURFACE_FRAGMENT
R28F_S32_TRUCK,route28f,32,51.689003,6573668502907,17,499,1000539,89,78.25,-1.5,-13.0,499,499,0,0,1,OBSERVED_QUALIFIED,SAME_SURFACE_FRAGMENT
R28F_S32_TRUCK,route28f,32,51.689003,6573668502907,18,500,1000540,82,77.25,-1.34375,-13.0,500,500,0,0,0,OBSERVED_QUALIFIED,SAME_SURFACE_FRAGMENT
R28F_S32_TRUCK,route28f,32,51.78949,6573768989688,17|18,499|500,1000539,89,76.75,-1.5625,-13.25,499|500,499,0,0,1,OBSERVED_QUALIFIED,SAME_SURFACE_FRAGMENT
R28F_S32_TRUCK,route28f,32,51.889192,6573868691192,17|18,499|500,1000539,89,75.5,-1.8125,-13.0,499|500,499,0,0,1,OBSERVED_QUALIFIED,SAME_SURFACE_FRAGMENT
R28F_S32_TRUCK,route28f,32,51.989458,6573968957556,18,500,1000539,89,73.25,-2.0,-13.0,500,500,0,0,1,OBSERVED_QUALIFIED,SAME_SURFACE_FRAGMENT
R28F_S32_TRUCK,route28f,32,52.089136,6574068636018,,,1000539,,,,,499|500,500,,,0,INTERNAL_ONLY,SAME_SURFACE_FRAGMENT
R28F_S32_TRUCK,route28f,32,52.189958,6574169457595,,,1000539,,,,,500,500,,,0,INTERNAL_ONLY,SAME_SURFACE_FRAGMENT
R259_S2_HARD_NEGATIVE,route259,2,21.819634,214099239863,7|8,5|59,1000004,36,15.5,-6.90625,0.0,5|59,5,0,0,1,OBSERVED_QUALIFIED,DIFFERENT_OTHER
R259_S2_HARD_NEGATIVE,route259,2,21.922289,214201894683,7|8,5|59,1000004,36,15.5,-6.90625,0.0,5|59,5,0,0,1,OBSERVED_QUALIFIED,DIFFERENT_OTHER
R259_S2_HARD_NEGATIVE,route259,2,22.020107,214299712596,7|8,5|59,1000004,36,15.5,-6.90625,0.0,5|59,5,0,0,1,OBSERVED_QUALIFIED,DIFFERENT_OTHER
R259_S2_HARD_NEGATIVE,route259,2,22.129583,214409188729,7|8,5|59,1000004,36,15.5,-6.90625,0.0,5|59,5,0,0,1,OBSERVED_QUALIFIED,DIFFERENT_OTHER
R259_S2_HARD_NEGATIVE,route259,2,22.229291,214508897153,7|8,5|59,1000004,36,15.5,-6.90625,0.0,5|59,5,0,0,1,OBSERVED_QUALIFIED,DIFFERENT_OTHER
R259_S2_HARD_NEGATIVE,route259,2,22.329569,214609174240,7|8,5|59,1000004,36,15.5,-6.90625,0.0,5|59,5,0,0,1,OBSERVED_QUALIFIED,DIFFERENT_OTHER
R259_S2_HARD_NEGATIVE,route259,2,22.429404,214709009444,7|8,5|59,1000004,36,15.5,-6.90625,0.0,5|59,5,0,0,1,OBSERVED_QUALIFIED,DIFFERENT_OTHER
R259_S2_HARD_NEGATIVE,route259,2,22.52993,214809535921,7|8,5|59,1000004,36,15.5,-6.90625,0.0,5|59,5,0,0,1,OBSERVED_QUALIFIED,DIFFERENT_OTHER
R259_S2_HARD_NEGATIVE,route259,2,22.629973,214909578265,7|8,5|59,1000004,36,15.5,-6.90625,0.0,5|59,5,0,0,1,OBSERVED_QUALIFIED,DIFFERENT_OTHER
R259_S2_HARD_NEGATIVE,route259,2,22.729224,215008829427,7|8,5|59,1000004,36,15.5,-6.90625,0.0,5|59,5,0,0,1,OBSERVED_QUALIFIED,DIFFERENT_OTHER
R259_S2_HARD_NEGATIVE,route259,2,22.829142,215108747602,7|8,5|59,1000004,36,15.5,-6.90625,0.0,5|59,5,0,0,1,OBSERVED_QUALIFIED,DIFFERENT_OTHER
R259_S2_HARD_NEGATIVE,route259,2,22.939127,215218733183,7|8,5|59,1000004,36,15.5,-6.90625,0.0,5|59,5,0,0,1,OBSERVED_QUALIFIED,DIFFERENT_OTHER
R259_S2_HARD_NEGATIVE,route259,2,23.039395,215319000740,7|8,5|59,1000004,36,15.5,-6.90625,0.0,5|59,5,0,0,1,OBSERVED_QUALIFIED,DIFFERENT_OTHER
R259_S2_HARD_NEGATIVE,route259,2,23.138994,215418599623,7|8,5|59,1000004,36,15.5,-6.90625,0.0,5|59,5,0,0,1,OBSERVED_QUALIFIED,DIFFERENT_OTHER
R259_S2_HARD_NEGATIVE,route259,2,23.239847,215519452697,7|8,5|59,1000004,36,15.5,-6.90625,0.0,5|59,5,0,0,1,OBSERVED_QUALIFIED,DIFFERENT_OTHER
R259_S2_HARD_NEGATIVE,route259,2,23.339737,215619342310,7|8,5|59,1000004,36,15.5,-6.90625,0.0,5|59,5,0,0,1,OBSERVED_QUALIFIED,DIFFERENT_OTHER
R259_S2_HARD_NEGATIVE,route259,2,23.439792,215719397287,7|8,5|59,1000004,36,15.5,-6.90625,0.0,5|59,5,0,0,1,OBSERVED_QUALIFIED,DIFFERENT_OTHER
R259_S2_HARD_NEGATIVE,route259,2,23.541211,215820816274,7|8,5|59,1000004,36,15.5,-6.90625,0.0,5|59,5,0,0,1,OBSERVED_QUALIFIED,DIFFERENT_OTHER
R259_S2_HARD_NEGATIVE,route259,2,23.641829,215921434354,7|8,5|59,1000004,36,15.5,-6.90625,0.0,5|59,5,0,0,1,OBSERVED_QUALIFIED,DIFFERENT_OTHER
R259_S2_HARD_NEGATIVE,route259,2,23.739876,216019481393,7|8,5|59,1000004,36,15.5,-6.90625,0.0,5|59,5,0,0,1,OBSERVED_QUALIFIED,DIFFERENT_OTHER
R259_S2_HARD_NEGATIVE,route259,2,23.851047,216130652869,7|8,5|59,1000004,36,15.5,-6.90625,0.0,5|59,5,0,0,1,OBSERVED_QUALIFIED,DIFFERENT_OTHER
R259_S2_HARD_NEGATIVE,route259,2,23.949849,216229454323,7|8,5|59,1000004,36,15.5,-6.90625,0.0,5|59,5,0,0,1,OBSERVED_QUALIFIED,DIFFERENT_OTHER
R259_S2_HARD_NEGATIVE,route259,2,24.049637,216329242417,7|8,5|59,1000004,36,15.5,-6.90625,0.0,5|59,5,0,0,1,OBSERVED_QUALIFIED,DIFFERENT_OTHER
R259_S2_HARD_NEGATIVE,route259,2,24.149006,216428611417,7|8,5|59,1000004,36,15.5,-6.90625,0.0,5|59,5,0,0,1,OBSERVED_QUALIFIED,DIFFERENT_OTHER
R259_S2_HARD_NEGATIVE,route259,2,24.24937,216528975740,7|8,5|59,1000004,36,15.5,-6.90625,0.0,5|59,5,0,0,1,OBSERVED_QUALIFIED,DIFFERENT_OTHER
R259_S2_HARD_NEGATIVE,route259,2,24.349042,216628647852,7|8,5|59,1000004,36,15.5,-6.90625,0.0,5|59,5,0,0,1,OBSERVED_QUALIFIED,DIFFERENT_OTHER
R259_S2_HARD_NEGATIVE,route259,2,24.450022,216729627765,7|8,5|59,1000004,36,15.5,-6.90625,0.0,5|59,5,0,0,1,OBSERVED_QUALIFIED,DIFFERENT_OTHER
R259_S2_HARD_NEGATIVE,route259,2,24.549513,216829118484,7|8,5|59,1000004,36,15.5,-6.90625,0.0,5|59,5,0,0,1,OBSERVED_QUALIFIED,DIFFERENT_OTHER
R259_S2_HARD_NEGATIVE,route259,2,24.649951,216929557145,7|8,5|59,1000004,36,15.5,-6.90625,0.0,5|59,5,0,0,1,OBSERVED_QUALIFIED,DIFFERENT_OTHER
R259_S2_HARD_NEGATIVE,route259,2,24.759767,217039373029,7|8,5|59,1000004,36,15.5,-6.90625,0.0,5|59,5,0,0,1,OBSERVED_QUALIFIED,DIFFERENT_OTHER
R259_S2_HARD_NEGATIVE,route259,2,24.860039,217139644980,7|8,5|59,1000004,36,15.5,-6.90625,0.0,5|59,5,0,0,1,OBSERVED_QUALIFIED,DIFFERENT_OTHER
R259_S2_HARD_NEGATIVE,route259,2,24.860039,217139644980,16,85,1000106,86,10.5,1.34375,0.0,85,85,1,0,1,OBSERVED_QUALIFIED,DIFFERENT_OTHER
R259_S2_HARD_NEGATIVE,route259,2,24.959253,217238858438,7|8,5|59,1000004,36,15.5,-6.90625,0.0,5|59,5,0,0,1,OBSERVED_QUALIFIED,DIFFERENT_OTHER
R259_S2_HARD_NEGATIVE,route259,2,24.959253,217238858438,16,85,1000106,86,10.5,1.40625,0.0,85,85,1,0,1,OBSERVED_QUALIFIED,DIFFERENT_OTHER
R259_S2_HARD_NEGATIVE,route259,2,25.059378,217338983380,7|8,5|59,1000004,36,15.5,-6.90625,0.0,5|59,5,0,0,1,OBSERVED_QUALIFIED,DIFFERENT_OTHER
R259_S2_HARD_NEGATIVE,route259,2,25.059378,217338983380,16,85,1000106,86,10.5,1.28125,0.0,85,85,1,0,1,OBSERVED_QUALIFIED,DIFFERENT_OTHER
R259_S2_HARD_NEGATIVE,route259,2,25.158967,217438572322,7|8,5|59,1000004,36,15.5,-6.90625,0.0,5|59,5,0,0,1,OBSERVED_QUALIFIED,DIFFERENT_OTHER
R259_S2_HARD_NEGATIVE,route259,2,25.158967,217438572322,16,85,1000106,86,10.5,1.3125,0.0,85,85,1,0,1,OBSERVED_QUALIFIED,DIFFERENT_OTHER
R259_S2_HARD_NEGATIVE,route259,2,25.260114,217539719228,7|8,5|59,1000004,36,15.5,-6.90625,0.0,5|59,5,0,0,1,OBSERVED_QUALIFIED,DIFFERENT_OTHER
R259_S2_HARD_NEGATIVE,route259,2,25.260114,217539719228,16,85,1000106,86,10.5,1.28125,0.0,85,85,1,0,1,OBSERVED_QUALIFIED,DIFFERENT_OTHER
R259_S2_HARD_NEGATIVE,route259,2,25.359392,217638998175,7|8,5|59,1000004,36,15.5,-6.90625,0.0,5|59,5,0,0,1,OBSERVED_QUALIFIED,DIFFERENT_OTHER
R259_S2_HARD_NEGATIVE,route259,2,25.359392,217638998175,16,85,1000106,86,10.5,1.28125,0.0,85,85,1,0,1,OBSERVED_QUALIFIED,DIFFERENT_OTHER
R259_S2_HARD_NEGATIVE,route259,2,25.459947,217739552948,7|8,5|59,1000004,36,15.5,-6.90625,0.0,5|59,5,0,0,1,OBSERVED_QUALIFIED,DIFFERENT_OTHER
R259_S2_HARD_NEGATIVE,route259,2,25.459947,217739552948,16,85,1000106,86,10.5,1.28125,0.0,85,85,1,0,1,OBSERVED_QUALIFIED,DIFFERENT_OTHER
R259_S2_HARD_NEGATIVE,route259,2,25.560195,217839800301,7|8,5|59,1000004,36,15.5,-6.90625,0.0,5|59,5,0,0,1,OBSERVED_QUALIFIED,DIFFERENT_OTHER
R259_S2_HARD_NEGATIVE,route259,2,25.560195,217839800301,16,85,1000106,86,10.5,1.25,0.0,85,85,1,0,1,OBSERVED_QUALIFIED,DIFFERENT_OTHER
R259_S2_HARD_NEGATIVE,route259,2,25.660393,217939998899,7|8,5|59,1000004,36,15.5,-6.90625,0.0,5|59,5,0,0,1,OBSERVED_QUALIFIED,DIFFERENT_OTHER
R259_S2_HARD_NEGATIVE,route259,2,25.660393,217939998899,16,85,1000106,86,10.75,1.3125,0.0,85,85,1,0,1,OBSERVED_QUALIFIED,DIFFERENT_OTHER
R259_S2_HARD_NEGATIVE,route259,2,25.759418,218039023654,7|8,5|59,1000004,36,15.5,-6.90625,0.0,5|59,5,0,0,1,OBSERVED_QUALIFIED,DIFFERENT_OTHER
R259_S2_HARD_NEGATIVE,route259,2,25.759418,218039023654,16,85,1000106,86,10.75,1.3125,0.0,85,85,1,0,1,OBSERVED_QUALIFIED,DIFFERENT_OTHER
R259_S2_HARD_NEGATIVE,route259,2,25.860015,218139620928,7|8,5|59,1000004,36,15.5,-6.90625,0.0,5|59,5,0,0,1,OBSERVED_QUALIFIED,DIFFERENT_OTHER
R259_S2_HARD_NEGATIVE,route259,2,25.860015,218139620928,16,85,1000106,86,10.75,1.34375,0.0,85,85,1,0,1,OBSERVED_QUALIFIED,DIFFERENT_OTHER
R259_S2_HARD_NEGATIVE,route259,2,25.968875,218248481138,7|8,5|59,1000004,36,15.5,-6.90625,0.0,5|59,5,0,0,1,OBSERVED_QUALIFIED,DIFFERENT_OTHER
R259_S2_HARD_NEGATIVE,route259,2,25.968875,218248481138,16,85,1000106,86,10.75,1.34375,0.0,85,85,1,0,1,OBSERVED_QUALIFIED,DIFFERENT_OTHER
R259_S2_HARD_NEGATIVE,route259,2,26.06982,218349425877,7|8,5|59,1000004,36,15.5,-6.90625,0.0,5|59,5,0,0,1,OBSERVED_QUALIFIED,DIFFERENT_OTHER
R259_S2_HARD_NEGATIVE,route259,2,26.06982,218349425877,16,85,1000106,86,10.75,1.375,0.0,85,85,1,0,1,OBSERVED_QUALIFIED,DIFFERENT_OTHER
R259_S2_HARD_NEGATIVE,route259,2,26.169515,218449121044,7|8,5|59,1000004,36,15.5,-6.90625,0.0,5|59,5,0,0,1,OBSERVED_QUALIFIED,DIFFERENT_OTHER
R259_S2_HARD_NEGATIVE,route259,2,26.169515,218449121044,16,85,1000106,86,10.75,1.375,0.0,85,85,1,0,1,OBSERVED_QUALIFIED,DIFFERENT_OTHER
R259_S2_HARD_NEGATIVE,route259,2,26.269912,218549518019,7|8,5|59,1000004,36,15.5,-6.90625,0.0,5|59,5,0,0,1,OBSERVED_QUALIFIED,DIFFERENT_OTHER
R259_S2_HARD_NEGATIVE,route259,2,26.269912,218549518019,16,85,1000106,86,10.75,1.375,0.0,85,85,1,0,1,OBSERVED_QUALIFIED,DIFFERENT_OTHER
R259_S2_HARD_NEGATIVE,route259,2,26.368958,218648563512,7|8,5|59,1000004,36,15.5,-6.90625,0.0,5|59,5,0,0,1,OBSERVED_QUALIFIED,DIFFERENT_OTHER
R259_S2_HARD_NEGATIVE,route259,2,26.368958,218648563512,16,85,1000106,86,10.75,1.40625,0.0,85,85,1,0,1,OBSERVED_QUALIFIED,DIFFERENT_OTHER
R259_S2_HARD_NEGATIVE,route259,2,26.470016,218749622131,7|8,5|59,1000004,36,15.5,-6.90625,0.0,5|59,5,0,0,1,OBSERVED_QUALIFIED,DIFFERENT_OTHER
R259_S2_HARD_NEGATIVE,route259,2,26.470016,218749622131,16,85,1000106,86,10.75,1.40625,0.0,85,85,1,0,1,OBSERVED_QUALIFIED,DIFFERENT_OTHER
R259_S2_HARD_NEGATIVE,route259,2,26.569872,218849477851,7|8,5|59,1000004,36,15.5,-6.90625,0.0,5|59,5,0,0,1,OBSERVED_QUALIFIED,DIFFERENT_OTHER
R259_S2_HARD_NEGATIVE,route259,2,26.569872,218849477851,16,85,1000106,86,10.75,1.40625,0.0,85,85,1,0,1,OBSERVED_QUALIFIED,DIFFERENT_OTHER
R259_S2_HARD_NEGATIVE,route259,2,26.669638,218949244112,7|8,5|59,1000004,36,15.5,-6.90625,0.0,5|59,5,0,0,1,OBSERVED_QUALIFIED,DIFFERENT_OTHER
R259_S2_HARD_NEGATIVE,route259,2,26.669638,218949244112,16,85,1000106,86,10.75,1.40625,0.0,85,85,1,0,1,OBSERVED_QUALIFIED,DIFFERENT_OTHER
R259_S2_HARD_NEGATIVE,route259,2,26.76953,219049135794,7|8,5|59,1000004,36,15.5,-6.90625,0.0,5|59,5,0,0,1,OBSERVED_QUALIFIED,DIFFERENT_OTHER
R259_S2_HARD_NEGATIVE,route259,2,26.76953,219049135794,16,85,1000106,86,10.75,1.40625,0.0,85,85,1,0,1,OBSERVED_QUALIFIED,DIFFERENT_OTHER
R259_S2_HARD_NEGATIVE,route259,2,26.869214,219148820073,7|8,5|59,1000004,36,15.5,-6.90625,0.0,5|59,5,0,0,1,OBSERVED_QUALIFIED,DIFFERENT_OTHER
R259_S2_HARD_NEGATIVE,route259,2,26.869214,219148820073,16,85,1000106,86,10.75,1.4375,0.0,85,85,1,0,1,OBSERVED_QUALIFIED,DIFFERENT_OTHER
R259_S2_HARD_NEGATIVE,route259,2,26.9695,219249105474,7|8,5|59,1000004,36,15.5,-6.90625,0.0,5|59,5,0,0,1,OBSERVED_QUALIFIED,DIFFERENT_OTHER
R259_S2_HARD_NEGATIVE,route259,2,26.9695,219249105474,16,85,1000106,86,10.75,1.40625,0.0,85,85,1,0,1,OBSERVED_QUALIFIED,DIFFERENT_OTHER
R259_S2_HARD_NEGATIVE,route259,2,27.070012,219349617528,7|8,5|59,1000004,36,15.5,-6.90625,0.0,5|59,5,0,0,1,OBSERVED_QUALIFIED,DIFFERENT_OTHER
R259_S2_HARD_NEGATIVE,route259,2,27.070012,219349617528,16,85,1000106,86,10.75,1.4375,0.0,85,85,1,0,1,OBSERVED_QUALIFIED,DIFFERENT_OTHER
R259_S2_HARD_NEGATIVE,route259,2,27.169558,219449163487,7|8,5|59,1000004,36,15.5,-6.90625,0.0,5|59,5,0,0,1,OBSERVED_QUALIFIED,DIFFERENT_OTHER
R259_S2_HARD_NEGATIVE,route259,2,27.169558,219449163487,16,85,1000106,86,10.75,1.4375,0.0,85,85,1,0,1,OBSERVED_QUALIFIED,DIFFERENT_OTHER
R259_S2_HARD_NEGATIVE,route259,2,27.270987,219550592645,7|8,5|59,1000004,36,15.5,-6.90625,0.0,5|59,5,0,0,1,OBSERVED_QUALIFIED,DIFFERENT_OTHER
R259_S2_HARD_NEGATIVE,route259,2,27.270987,219550592645,16,85,1000106,86,10.75,1.4375,0.0,85,85,1,0,1,OBSERVED_QUALIFIED,DIFFERENT_OTHER
R259_S2_HARD_NEGATIVE,route259,2,27.381114,219660719493,7|8,5|59,1000004,36,15.5,-6.90625,0.0,5|59,5,0,0,1,OBSERVED_QUALIFIED,DIFFERENT_OTHER
R259_S2_HARD_NEGATIVE,route259,2,27.381114,219660719493,16,85,1000106,86,10.75,1.4375,0.0,85,85,1,0,1,OBSERVED_QUALIFIED,DIFFERENT_OTHER
R259_S2_HARD_NEGATIVE,route259,2,27.481313,219760919132,7|8,5|59,1000004,36,15.5,-6.90625,0.0,5|59,5,0,0,1,OBSERVED_QUALIFIED,DIFFERENT_OTHER
R259_S2_HARD_NEGATIVE,route259,2,27.481313,219760919132,16,85,1000106,86,10.75,1.4375,0.0,85,85,1,0,1,OBSERVED_QUALIFIED,DIFFERENT_OTHER
R259_S2_HARD_NEGATIVE,route259,2,27.579724,219859329989,7|8,5|59,1000004,36,15.5,-6.90625,0.0,5|59,5,0,0,1,OBSERVED_QUALIFIED,DIFFERENT_OTHER
R259_S2_HARD_NEGATIVE,route259,2,27.579724,219859329989,16,85,1000106,86,10.75,1.4375,0.0,85,85,1,0,1,OBSERVED_QUALIFIED,DIFFERENT_OTHER
R259_S2_HARD_NEGATIVE,route259,2,27.679862,219959468068,7|8,5|59,1000004,36,15.5,-6.90625,0.0,5|59,5,0,0,1,OBSERVED_QUALIFIED,DIFFERENT_OTHER
R259_S2_HARD_NEGATIVE,route259,2,27.679862,219959468068,16,85,1000106,86,10.75,1.4375,0.0,85,85,1,0,1,OBSERVED_QUALIFIED,DIFFERENT_OTHER
R259_S2_HARD_NEGATIVE,route259,2,27.779257,220058862598,7|8,5|59,1000004,36,15.5,-6.90625,0.0,5|59,5,0,0,1,OBSERVED_QUALIFIED,DIFFERENT_OTHER
R259_S2_HARD_NEGATIVE,route259,2,27.779257,220058862598,16,85,1000106,86,10.75,1.4375,0.0,85,85,1,0,1,OBSERVED_QUALIFIED,DIFFERENT_OTHER
R280_S7_FRAGMENT,route280,7,20.691772,2906051947933,23,16,1000015,47,33.5,-0.4375,0.25,16,16,0,1,1,OBSERVED_QUALIFIED,SAME_SURFACE_FRAGMENT
R280_S7_FRAGMENT,route280,7,20.792209,2906152385630,23,16,1000015,47,33.5,-0.46875,0.25,16,16,0,1,1,OBSERVED_QUALIFIED,SAME_SURFACE_FRAGMENT
R280_S7_FRAGMENT,route280,7,20.902051,2906262227220,23,16,1000015,47,33.5,-0.4375,0.25,16,16,0,1,1,OBSERVED_QUALIFIED,SAME_SURFACE_FRAGMENT
R280_S7_FRAGMENT,route280,7,21.001476,2906361652097,23,16,1000015,47,33.5,-0.09375,0.25,16,16,0,1,1,OBSERVED_QUALIFIED,SAME_SURFACE_FRAGMENT
R280_S7_FRAGMENT,route280,7,21.100345,2906460520881,23,16,1000015,47,33.5,-0.09375,0.25,16,16,0,1,1,OBSERVED_QUALIFIED,SAME_SURFACE_FRAGMENT
R280_S7_FRAGMENT,route280,7,21.190785,2906550961460,23,16,1000015,47,33.75,-0.125,0.25,16,16,0,1,1,OBSERVED_QUALIFIED,SAME_SURFACE_FRAGMENT
R280_S7_FRAGMENT,route280,7,21.300522,2906660698372,23,16,1000015,47,33.5,-0.21875,0.25,16,16,0,1,1,OBSERVED_QUALIFIED,SAME_SURFACE_FRAGMENT
R280_S7_FRAGMENT,route280,7,21.400577,2906760753293,23,16,1000015,47,33.75,-0.5,0.25,16,16,0,1,1,OBSERVED_QUALIFIED,SAME_SURFACE_FRAGMENT
R280_S7_FRAGMENT,route280,7,21.50034,2906860516106,23,16,1000015,47,33.75,-0.53125,0.25,16,16,0,1,1,OBSERVED_QUALIFIED,SAME_SURFACE_FRAGMENT
R280_S7_FRAGMENT,route280,7,21.600132,2906960308291,23,16,1000015,47,33.75,-0.59375,0.25,16,16,0,1,1,OBSERVED_QUALIFIED,SAME_SURFACE_FRAGMENT
R280_S7_FRAGMENT,route280,7,21.700421,2907060597461,23,16,1000015,47,33.75,-0.5,0.25,16,16,0,1,1,OBSERVED_QUALIFIED,SAME_SURFACE_FRAGMENT
R280_S7_FRAGMENT,route280,7,21.799767,2907159943387,23,16,1000015,47,33.75,-0.5,0.25,16,16,0,1,1,OBSERVED_QUALIFIED,SAME_SURFACE_FRAGMENT
R280_S7_FRAGMENT,route280,7,21.900077,2907260253439,23,16,1000015,47,33.75,-0.4375,0.25,16,16,0,1,1,OBSERVED_QUALIFIED,SAME_SURFACE_FRAGMENT
R280_S7_FRAGMENT,route280,7,21.990716,2907350892072,23,16,1000015,47,33.75,-0.5,0.25,16,16,0,1,1,OBSERVED_QUALIFIED,SAME_SURFACE_FRAGMENT
R280_S7_FRAGMENT,route280,7,22.100057,2907460233345,23,16,1000015,47,33.75,-0.3125,0.25,16,16,0,1,1,OBSERVED_QUALIFIED,SAME_SURFACE_FRAGMENT
R280_S7_FRAGMENT,route280,7,22.199724,2907559900490,23,16,1000015,47,33.75,-0.4375,0.25,16,16,0,1,1,OBSERVED_QUALIFIED,SAME_SURFACE_FRAGMENT
R280_S7_FRAGMENT,route280,7,22.291315,2907651491011,23,16,1000015,47,33.75,-0.4375,0.25,16,16,0,1,1,OBSERVED_QUALIFIED,SAME_SURFACE_FRAGMENT
R280_S7_FRAGMENT,route280,7,22.39155,2907751725967,23,16,1000015,47,34.0,-0.3125,0.25,16,16,0,1,1,OBSERVED_QUALIFIED,SAME_SURFACE_FRAGMENT
R280_S7_FRAGMENT,route280,7,22.490647,2907850823219,23,16,1000015,47,34.0,-0.28125,0.25,16,16,0,1,1,OBSERVED_QUALIFIED,SAME_SURFACE_FRAGMENT
R280_S7_FRAGMENT,route280,7,22.601541,2907961717052,23,16,1000015,47,34.0,-0.34375,0.25,16,16,0,1,1,OBSERVED_QUALIFIED,SAME_SURFACE_FRAGMENT
R280_S7_FRAGMENT,route280,7,22.690649,2908050825518,23,16,1000015,47,34.0,-0.53125,0.25,16,16,0,1,1,OBSERVED_QUALIFIED,SAME_SURFACE_FRAGMENT
R280_S7_FRAGMENT,route280,7,22.800325,2908160500978,23,16,1000015,47,34.0,-0.3125,0.25,16,16,0,1,1,OBSERVED_QUALIFIED,SAME_SURFACE_FRAGMENT
R280_S7_FRAGMENT,route280,7,22.900312,2908260488301,23,16,1000015,47,34.0,-0.40625,0.25,16,16,0,1,1,OBSERVED_QUALIFIED,SAME_SURFACE_FRAGMENT
R280_S7_FRAGMENT,route280,7,22.990661,2908350837014,23,16,1000015,47,34.0,-0.40625,0.25,16,16,0,1,1,OBSERVED_QUALIFIED,SAME_SURFACE_FRAGMENT
R280_S7_FRAGMENT,route280,7,23.100038,2908460214013,23,16,1000015,47,34.0,-0.5,0.25,16,16,0,1,1,OBSERVED_QUALIFIED,SAME_SURFACE_FRAGMENT
R280_S7_FRAGMENT,route280,7,23.199643,2908559818664,23,16,1000015,47,34.0,-0.6875,0.25,16,16,0,1,1,OBSERVED_QUALIFIED,SAME_SURFACE_FRAGMENT
R280_S7_FRAGMENT,route280,7,23.29085,2908651026148,23,16,1000015,47,34.0,-0.5625,0.25,16,16,0,1,1,OBSERVED_QUALIFIED,SAME_SURFACE_FRAGMENT
R280_S7_FRAGMENT,route280,7,23.399783,2908759959336,23,16,1000015,47,34.0,-0.28125,0.25,16,16,0,1,1,OBSERVED_QUALIFIED,SAME_SURFACE_FRAGMENT
R280_S7_FRAGMENT,route280,7,23.501038,2908861213933,23,16,1000015,47,34.25,-0.28125,0.25,16,16,0,1,1,OBSERVED_QUALIFIED,SAME_SURFACE_FRAGMENT
R280_S7_FRAGMENT,route280,7,23.599651,2908959827429,23,16,1000015,47,34.25,-0.4375,0.25,16,16,0,1,1,OBSERVED_QUALIFIED,SAME_SURFACE_FRAGMENT
R280_S7_FRAGMENT,route280,7,23.599651,2908959827429,20,218,1000227,86,34.5,4.1875,0.0,218,218,0,0,1,OBSERVED_QUALIFIED,SAME_SURFACE_FRAGMENT
R280_S7_FRAGMENT,route280,7,23.690521,2909050697602,23,16,1000015,47,34.25,-0.6875,0.25,16,16,0,1,1,OBSERVED_QUALIFIED,SAME_SURFACE_FRAGMENT
R280_S7_FRAGMENT,route280,7,23.690521,2909050697602,20,218,1000227,86,35.0,3.375,0.25,218,218,0,0,1,OBSERVED_QUALIFIED,SAME_SURFACE_FRAGMENT
R280_S7_FRAGMENT,route280,7,23.799628,2909159804419,23,16,1000015,47,34.0,-0.6875,0.25,16,16,0,1,1,OBSERVED_QUALIFIED,SAME_SURFACE_FRAGMENT
R280_S7_FRAGMENT,route280,7,23.799628,2909159804419,20,218,1000227,86,35.0,3.40625,0.25,218,218,0,0,1,OBSERVED_QUALIFIED,SAME_SURFACE_FRAGMENT
R280_S7_FRAGMENT,route280,7,23.891309,2909251485035,23,16,1000015,47,34.25,-0.5,0.25,16,16,0,1,1,OBSERVED_QUALIFIED,SAME_SURFACE_FRAGMENT
R280_S7_FRAGMENT,route280,7,23.891309,2909251485035,20,218,1000227,86,35.25,3.53125,0.25,218,218,0,0,1,OBSERVED_QUALIFIED,SAME_SURFACE_FRAGMENT
R280_S7_FRAGMENT,route280,7,23.991593,2909351768840,23,16,1000015,47,34.25,-0.625,0.25,16,16,0,1,1,OBSERVED_QUALIFIED,SAME_SURFACE_FRAGMENT
R280_S7_FRAGMENT,route280,7,23.991593,2909351768840,20,218,1000227,86,35.25,3.625,0.25,218,218,0,0,1,OBSERVED_QUALIFIED,SAME_SURFACE_FRAGMENT
R280_S7_FRAGMENT,route280,7,24.10123,2909461406335,23,16,1000015,47,34.25,-0.59375,0.25,16,16,0,1,1,OBSERVED_QUALIFIED,SAME_SURFACE_FRAGMENT
R280_S7_FRAGMENT,route280,7,24.10123,2909461406335,20,218,1000227,86,35.25,3.65625,0.25,218,218,0,0,1,OBSERVED_QUALIFIED,SAME_SURFACE_FRAGMENT
R280_S7_FRAGMENT,route280,7,24.201324,2909561500158,23,16,1000015,47,34.25,-0.625,0.25,16,16,0,1,1,OBSERVED_QUALIFIED,SAME_SURFACE_FRAGMENT
R280_S7_FRAGMENT,route280,7,24.201324,2909561500158,20,218,1000227,86,34.75,3.84375,0.25,218,218,0,0,1,OBSERVED_QUALIFIED,SAME_SURFACE_FRAGMENT
R280_S7_FRAGMENT,route280,7,24.290955,2909651130763,23,16,1000015,47,34.25,-0.625,0.25,16,16,0,1,1,OBSERVED_QUALIFIED,SAME_SURFACE_FRAGMENT
R280_S7_FRAGMENT,route280,7,24.290955,2909651130763,20,218,1000227,86,34.75,3.96875,0.25,218,218,0,0,1,OBSERVED_QUALIFIED,SAME_SURFACE_FRAGMENT
R280_S7_FRAGMENT,route280,7,24.399695,2909759871468,23,16,1000015,47,34.25,-0.65625,0.25,16,16,0,1,1,OBSERVED_QUALIFIED,SAME_SURFACE_FRAGMENT
R280_S7_FRAGMENT,route280,7,24.399695,2909759871468,20,218,1000227,86,35.25,4.34375,0.0,218,218,0,0,1,OBSERVED_QUALIFIED,SAME_SURFACE_FRAGMENT
R280_S7_FRAGMENT,route280,7,24.490672,2909850848246,23,16,1000015,47,34.5,-0.6875,0.25,16,16,0,1,1,OBSERVED_QUALIFIED,SAME_SURFACE_FRAGMENT
R280_S7_FRAGMENT,route280,7,24.490672,2909850848246,20,218,1000227,86,35.0,4.3125,0.0,218,218,0,0,1,OBSERVED_QUALIFIED,SAME_SURFACE_FRAGMENT
R280_S7_FRAGMENT,route280,7,24.599761,2909959937512,23,16,1000015,47,34.5,-0.96875,0.25,16,16,0,1,1,OBSERVED_QUALIFIED,SAME_SURFACE_FRAGMENT
R280_S7_FRAGMENT,route280,7,24.599761,2909959937512,20,218,1000227,86,35.0,4.375,0.0,218,218,0,0,1,OBSERVED_QUALIFIED,SAME_SURFACE_FRAGMENT
R280_S7_FRAGMENT,route280,7,24.690637,2910050813309,23,16,1000015,47,34.5,-1.03125,0.25,16,16,0,1,1,OBSERVED_QUALIFIED,SAME_SURFACE_FRAGMENT
R280_S7_FRAGMENT,route280,7,24.690637,2910050813309,20,218,1000227,86,35.25,4.0625,0.25,218,218,0,0,1,OBSERVED_QUALIFIED,SAME_SURFACE_FRAGMENT
R280_S7_FRAGMENT,route280,7,24.790824,2910151000040,23,16,1000015,47,34.5,-1.0625,0.25,16,16,0,1,1,OBSERVED_QUALIFIED,SAME_SURFACE_FRAGMENT
R280_S7_FRAGMENT,route280,7,24.790824,2910151000040,20,218,1000227,86,35.0,4.28125,0.0,218,218,0,0,1,OBSERVED_QUALIFIED,SAME_SURFACE_FRAGMENT
R280_S7_FRAGMENT,route280,7,24.890759,2910250935337,23,16,1000015,47,34.5,-1.15625,0.25,16,16,0,1,1,OBSERVED_QUALIFIED,SAME_SURFACE_FRAGMENT
R280_S7_FRAGMENT,route280,7,24.890759,2910250935337,20,218,1000227,86,35.0,4.375,0.0,218,218,0,0,1,OBSERVED_QUALIFIED,SAME_SURFACE_FRAGMENT
R280_S7_FRAGMENT,route280,7,24.990497,2910350673100,23,16,1000015,47,34.5,-1.0625,0.25,16,16,0,1,1,OBSERVED_QUALIFIED,SAME_SURFACE_FRAGMENT
R280_S7_FRAGMENT,route280,7,24.990497,2910350673100,20,218,1000227,86,35.0,4.625,0.0,218,218,0,0,1,OBSERVED_QUALIFIED,SAME_SURFACE_FRAGMENT
R280_S7_FRAGMENT,route280,7,25.100106,2910460282421,23,16,1000015,47,34.5,-1.09375,0.25,16,16,0,1,1,OBSERVED_QUALIFIED,SAME_SURFACE_FRAGMENT
R280_S7_FRAGMENT,route280,7,25.100106,2910460282421,20,218,1000227,86,35.0,4.6875,0.0,218,218,0,0,1,OBSERVED_QUALIFIED,SAME_SURFACE_FRAGMENT
R280_S7_FRAGMENT,route280,7,25.200325,2910560501128,23,16,1000015,47,34.5,-1.09375,0.25,16,16,0,1,1,OBSERVED_QUALIFIED,SAME_SURFACE_FRAGMENT
R280_S7_FRAGMENT,route280,7,25.200325,2910560501128,20,218,1000227,86,35.0,4.40625,0.0,218,218,0,0,1,OBSERVED_QUALIFIED,SAME_SURFACE_FRAGMENT
R280_S7_FRAGMENT,route280,7,25.290438,2910650613717,23,16,1000015,47,34.5,-0.78125,0.25,16,16,0,1,1,OBSERVED_QUALIFIED,SAME_SURFACE_FRAGMENT
R280_S7_FRAGMENT,route280,7,25.290438,2910650613717,20,218,1000227,86,35.0,4.46875,0.0,218,218,0,0,1,OBSERVED_QUALIFIED,SAME_SURFACE_FRAGMENT
R280_S7_FRAGMENT,route280,7,25.399712,2910759888330,23,16,1000015,47,34.5,-0.84375,0.25,16,16,0,1,1,OBSERVED_QUALIFIED,SAME_SURFACE_FRAGMENT
R280_S7_FRAGMENT,route280,7,25.399712,2910759888330,20,218,1000227,86,35.0,4.25,0.25,218,218,0,0,1,OBSERVED_QUALIFIED,SAME_SURFACE_FRAGMENT
R280_S7_FRAGMENT,route280,7,25.491576,2910851752158,23,16,1000015,47,34.5,-0.9375,0.25,16,16,0,1,1,OBSERVED_QUALIFIED,SAME_SURFACE_FRAGMENT
R280_S7_FRAGMENT,route280,7,25.491576,2910851752158,20,218,1000227,86,35.0,4.28125,0.25,218,218,0,0,1,OBSERVED_QUALIFIED,SAME_SURFACE_FRAGMENT
R280_S7_FRAGMENT,route280,7,25.591635,2910951810881,23,16,1000015,47,34.5,-1.03125,0.25,16,16,0,1,1,OBSERVED_QUALIFIED,SAME_SURFACE_FRAGMENT
R280_S7_FRAGMENT,route280,7,25.591635,2910951810881,20,218,1000227,86,35.0,4.3125,0.25,218,218,0,0,1,OBSERVED_QUALIFIED,SAME_SURFACE_FRAGMENT
R280_S7_FRAGMENT,route280,7,25.690961,2911051136913,23,16,1000015,47,34.5,-1.0,0.25,16,16,0,1,1,OBSERVED_QUALIFIED,SAME_SURFACE_FRAGMENT
R280_S7_FRAGMENT,route280,7,25.690961,2911051136913,20,218,1000227,86,34.75,4.3125,0.25,218,218,0,0,1,OBSERVED_QUALIFIED,SAME_SURFACE_FRAGMENT
R280_S7_FRAGMENT,route280,7,25.790734,2911150910090,23,16,1000015,47,34.5,-1.0,0.25,16,16,0,1,1,OBSERVED_QUALIFIED,SAME_SURFACE_FRAGMENT
R280_S7_FRAGMENT,route280,7,25.790734,2911150910090,20,218,1000227,86,34.75,4.34375,0.25,218,218,0,0,1,OBSERVED_QUALIFIED,SAME_SURFACE_FRAGMENT
R280_S7_FRAGMENT,route280,7,25.890399,2911250574683,23,16,1000015,47,34.5,-1.0625,0.25,16,16,0,1,1,OBSERVED_QUALIFIED,SAME_SURFACE_FRAGMENT
R280_S7_FRAGMENT,route280,7,25.890399,2911250574683,20,218,1000227,86,34.75,4.15625,0.25,218,218,0,0,1,OBSERVED_QUALIFIED,SAME_SURFACE_FRAGMENT
R280_S7_FRAGMENT,route280,7,25.990248,2911350423790,23,16,1000015,47,34.5,-1.09375,0.25,16,16,0,1,1,OBSERVED_QUALIFIED,SAME_SURFACE_FRAGMENT
R280_S7_FRAGMENT,route280,7,25.990248,2911350423790,20,218,1000227,86,34.75,3.9375,0.25,218,218,0,0,1,OBSERVED_QUALIFIED,SAME_SURFACE_FRAGMENT
R280_S7_FRAGMENT,route280,7,26.090786,2911450962466,23,16,1000015,47,34.5,-1.09375,0.25,16,16,0,1,1,OBSERVED_QUALIFIED,SAME_SURFACE_FRAGMENT
R280_S7_FRAGMENT,route280,7,26.090786,2911450962466,20,218,1000227,86,35.0,3.9375,0.25,218,218,0,0,1,OBSERVED_QUALIFIED,SAME_SURFACE_FRAGMENT
R280_S7_FRAGMENT,route280,7,26.190385,2911550560868,23,16,1000015,47,34.5,-1.09375,0.0,16,16,0,1,1,OBSERVED_QUALIFIED,SAME_SURFACE_FRAGMENT
R280_S7_FRAGMENT,route280,7,26.190385,2911550560868,20,218,1000227,86,35.0,3.9375,0.25,218,218,0,0,1,OBSERVED_QUALIFIED,SAME_SURFACE_FRAGMENT
R280_S7_FRAGMENT,route280,7,26.290392,2911650568085,23,16,1000015,47,34.5,-0.96875,0.25,16,16,0,1,1,OBSERVED_QUALIFIED,SAME_SURFACE_FRAGMENT
R280_S7_FRAGMENT,route280,7,26.290392,2911650568085,20,218,1000227,86,35.0,3.9375,0.25,218,218,0,0,1,OBSERVED_QUALIFIED,SAME_SURFACE_FRAGMENT
R280_S7_FRAGMENT,route280,7,26.390077,2911750253093,23,16,1000015,47,34.5,-1.09375,0.0,16,16,0,1,1,OBSERVED_QUALIFIED,SAME_SURFACE_FRAGMENT
R280_S7_FRAGMENT,route280,7,26.390077,2911750253093,20,218,1000227,86,35.0,3.90625,0.25,218,218,0,0,1,OBSERVED_QUALIFIED,SAME_SURFACE_FRAGMENT
R280_S7_FRAGMENT,route280,7,26.490506,2911850682092,23,16,1000015,47,34.75,-1.1875,0.0,16,16,0,1,1,OBSERVED_QUALIFIED,SAME_SURFACE_FRAGMENT
R280_S7_FRAGMENT,route280,7,26.490506,2911850682092,,,1000227,,,,,218,218,,,0,INTERNAL_ONLY,SAME_SURFACE_FRAGMENT
R280_S7_FRAGMENT,route280,7,26.590416,2911950591766,23,16,1000015,47,34.75,-1.0,0.0,16,16,0,1,1,OBSERVED_QUALIFIED,SAME_SURFACE_FRAGMENT
R280_S7_FRAGMENT,route280,7,26.590416,2911950591766,,,1000227,,,,,218,218,,,0,INTERNAL_ONLY,SAME_SURFACE_FRAGMENT
R28B_S33_FALSE_LEAD,route28b,33,18.477692,2069530694064,28,116,1000118,79,58.75,-0.125,-5.75,116,116,0,0,0,OBSERVED_QUALIFIED,IDENTITY_UNVERIFIED
R28B_S33_FALSE_LEAD,route28b,33,18.577835,2069630836867,28,116,1000118,79,58.75,-0.125,-5.75,116,116,0,0,0,OBSERVED_QUALIFIED,IDENTITY_UNVERIFIED
R28B_S33_FALSE_LEAD,route28b,33,18.677742,2069730744009,28,116,1000118,79,58.25,-0.625,-6.25,116,116,0,0,0,OBSERVED_QUALIFIED,IDENTITY_UNVERIFIED
R28B_S33_FALSE_LEAD,route28b,33,18.778954,2069831956235,28,116,1000118,79,59.25,-1.375,-6.25,116,116,0,0,0,OBSERVED_QUALIFIED,IDENTITY_UNVERIFIED
R28B_S33_FALSE_LEAD,route28b,33,18.879289,2069932291448,28,116,1000118,79,58.75,-1.6875,-6.5,116,116,0,0,0,OBSERVED_QUALIFIED,IDENTITY_UNVERIFIED
R28B_S33_FALSE_LEAD,route28b,33,18.978301,2070031303206,,,1000118,,,,,116,116,,,0,INTERNAL_ONLY,IDENTITY_UNVERIFIED
R28B_S33_FALSE_LEAD,route28b,33,19.078171,2070131173085,,,1000118,,,,,116,116,,,0,INTERNAL_ONLY,IDENTITY_UNVERIFIED
R28B_S33_FALSE_LEAD,route28b,33,19.178066,2070231067996,,,1000118,,,,,116,116,,,0,INTERNAL_ONLY,IDENTITY_UNVERIFIED
R28F_S37_FALSE_LEAD,route28f,37,28.079881,6849989219705,9,3,1000002,34,80.0,-1.0,0.25,3,3,0,1,1,OBSERVED_QUALIFIED,IDENTITY_UNVERIFIED
R28F_S37_FALSE_LEAD,route28f,37,28.180221,6850089559321,9,3,1000002,34,80.0,-1.1875,0.25,3,3,0,1,1,OBSERVED_QUALIFIED,IDENTITY_UNVERIFIED
R28F_S37_FALSE_LEAD,route28f,37,28.279438,6850188776771,9,3,1000002,34,80.0,-0.875,0.5,3,3,0,1,1,OBSERVED_QUALIFIED,IDENTITY_UNVERIFIED
R28F_S37_FALSE_LEAD,route28f,37,28.380464,6850289803022,9,3,1000002,34,80.0,-0.78125,0.5,3,3,0,1,1,OBSERVED_QUALIFIED,IDENTITY_UNVERIFIED
R28F_S37_FALSE_LEAD,route28f,37,28.479722,6850389060439,9,3,1000002,34,80.0,-0.875,0.5,3,3,0,1,1,OBSERVED_QUALIFIED,IDENTITY_UNVERIFIED
R28F_S37_FALSE_LEAD,route28f,37,28.579955,6850489293845,9,3,1000002,34,80.0,-0.65625,0.25,3,3,0,1,1,OBSERVED_QUALIFIED,IDENTITY_UNVERIFIED
R28F_S37_FALSE_LEAD,route28f,37,28.679482,6850588820154,9,3,1000002,34,80.0,-0.65625,0.25,3,3,0,1,1,OBSERVED_QUALIFIED,IDENTITY_UNVERIFIED
R28F_S37_FALSE_LEAD,route28f,37,28.779727,6850689065790,9,3,1000002,34,80.0,-0.65625,0.25,3,3,0,1,1,OBSERVED_QUALIFIED,IDENTITY_UNVERIFIED
R28F_S37_FALSE_LEAD,route28f,37,28.880137,6850789475967,9,3,1000002,34,80.0,-0.875,0.25,3,3,0,1,1,OBSERVED_QUALIFIED,IDENTITY_UNVERIFIED
R28F_S37_FALSE_LEAD,route28f,37,28.981128,6850890466853,9,3,1000002,34,80.0,-0.96875,0.0,3,3,0,1,1,OBSERVED_QUALIFIED,IDENTITY_UNVERIFIED
R28F_S37_FALSE_LEAD,route28f,37,29.081728,6850991067025,9,3,1000002,34,79.75,-1.15625,0.0,3,3,0,1,1,OBSERVED_QUALIFIED,IDENTITY_UNVERIFIED
R28F_S37_FALSE_LEAD,route28f,37,29.180152,6851089490320,9,3,1000002,34,79.75,-1.15625,0.0,3,3,0,1,1,OBSERVED_QUALIFIED,IDENTITY_UNVERIFIED
R28F_S37_FALSE_LEAD,route28f,37,29.279763,6851189101581,9,3,1000002,34,79.75,-1.125,0.0,3,3,0,1,1,OBSERVED_QUALIFIED,IDENTITY_UNVERIFIED
R28F_S37_FALSE_LEAD,route28f,37,29.38053,6851289868845,9,3,1000002,34,79.75,-1.25,0.0,3,3,0,1,1,OBSERVED_QUALIFIED,IDENTITY_UNVERIFIED
R28F_S37_FALSE_LEAD,route28f,37,29.480311,6851389649510,9,3,1000002,34,79.75,-1.0625,0.0,3,3,0,1,1,OBSERVED_QUALIFIED,IDENTITY_UNVERIFIED
R28F_S37_FALSE_LEAD,route28f,37,29.579585,6851488923794,9,3,1000002,34,79.75,-0.78125,0.0,3,3,0,1,1,OBSERVED_QUALIFIED,IDENTITY_UNVERIFIED
R28F_S37_FALSE_LEAD,route28f,37,29.679774,6851589112713,9,3,1000002,34,79.75,-0.90625,0.0,3,3,0,1,1,OBSERVED_QUALIFIED,IDENTITY_UNVERIFIED
R28F_S37_FALSE_LEAD,route28f,37,29.780236,6851689574549,9,3,1000002,34,79.75,-0.75,0.0,3,3,0,1,1,OBSERVED_QUALIFIED,IDENTITY_UNVERIFIED
R28F_S37_FALSE_LEAD,route28f,37,29.880284,6851789622454,9,3,1000002,34,79.75,-0.375,0.0,3,3,0,1,1,OBSERVED_QUALIFIED,IDENTITY_UNVERIFIED
R28F_S37_FALSE_LEAD,route28f,37,29.980019,6851889357309,9,3,1000002,34,79.75,-0.3125,0.0,3,3,0,1,1,OBSERVED_QUALIFIED,IDENTITY_UNVERIFIED
R28F_S37_FALSE_LEAD,route28f,37,30.079696,6851989034177,9,3,1000002,34,79.75,-0.25,0.0,3,3,0,1,1,OBSERVED_QUALIFIED,IDENTITY_UNVERIFIED
R28F_S37_FALSE_LEAD,route28f,37,30.17966,6852088998745,9,3,1000002,34,79.75,-0.1875,-0.25,3,3,0,1,1,OBSERVED_QUALIFIED,IDENTITY_UNVERIFIED
R28F_S37_FALSE_LEAD,route28f,37,30.28003,6852189368237,9,3,1000002,34,79.75,-0.28125,-0.25,3,3,0,1,1,OBSERVED_QUALIFIED,IDENTITY_UNVERIFIED
R28F_S37_FALSE_LEAD,route28f,37,30.379897,6852289235413,9,3,1000002,34,79.75,-0.40625,-0.25,3,3,0,1,1,OBSERVED_QUALIFIED,IDENTITY_UNVERIFIED
R28F_S37_FALSE_LEAD,route28f,37,30.479507,6852388845620,9,3,1000002,34,79.75,-0.5625,-0.25,3,3,0,1,1,OBSERVED_QUALIFIED,IDENTITY_UNVERIFIED
R28F_S37_FALSE_LEAD,route28f,37,30.580372,6852489710522,9,3,1000002,34,79.75,-0.96875,-0.25,3,3,0,1,1,OBSERVED_QUALIFIED,IDENTITY_UNVERIFIED
R28F_S37_FALSE_LEAD,route28f,37,30.681049,6852590387146,9,3,1000002,34,79.75,-0.90625,-0.25,3,3,0,1,1,OBSERVED_QUALIFIED,IDENTITY_UNVERIFIED
R28F_S37_FALSE_LEAD,route28f,37,30.779677,6852689015664,9,3,1000002,34,79.75,-0.9375,-0.25,3,3,0,1,1,OBSERVED_QUALIFIED,IDENTITY_UNVERIFIED
R28F_S37_FALSE_LEAD,route28f,37,30.879686,6852789024647,9,3,1000002,34,79.5,-0.75,-0.5,3,3,0,1,1,OBSERVED_QUALIFIED,IDENTITY_UNVERIFIED
R28F_S37_FALSE_LEAD,route28f,37,30.979653,6852888991779,9,3,1000002,34,79.5,-0.875,-0.5,3,3,0,1,1,OBSERVED_QUALIFIED,IDENTITY_UNVERIFIED
R28F_S37_FALSE_LEAD,route28f,37,30.979653,6852888991779,0,338,1000369,66,68.5,-1.40625,-5.0,338,338,0,0,1,OBSERVED_QUALIFIED,IDENTITY_UNVERIFIED
R28F_S37_FALSE_LEAD,route28f,37,31.080228,6852989566585,9,3,1000002,34,79.5,-0.78125,-0.5,3,3,0,1,1,OBSERVED_QUALIFIED,IDENTITY_UNVERIFIED
R28F_S37_FALSE_LEAD,route28f,37,31.080228,6852989566585,0,338,1000369,66,67.0,-1.53125,-5.25,338,338,0,0,0,OBSERVED_QUALIFIED,IDENTITY_UNVERIFIED
R28F_S37_FALSE_LEAD,route28f,37,31.180012,6853089350175,9,3,1000002,34,79.5,-0.78125,-0.5,3,3,0,1,1,OBSERVED_QUALIFIED,IDENTITY_UNVERIFIED
R28F_S37_FALSE_LEAD,route28f,37,31.180012,6853089350175,0,338,1000369,66,67.0,-1.53125,-5.25,338,338,0,0,0,OBSERVED_QUALIFIED,IDENTITY_UNVERIFIED
R28F_S37_FALSE_LEAD,route28f,37,31.279921,6853189259111,9,3,1000002,34,79.5,-0.8125,-0.75,3,3,0,1,1,OBSERVED_QUALIFIED,IDENTITY_UNVERIFIED
R28F_S37_FALSE_LEAD,route28f,37,31.279921,6853189259111,,,1000369,,,,,338,338,,,0,INTERNAL_ONLY,IDENTITY_UNVERIFIED
R28F_S37_FALSE_LEAD,route28f,37,31.380085,6853289423266,9,3,1000002,34,79.5,-0.40625,-0.5,3,3,0,1,1,OBSERVED_QUALIFIED,IDENTITY_UNVERIFIED
R28F_S37_FALSE_LEAD,route28f,37,31.380085,6853289423266,,,1000369,,,,,338,338,,,0,INTERNAL_ONLY,IDENTITY_UNVERIFIED
R28F_S37_FALSE_LEAD,route28f,37,31.48038,6853389718535,9,3,1000002,34,79.25,-0.6875,-0.5,3,3,0,1,1,OBSERVED_QUALIFIED,IDENTITY_UNVERIFIED
R28F_S37_FALSE_LEAD,route28f,37,31.579973,6853489311875,9,3,1000002,34,79.25,-0.625,-0.5,3,3,0,1,1,OBSERVED_QUALIFIED,IDENTITY_UNVERIFIED
R28F_S37_FALSE_LEAD,route28f,37,31.679947,6853589285832,9,3,1000002,34,79.25,-0.6875,-0.5,3,3,0,1,1,OBSERVED_QUALIFIED,IDENTITY_UNVERIFIED
R28F_S37_FALSE_LEAD,route28f,37,31.779673,6853689011493,9,3,1000002,34,79.25,-0.6875,-0.5,3,3,0,1,1,OBSERVED_QUALIFIED,IDENTITY_UNVERIFIED
R28F_S37_FALSE_LEAD,route28f,37,31.880131,6853789469342,9,3,1000002,34,79.25,-0.8125,-0.75,3,3,0,1,1,OBSERVED_QUALIFIED,IDENTITY_UNVERIFIED
R28F_S37_FALSE_LEAD,route28f,37,31.980334,6853889672909,9,3,1000002,34,79.25,-0.875,-0.75,3,3,0,1,1,OBSERVED_QUALIFIED,IDENTITY_UNVERIFIED
R28F_S37_FALSE_LEAD,route28f,37,32.080074,6853989412103,9,3,1000002,34,79.0,-1.15625,-0.75,3,3,0,1,1,OBSERVED_QUALIFIED,IDENTITY_UNVERIFIED
R28F_S37_FALSE_LEAD,route28f,37,32.18178,6854091119036,9,3,1000002,34,79.0,-0.875,-0.5,3,3,0,1,1,OBSERVED_QUALIFIED,IDENTITY_UNVERIFIED
R28F_S37_FALSE_LEAD,route28f,37,32.281494,6854190833036,9,3,1000002,34,79.0,-0.40625,-0.5,3,3,0,1,1,OBSERVED_QUALIFIED,IDENTITY_UNVERIFIED
R28F_S37_FALSE_LEAD,route28f,37,32.380047,6854289385560,9,3,1000002,34,78.75,-0.4375,-0.5,3,3,0,1,1,OBSERVED_QUALIFIED,IDENTITY_UNVERIFIED
R28F_S37_FALSE_LEAD,route28f,37,32.480061,6854389399328,9,3,1000002,34,78.75,-0.46875,-0.5,3,3,0,1,1,OBSERVED_QUALIFIED,IDENTITY_UNVERIFIED
R28F_S37_FALSE_LEAD,route28f,37,32.579635,6854488973719,9,3,1000002,34,78.75,-0.96875,-0.5,3,3,0,1,1,OBSERVED_QUALIFIED,IDENTITY_UNVERIFIED
R28F_S37_FALSE_LEAD,route28f,37,32.680412,6854589750920,9,3,1000002,34,78.75,-0.96875,-0.5,3,3,0,1,1,OBSERVED_QUALIFIED,IDENTITY_UNVERIFIED
R28F_S37_FALSE_LEAD,route28f,37,32.779587,6854688925120,9,3,1000002,34,78.75,-0.65625,-0.25,3,3,0,1,1,OBSERVED_QUALIFIED,IDENTITY_UNVERIFIED
R28F_S37_FALSE_LEAD,route28f,37,32.879952,6854789290575,9,3,1000002,34,78.75,-0.65625,-0.25,3,3,0,1,1,OBSERVED_QUALIFIED,IDENTITY_UNVERIFIED
R28F_S37_FALSE_LEAD,route28f,37,32.979593,6854888931907,9,3,1000002,34,78.75,-0.9375,0.0,3,3,0,1,1,OBSERVED_QUALIFIED,IDENTITY_UNVERIFIED
R28F_S37_FALSE_LEAD,route28f,37,33.079613,6854988951203,9,3,1000002,34,78.75,-0.9375,0.0,3,3,0,1,1,OBSERVED_QUALIFIED,IDENTITY_UNVERIFIED
R28F_S37_FALSE_LEAD,route28f,37,33.180506,6855089844744,9,3,1000002,34,78.75,-1.09375,0.0,3,3,0,1,1,OBSERVED_QUALIFIED,IDENTITY_UNVERIFIED
R28F_S37_FALSE_LEAD,route28f,37,33.279611,6855188949192,9,3,1000002,34,78.75,-1.125,0.0,3,3,0,1,1,OBSERVED_QUALIFIED,IDENTITY_UNVERIFIED
R28F_S37_FALSE_LEAD,route28f,37,33.379879,6855289217410,9,3,1000002,34,78.75,-1.3125,0.0,3,3,0,1,1,OBSERVED_QUALIFIED,IDENTITY_UNVERIFIED
R28F_S37_FALSE_LEAD,route28f,37,33.479866,6855389204107,9,3,1000002,34,78.75,-1.40625,0.0,3,3,0,1,1,OBSERVED_QUALIFIED,IDENTITY_UNVERIFIED
R28F_S37_FALSE_LEAD,route28f,37,33.581355,6855490693871,9,3,1000002,34,78.75,-1.3125,0.0,3,3,0,1,1,OBSERVED_QUALIFIED,IDENTITY_UNVERIFIED
R28F_S37_FALSE_LEAD,route28f,37,33.680722,6855590060974,9,3,1000002,34,78.75,-0.90625,0.0,3,3,0,1,1,OBSERVED_QUALIFIED,IDENTITY_UNVERIFIED
R28F_S37_FALSE_LEAD,route28f,37,33.779878,6855689216531,9,3,1000002,34,78.75,-0.8125,0.0,3,3,0,1,1,OBSERVED_QUALIFIED,IDENTITY_UNVERIFIED
R28F_S37_FALSE_LEAD,route28f,37,33.880142,6855789481046,9,3,1000002,34,78.75,-0.75,0.0,3,3,0,1,1,OBSERVED_QUALIFIED,IDENTITY_UNVERIFIED
R28F_S37_FALSE_LEAD,route28f,37,33.979652,6855888991038,9,3,1000002,34,78.75,-0.46875,0.25,3,3,0,1,1,OBSERVED_QUALIFIED,IDENTITY_UNVERIFIED
R269_S7_GROUP_OWNER,route269,7,39.020269,529856567859,15|28,436|482,1000462,93,33.25,0.625,2.25,436|482,436,0,0,1,OBSERVED_QUALIFIED,SAME_CONFIRMED_VIDEO
R269_S7_GROUP_OWNER,route269,7,39.12033,529956628726,15|28,436|482,1000462,93,33.25,0.625,2.25,436|482,436,0,0,1,OBSERVED_QUALIFIED,SAME_CONFIRMED_VIDEO
R269_S7_GROUP_OWNER,route269,7,39.220216,530056514038,15|28,436|482,1000462,93,33.5,0.40625,2.25,436|482,436,0,0,1,OBSERVED_QUALIFIED,SAME_CONFIRMED_VIDEO
R269_S7_GROUP_OWNER,route269,7,39.32046,530156757937,15|28,436|482,1000462,93,33.75,0.25,2.0,436|482,436,0,0,1,OBSERVED_QUALIFIED,SAME_CONFIRMED_VIDEO
R269_S7_GROUP_OWNER,route269,7,39.419835,530256133526,15|28,436|482,1000462,93,34.0,0.15625,2.0,436|482,436,0,0,1,OBSERVED_QUALIFIED,SAME_CONFIRMED_VIDEO
R269_S7_GROUP_OWNER,route269,7,39.519837,530356135217,15|28,436|482,1000462,93,34.0,0.15625,2.0,436|482,436,0,0,1,OBSERVED_QUALIFIED,SAME_CONFIRMED_VIDEO
R269_S7_GROUP_OWNER,route269,7,39.619862,530456160461,15|28,436|482,1000462,93,34.25,0.125,2.0,436|482,436,0,0,1,OBSERVED_QUALIFIED,SAME_CONFIRMED_VIDEO
R269_S7_GROUP_OWNER,route269,7,39.720182,530556480493,15|28,436|482,1000462,93,34.75,0.125,1.75,436|482,436,0,0,1,OBSERVED_QUALIFIED,SAME_CONFIRMED_VIDEO
R269_S7_GROUP_OWNER,route269,7,39.820518,530656815948,15|28,436|482,1000462,93,35.0,0.71875,1.75,436|482,436,0,0,1,OBSERVED_QUALIFIED,SAME_CONFIRMED_VIDEO
R269_S7_GROUP_OWNER,route269,7,39.919658,530755956730,15|28,436|482,1000462,93,35.0,0.71875,1.75,436|482,436,0,0,1,OBSERVED_QUALIFIED,SAME_CONFIRMED_VIDEO
R269_S7_GROUP_OWNER,route269,7,40.019961,530856259147,28,482,1000618,94,32.75,-0.0625,1.75,482,482,0,1,1,OBSERVED_QUALIFIED,SAME_CONFIRMED_VIDEO
R269_S7_GROUP_OWNER,route269,7,40.119478,530955776580,28,482,1000618,94,33.0,0.03125,1.5,482,482,0,1,1,OBSERVED_QUALIFIED,SAME_CONFIRMED_VIDEO
R269_S7_GROUP_OWNER,route269,7,40.219544,531055842529,28,482,1000618,94,33.0,0.03125,1.5,482,482,0,1,1,OBSERVED_QUALIFIED,SAME_CONFIRMED_VIDEO
R269_S7_GROUP_OWNER,route269,7,40.320158,531156456434,28,482,1000618,94,33.25,-0.0625,1.5,482,482,0,1,1,OBSERVED_QUALIFIED,SAME_CONFIRMED_VIDEO
R269_S7_GROUP_OWNER,route269,7,40.420203,531256501507,28,482,1000618,94,33.5,-0.09375,1.5,482,482,0,1,1,OBSERVED_QUALIFIED,SAME_CONFIRMED_VIDEO
R269_S7_GROUP_OWNER,route269,7,40.520313,531356611144,15|28,436|482,1000462,93,36.0,0.84375,1.5,436|482,436,0,1,1,OBSERVED_QUALIFIED,SAME_CONFIRMED_VIDEO
R269_S7_GROUP_OWNER,route269,7,40.619171,531455468995,15|28,436|482,1000462,93,36.0,0.84375,1.5,436|482,436,0,1,1,OBSERVED_QUALIFIED,SAME_CONFIRMED_VIDEO
R269_S7_GROUP_OWNER,route269,7,40.719497,531555795618,28,482,1000634,66,34.0,-0.4375,1.5,482,482,1,1,1,OBSERVED_QUALIFIED,SAME_CONFIRMED_VIDEO
R269_S7_GROUP_OWNER,route269,7,40.820194,531656492274,15|28,436|482,1000462,93,36.5,0.75,1.25,436|482,436,1,1,1,OBSERVED_QUALIFIED,SAME_CONFIRMED_VIDEO
R269_S7_GROUP_OWNER,route269,7,40.919522,531755820626,15|28,436|482,1000462,93,36.5,0.75,1.25,436|482,436,1,1,1,OBSERVED_QUALIFIED,SAME_CONFIRMED_VIDEO
R269_S7_GROUP_OWNER,route269,7,41.019621,531855919164,15|28,436|482,1000462,93,37.0,0.625,1.5,436|482,436,0,1,1,OBSERVED_QUALIFIED,SAME_CONFIRMED_VIDEO
R269_S7_GROUP_OWNER,route269,7,41.119883,531956181379,15|28,436|482,1000462,93,37.25,0.625,1.5,436|482,436,0,1,1,OBSERVED_QUALIFIED,SAME_CONFIRMED_VIDEO
R269_S7_GROUP_OWNER,route269,7,41.22193,532058228107,15|28,436|482,1000462,93,37.5,0.25,1.5,436|482,436,0,1,1,OBSERVED_QUALIFIED,SAME_CONFIRMED_VIDEO
R269_S7_GROUP_OWNER,route269,7,41.320108,532156406685,15|28,436|482,1000462,93,37.5,0.25,1.5,436|482,436,0,1,1,OBSERVED_QUALIFIED,SAME_CONFIRMED_VIDEO
R269_S7_GROUP_OWNER,route269,7,41.420022,532256320003,15|28,436|482,1000462,93,37.75,0.1875,1.5,436|482,436,0,1,1,OBSERVED_QUALIFIED,SAME_CONFIRMED_VIDEO
R269_S7_GROUP_OWNER,route269,7,41.519908,532356206067,15|28,436|482,1000462,93,38.25,0.03125,1.5,436|482,436,0,1,1,OBSERVED_QUALIFIED,SAME_CONFIRMED_VIDEO
R269_S7_GROUP_OWNER,route269,7,41.619623,532455921784,15|28,436|482,1000462,93,38.25,0.03125,1.5,436|482,436,0,1,1,OBSERVED_QUALIFIED,SAME_CONFIRMED_VIDEO
R269_S7_GROUP_OWNER,route269,7,41.719941,532556238902,15|28,436|482,1000462,93,37.75,-0.0625,1.25,436|482,436,0,1,1,OBSERVED_QUALIFIED,SAME_CONFIRMED_VIDEO
R269_S7_GROUP_OWNER,route269,7,41.819631,532655929554,15|28,436|482,1000462,93,38.0,-0.125,1.25,436|482,436,0,1,1,OBSERVED_QUALIFIED,SAME_CONFIRMED_VIDEO
R269_S7_GROUP_OWNER,route269,7,48.499418,539335716342,28,482,1000790,88,40.0,-0.125,0.0,482,482,1,1,1,OBSERVED_QUALIFIED,SAME_CONFIRMED_VIDEO
R269_S7_GROUP_OWNER,route269,7,48.599968,539436266620,28,482,1000790,88,40.0,-0.0625,0.0,482,482,1,1,1,OBSERVED_QUALIFIED,SAME_CONFIRMED_VIDEO
R269_S7_GROUP_OWNER,route269,7,48.699802,539536100518,28,482,1000790,88,40.0,0.1875,0.0,482,482,1,1,1,OBSERVED_QUALIFIED,SAME_CONFIRMED_VIDEO
R269_S7_GROUP_OWNER,route269,7,48.799603,539635901653,28,482,1000790,88,40.0,0.125,0.0,482,482,1,1,1,OBSERVED_QUALIFIED,SAME_CONFIRMED_VIDEO
R269_S7_GROUP_OWNER,route269,7,48.900267,539736565798,28,482,1000790,88,40.0,0.09375,0.0,482,482,1,1,1,OBSERVED_QUALIFIED,SAME_CONFIRMED_VIDEO
R269_S7_GROUP_OWNER,route269,7,49.001595,539837893725,28,482,1000790,88,40.0,-0.0625,0.0,482,482,1,1,1,OBSERVED_QUALIFIED,SAME_CONFIRMED_VIDEO
R269_S7_GROUP_OWNER,route269,7,49.10193,539938228783,28,482,1000790,88,40.0,0.03125,0.0,482,482,1,1,1,OBSERVED_QUALIFIED,SAME_CONFIRMED_VIDEO
R269_S7_GROUP_OWNER,route269,7,49.201694,540037992185,28,482,1000790,88,40.0,0.03125,0.0,482,482,1,1,1,OBSERVED_QUALIFIED,SAME_CONFIRMED_VIDEO
R269_S7_GROUP_OWNER,route269,7,49.300191,540136489745,28,482,1000790,88,40.0,-0.09375,0.0,482,482,1,1,1,OBSERVED_QUALIFIED,SAME_CONFIRMED_VIDEO
R269_S7_GROUP_OWNER,route269,7,49.399974,540236272127,28,482,1000790,88,40.0,-0.09375,0.0,482,482,1,1,1,OBSERVED_QUALIFIED,SAME_CONFIRMED_VIDEO
R269_S7_GROUP_OWNER,route269,7,49.499687,540335984918,28,482,1000790,88,40.0,-0.375,0.0,482,482,1,1,1,OBSERVED_QUALIFIED,SAME_CONFIRMED_VIDEO
R269_S7_GROUP_OWNER,route269,7,49.600251,540436549303,28,482,1000790,88,40.0,-0.34375,0.0,482,482,1,1,1,OBSERVED_QUALIFIED,SAME_CONFIRMED_VIDEO
R269_S7_GROUP_OWNER,route269,7,49.699683,540535981190,28,482,1000790,88,40.0,-0.40625,0.0,482,482,1,1,1,OBSERVED_QUALIFIED,SAME_CONFIRMED_VIDEO
R269_S7_GROUP_OWNER,route269,7,49.800213,540636511611,28,482,1000790,88,40.0,-0.4375,0.0,482,482,0,1,1,OBSERVED_QUALIFIED,SAME_CONFIRMED_VIDEO
R269_S7_GROUP_OWNER,route269,7,49.90008,540736378228,28,482,1000790,88,40.0,-0.4375,0.0,482,482,0,1,1,OBSERVED_QUALIFIED,SAME_CONFIRMED_VIDEO
R269_S7_GROUP_OWNER,route269,7,49.999813,540836111480,15|28,436|482,1000462,93,43.0,-0.6875,-0.25,436|482,436,0,1,1,OBSERVED_QUALIFIED,SAME_CONFIRMED_VIDEO
R269_S7_GROUP_OWNER,route269,7,50.099649,540935947664,15|28,436|482,1000462,93,43.0,-0.625,-0.25,436|482,436,0,1,1,OBSERVED_QUALIFIED,SAME_CONFIRMED_VIDEO
R269_S7_GROUP_OWNER,route269,7,50.199929,541036227532,15|28,436|482,1000462,93,43.0,-0.5625,-0.25,436|482,436,0,1,1,OBSERVED_QUALIFIED,SAME_CONFIRMED_VIDEO
R269_S7_GROUP_OWNER,route269,7,50.299557,541135854981,28,482,1000817,91,40.0,0.15625,0.0,482,482,1,1,1,OBSERVED_QUALIFIED,SAME_CONFIRMED_VIDEO
R269_S7_GROUP_OWNER,route269,7,50.400002,541236300024,28,482,1000817,91,40.0,0.0625,0.0,482,482,1,1,1,OBSERVED_QUALIFIED,SAME_CONFIRMED_VIDEO
R269_S7_GROUP_OWNER,route269,7,50.490973,541327271860,28,482,1000817,91,40.0,0.03125,0.0,482,482,1,1,1,OBSERVED_QUALIFIED,SAME_CONFIRMED_VIDEO
R269_S7_GROUP_OWNER,route269,7,50.591098,541427395953,28,482,1000817,91,40.0,0.0,0.0,482,482,1,1,1,OBSERVED_QUALIFIED,SAME_CONFIRMED_VIDEO
R269_S7_GROUP_OWNER,route269,7,50.700806,541537103995,28,482,1000817,91,40.0,-0.03125,0.0,482,482,1,1,1,OBSERVED_QUALIFIED,SAME_CONFIRMED_VIDEO
R269_S7_GROUP_OWNER,route269,7,50.799276,541635574250,28,482,1000817,91,40.0,-0.125,0.0,482,482,1,1,1,OBSERVED_QUALIFIED,SAME_CONFIRMED_VIDEO
R269_S7_GROUP_OWNER,route269,7,50.889911,541726209656,28,482,1000817,91,40.0,-0.15625,0.0,482,482,1,1,1,OBSERVED_QUALIFIED,SAME_CONFIRMED_VIDEO
R269_S7_GROUP_OWNER,route269,7,50.989392,541825690705,28,482,1000817,91,40.0,-0.3125,-0.25,482,482,0,1,1,OBSERVED_QUALIFIED,SAME_CONFIRMED_VIDEO
R269_S7_GROUP_OWNER,route269,7,51.0892,541925498367,28,482,1000817,91,40.0,-0.21875,0.0,482,482,0,1,1,OBSERVED_QUALIFIED,SAME_CONFIRMED_VIDEO
R269_S7_GROUP_OWNER,route269,7,51.190061,542026359066,15|28,436|482,1000462,93,43.0,-0.40625,-0.25,436|482,436,0,1,1,OBSERVED_QUALIFIED,SAME_CONFIRMED_VIDEO
R269_S7_GROUP_OWNER,route269,7,51.289917,542126215669,15|28,436|482,1000462,93,43.0,-0.53125,-0.25,436|482,436,0,1,1,OBSERVED_QUALIFIED,SAME_CONFIRMED_VIDEO
R269_S7_GROUP_OWNER,route269,7,51.389495,542225793195,15|28,436|482,1000462,93,43.0,-0.4375,-0.25,436|482,436,0,1,1,OBSERVED_QUALIFIED,SAME_CONFIRMED_VIDEO
R269_S7_GROUP_OWNER,route269,7,51.889559,542725856943,28,482,1000832,52,39.75,-0.25,-0.5,482,482,1,1,1,OBSERVED_QUALIFIED,SAME_CONFIRMED_VIDEO
R269_S7_GROUP_OWNER,route269,7,51.990384,542826681965,28,482,1000832,52,39.75,-0.21875,-0.5,482,482,1,1,1,OBSERVED_QUALIFIED,SAME_CONFIRMED_VIDEO
R269_S7_GROUP_OWNER,route269,7,52.090924,542927222245,28,482,1000832,52,39.75,-0.1875,-0.5,482,482,0,1,1,OBSERVED_QUALIFIED,SAME_CONFIRMED_VIDEO
R269_S7_GROUP_OWNER,route269,7,52.190863,543027161859,28,482,1000832,52,39.75,-0.15625,-0.5,482,482,0,1,1,OBSERVED_QUALIFIED,SAME_CONFIRMED_VIDEO
R269_S7_GROUP_OWNER,route269,7,52.289436,543125734508,28,482,1000832,52,39.5,-0.1875,-0.75,482,482,1,1,1,OBSERVED_QUALIFIED,SAME_CONFIRMED_VIDEO
R269_S7_GROUP_OWNER,route269,7,52.389143,543225441783,28,482,1000832,52,39.5,-0.28125,-0.75,482,482,1,1,1,OBSERVED_QUALIFIED,SAME_CONFIRMED_VIDEO
R269_S7_GROUP_OWNER,route269,7,52.489274,543325572732,28,482,1000832,52,39.5,-0.25,-0.75,482,482,0,1,1,OBSERVED_QUALIFIED,SAME_CONFIRMED_VIDEO
R269_S7_GROUP_OWNER,route269,7,52.589634,543425932041,28,482,1000832,52,39.25,-0.21875,-0.75,482,482,1,1,1,OBSERVED_QUALIFIED,SAME_CONFIRMED_VIDEO
R269_S7_GROUP_OWNER,route269,7,52.689414,543525711902,28,482,1000832,52,39.25,-0.15625,-0.75,482,482,0,1,1,OBSERVED_QUALIFIED,SAME_CONFIRMED_VIDEO
R269_S7_GROUP_OWNER,route269,7,52.790193,543626491820,28,482,1000832,52,39.25,-0.125,-0.75,482,482,0,1,1,OBSERVED_QUALIFIED,SAME_CONFIRMED_VIDEO
R269_S7_GROUP_OWNER,route269,7,52.889612,543725910774,28,482,1000832,52,39.0,0.0,-0.75,482,482,1,1,1,OBSERVED_QUALIFIED,SAME_CONFIRMED_VIDEO
R269_S7_GROUP_OWNER,route269,7,52.989651,543825949651,28,482,1000832,52,39.0,-0.15625,-0.75,482,482,1,1,1,OBSERVED_QUALIFIED,SAME_CONFIRMED_VIDEO
R269_S7_GROUP_OWNER,route269,7,53.089641,543925939220,28,482,1000832,52,39.0,-0.21875,-0.75,482,482,1,1,1,OBSERVED_QUALIFIED,SAME_CONFIRMED_VIDEO
R269_S7_GROUP_OWNER,route269,7,53.190217,544026515052,28,482,1000832,52,39.0,-0.125,-0.75,482,482,0,1,1,OBSERVED_QUALIFIED,SAME_CONFIRMED_VIDEO
R269_S7_GROUP_OWNER,route269,7,53.289663,544125961580,28,482,1000832,52,39.0,-0.375,-0.75,482,482,0,1,1,OBSERVED_QUALIFIED,SAME_CONFIRMED_VIDEO
R269_S7_GROUP_OWNER,route269,7,53.389276,544225574562,15|28,436|482,1000462,93,41.75,0.71875,-0.75,436|482,436,0,1,1,OBSERVED_QUALIFIED,SAME_CONFIRMED_VIDEO
R269_S7_GROUP_OWNER,route269,7,53.490284,544326581969,15|28,436|482,1000462,93,41.75,0.8125,-0.75,436|482,436,0,1,1,OBSERVED_QUALIFIED,SAME_CONFIRMED_VIDEO
R269_S7_GROUP_OWNER,route269,7,53.589788,544426086705,15|28,436|482,1000462,93,41.5,0.875,-0.75,436|482,436,0,1,1,OBSERVED_QUALIFIED,SAME_CONFIRMED_VIDEO
R269_S7_GROUP_OWNER,route269,7,53.690205,544526502938,28,482,1000849,35,38.5,-0.5625,-0.75,482,482,0,1,1,OBSERVED_QUALIFIED,SAME_CONFIRMED_VIDEO
R269_S7_GROUP_OWNER,route269,7,53.790486,544626784733,28,482,1000849,35,38.5,-0.65625,-0.75,482,482,0,1,1,OBSERVED_QUALIFIED,SAME_CONFIRMED_VIDEO
R269_S7_GROUP_OWNER,route269,7,53.892907,544729205479,28,482,1000849,35,38.5,-0.53125,-0.75,482,482,0,1,1,OBSERVED_QUALIFIED,SAME_CONFIRMED_VIDEO
R269_S7_GROUP_OWNER,route269,7,53.989602,544825899906,15|28,436|482,1000462,93,41.0,0.34375,-0.75,436|482,436,0,1,1,OBSERVED_QUALIFIED,SAME_CONFIRMED_VIDEO
R269_S7_GROUP_OWNER,route269,7,54.089992,544926290727,15|28,436|482,1000462,93,41.0,0.1875,-0.75,436|482,436,0,1,1,OBSERVED_QUALIFIED,SAME_CONFIRMED_VIDEO
R269_S7_GROUP_OWNER,route269,7,54.190012,545026310656,15|28,436|482,1000462,93,41.0,0.125,-0.75,436|482,436,0,1,1,OBSERVED_QUALIFIED,SAME_CONFIRMED_VIDEO
R269_S7_GROUP_OWNER,route269,7,54.289663,545125961789,15|28,436|482,1000462,93,41.0,0.09375,-0.75,436|482,436,0,1,1,OBSERVED_QUALIFIED,SAME_CONFIRMED_VIDEO
R269_S7_GROUP_OWNER,route269,7,54.389662,545225960444,15|28,436|482,1000462,93,41.0,0.03125,-0.5,436|482,436,0,1,1,OBSERVED_QUALIFIED,SAME_CONFIRMED_VIDEO
R269_S7_GROUP_OWNER,route269,7,54.489785,545326083576,15|28,436|482,1000462,93,40.75,0.15625,-0.5,436|482,436,0,1,1,OBSERVED_QUALIFIED,SAME_CONFIRMED_VIDEO
R269_S7_GROUP_OWNER,route269,7,54.589651,545425949438,15|28,436|482,1000462,93,40.75,0.0,-0.5,436|482,436,0,1,1,OBSERVED_QUALIFIED,SAME_CONFIRMED_VIDEO
R269_S7_GROUP_OWNER,route269,7,54.690143,545526440910,15|28,436|482,1000462,93,40.75,-0.125,-0.5,436|482,436,0,1,1,OBSERVED_QUALIFIED,SAME_CONFIRMED_VIDEO
