segment_s,scan_ns,slot,raw_id,physical_pid,public_id,d_rel_m,y_rel_m,v_rel_mps,members,representative,camera,oem,published
11.027501,1014603893126,16,4,1000003,35,39.5,1.5625,-0.75,4,4,0,1,1
11.027501,1014603893126,23,383,1000386,74,27.25,-2.78125,-5.5,383,383,0,0,1
11.027501,1014603893126,8,459,1000467,53,92.5,-10.4375,-4.0,459,459,0,0,1
11.027501,1014603893126,2,489,1000497,61,91.25,6.875,-1.5,489,489,0,0,1
11.027501,1014603893126,11,517,1000525,85,93.25,4.28125,-3.75,517,517,0,0,1
11.027501,1014603893126,29,538,1000546,46,32.0,-7.84375,-27.0,538,538,0,0,1
11.027501,1014603893126,12,549,1000558,50,23.5,-10.9375,-27.25,549,549,0,0,1
11.027501,1014603893126,20,554,1000563,56,81.75,-3.75,-27.25,554,554,0,0,1
11.027501,1014603893126,30,555,1000564,57,42.25,3.78125,-0.5,555,555,0,0,1
11.027501,1014603893126,1,561,1000570,77,88.75,-3.625,-27.25,561,561,0,0,1
11.125726,1014702118762,16,4,1000003,35,39.25,2.15625,-1.0,4,4,0,1,1
11.125726,1014702118762,23,383,1000386,74,26.75,-2.75,-5.25,383,383,0,0,1
11.125726,1014702118762,8,459,1000467,53,92.0,-10.59375,-4.0,459,459,0,0,1
11.125726,1014702118762,2,489,1000497,61,91.0,7.25,-1.5,489,489,0,0,1
11.125726,1014702118762,11,517,1000525,85,92.75,4.09375,-3.75,517,517,0,0,1
11.125726,1014702118762,29,538,1000546,46,29.5,-7.9375,-27.0,538,538,0,0,1
11.125726,1014702118762,20,554,1000563,56,79.25,-4.03125,-27.25,554,554,0,0,1
11.125726,1014702118762,1,561,1000570,77,86.25,-3.78125,-27.25,561,561,0,0,1
11.125726,1014702118762,3,562,1000571,45,92.0,11.75,-3.25,562,562,0,0,1
11.125726,1014702118762,4,563,1000572,89,35.0,4.03125,-27.0,563,563,0,0,1
11.125726,1014702118762,5,564,1000573,60,95.25,-2.15625,-27.0,564,564,0,0,1
11.226404,1014802796677,16,4,1000003,35,39.25,2.28125,-1.0,4,4,0,1,1
11.226404,1014802796677,23,383,1000386,74,26.25,-2.96875,-5.25,383,383,0,0,1
11.226404,1014802796677,8,459,1000467,53,91.75,-10.75,-4.0,459,459,0,0,1
11.226404,1014802796677,2,489,1000497,61,91.0,7.34375,-1.5,489,489,0,0,1
11.226404,1014802796677,11,517,1000525,85,92.5,3.21875,-3.75,517,517,0,0,1
11.226404,1014802796677,29,538,1000546,46,27.25,-8.03125,-27.0,538,538,0,0,1
11.226404,1014802796677,20,554,1000563,56,77.0,-4.25,-27.25,554,554,0,0,1
11.226404,1014802796677,1,561,1000570,77,84.25,-4.09375,-27.25,561,561,0,0,1
11.226404,1014802796677,3,562,1000571,45,92.0,11.125,-3.25,562,562,0,0,1
11.226404,1014802796677,4,563,1000572,89,33.0,3.9375,-27.0,563,563,0,0,1
11.226404,1014802796677,5,564,1000573,60,93.0,-2.4375,-27.0,564,564,0,0,1
11.226404,1014802796677,6,565,1000574,49,40.75,6.84375,-0.75,565,565,0,0,1
11.226404,1014802796677,7,566,1000575,84,41.5,7.8125,-0.5,566,566,0,0,1
11.326306,1014902698649,16,4,1000003,35,39.0,2.34375,-1.0,4,4,0,1,1
11.326306,1014902698649,23,383,1000386,74,25.75,-2.96875,-5.25,383,383,0,0,1
11.326306,1014902698649,8,459,1000467,53,91.5,-10.9375,-4.0,459,459,0,0,1
11.326306,1014902698649,2,489,1000497,61,90.75,7.375,-1.5,489,489,0,0,1
11.326306,1014902698649,11,517,1000525,85,92.25,2.9375,-3.75,517,517,0,0,1
11.326306,1014902698649,20,554,1000563,56,74.5,-4.625,-27.25,554,554,0,0,1
11.326306,1014902698649,1,561,1000570,77,81.5,-4.40625,-27.25,561,561,0,0,1
11.326306,1014902698649,4,563,1000572,89,30.5,3.71875,-26.75,563,563,0,0,1
11.326306,1014902698649,6,565,1000574,49,40.25,6.46875,-0.5,565,565,0,0,1
11.426269,1015002661383,16,4,1000003,35,39.0,2.0625,-1.0,4,4,0,1,1
11.426269,1015002661383,23,383,1000386,74,25.5,-2.90625,-5.25,383,383,0,0,1
11.426269,1015002661383,8,459,1000467,53,91.25,-9.46875,-4.0,459,459,0,0,1
11.426269,1015002661383,2,489,1000497,61,90.5,7.28125,-1.5,489,489,0,0,1
11.426269,1015002661383,11,517,1000525,85,91.75,2.90625,-3.75,517,517,0,0,1
11.426269,1015002661383,20,554,1000563,56,72.25,-5.1875,-27.25,554,554,0,0,1
11.426269,1015002661383,1,561,1000570,77,79.25,-4.65625,-27.25,561,561,0,0,1
11.426269,1015002661383,9,562,1000571,45,91.25,10.1875,-2.0,562,562,0,0,1
11.426269,1015002661383,4,563,1000572,89,28.25,3.625,-26.75,563,563,0,0,1
11.426269,1015002661383,13,564,1000573,60,88.25,-3.1875,-27.25,564,564,0,0,1
11.426269,1015002661383,6,565,1000574,49,42.25,6.28125,-0.5,565,565,0,0,1
11.426269,1015002661383,14,566,1000575,84,43.0,7.125,-0.25,566,566,0,0,1
11.426269,1015002661383,10,567,1000576,65,91.25,-7.40625,-4.0,567,567,0,0,1
11.426269,1015002661383,12,568,1000577,43,55.75,5.75,-26.75,568,568,0,0,1
11.526271,1015102663583,16,4,1000003,35,39.0,1.96875,-1.0,4,4,0,1,1
11.526271,1015102663583,23,383,1000386,74,25.0,-2.875,-5.25,383,383,0,0,1
11.526271,1015102663583,8,459,1000467,53,91.0,-9.5625,-4.0,459,459,0,0,1
11.526271,1015102663583,2,489,1000497,61,90.5,7.25,-1.5,489,489,0,0,1
11.526271,1015102663583,11,517,1000525,85,91.5,2.1875,-3.75,517,517,0,0,1
11.526271,1015102663583,20,554,1000563,56,69.75,-5.4375,-27.25,554,554,0,0,1
11.526271,1015102663583,1,561,1000570,77,76.75,-4.9375,-27.25,561,561,0,0,1
11.526271,1015102663583,4,563,1000572,89,25.75,3.53125,-26.75,563,563,0,0,1
11.526271,1015102663583,13,564,1000573,60,85.75,-3.5,-27.25,564,564,0,0,1
11.526271,1015102663583,12,568,1000577,43,53.0,5.3125,-27.0,568,568,0,0,1
11.526271,1015102663583,15,569,1000578,39,91.25,-1.0625,-3.75,569,569,0,0,1
11.626651,1015203043783,16,4,1000003,35,38.75,2.125,-0.75,4,4,0,1,1
11.626651,1015203043783,23,383,1000386,74,24.0,-2.90625,-5.5,383,383,0,0,1
11.626651,1015203043783,2,489,1000497,61,90.25,7.09375,-1.5,489,489,0,0,1
11.626651,1015203043783,11,517,1000525,85,90.5,1.65625,-3.75,517,517,0,0,1
11.626651,1015203043783,20,554,1000563,56,65.0,-5.8125,-27.0,554,554,0,0,1
11.626651,1015203043783,1,561,1000570,77,72.25,-5.375,-27.0,561,561,0,0,1
11.626651,1015203043783,4,563,1000572,89,21.25,3.375,-26.75,563,563,0,0,1
11.626651,1015203043783,13,564,1000573,60,81.0,-3.8125,-27.0,564,564,0,0,1
11.626651,1015203043783,12,568,1000577,43,48.5,5.0,-26.75,568,568,0,0,1
11.72581,1015302202823,16,4,1000003,35,38.75,2.0,-0.75,4,4,0,1,1
11.72581,1015302202823,23,383,1000386,74,23.5,-2.90625,-5.5,383,383,0,0,1
11.72581,1015302202823,2,489,1000497,61,90.0,6.96875,-1.5,489,489,0,0,1
11.72581,1015302202823,11,517,1000525,85,90.0,1.15625,-3.75,517,517,0,0,1
11.72581,1015302202823,20,554,1000563,56,62.75,-6.03125,-27.0,554,554,0,0,1
11.72581,1015302202823,1,561,1000570,77,69.75,-5.59375,-27.0,561,561,0,0,1
11.72581,1015302202823,13,564,1000573,60,78.5,-3.96875,-27.0,564,564,0,0,1
11.72581,1015302202823,17,565,1000574,49,42.25,5.90625,-0.5,565,565,0,0,1
11.72581,1015302202823,12,568,1000577,43,46.25,4.78125,-26.75,568,568,0,0,1
11.826407,1015402799567,16,4,1000003,35,38.5,2.09375,-0.75,4,4,0,1,1
11.826407,1015402799567,23,383,1000386,74,23.0,-3.0,-5.5,383,383,0,0,1
11.826407,1015402799567,2,489,1000497,61,90.0,6.9375,-1.25,489,489,0,0,1
11.826407,1015402799567,11,517,1000525,85,89.75,0.8125,-3.75,517,517,0,0,1
11.826407,1015402799567,20,554,1000563,56,59.5,-6.28125,-27.0,554,554,0,0,1
11.826407,1015402799567,1,561,1000570,77,66.75,-5.90625,-27.0,561,561,0,0,1
11.826407,1015402799567,13,564,1000573,60,75.5,-4.3125,-27.0,564,564,0,0,1
11.826407,1015402799567,12,568,1000577,43,43.25,4.59375,-26.75,568,568,0,0,1
11.826407,1015402799567,18,570,1000579,90,97.75,-1.71875,-27.0,570,570,0,0,1
11.826407,1015402799567,19,571,1000580,40,105.75,0.125,-27.0,571,571,0,0,1
11.826407,1015402799567,21,572,1000581,67,89.75,-2.375,-4.0,572,572,0,0,1
11.925733,1015502125323,16,4,1000003,35,38.5,2.0625,-1.0,4,4,0,1,1
11.925733,1015502125323,23,383,1000386,74,22.5,-3.0625,-5.5,383,383,0,0,1
11.925733,1015502125323,2,489,1000497,61,90.0,7.0,-2.25,489,489,0,0,1
11.925733,1015502125323,11,517,1000525,85,89.5,0.59375,-3.75,517,517,0,0,1
11.925733,1015502125323,20,554,1000563,56,57.5,-6.46875,-27.0,554,554,0,0,1
11.925733,1015502125323,1,561,1000570,77,64.5,-6.125,-27.0,561,561,0,0,1
11.925733,1015502125323,13,564,1000573,60,73.25,-4.5625,-27.0,564,564,0,0,1
11.925733,1015502125323,22,565,1000574,49,42.0,5.34375,-0.75,565,565,0,0,1
11.925733,1015502125323,12,568,1000577,43,41.0,4.4375,-26.75,568,568,0,0,1
11.925733,1015502125323,18,570,1000579,90,95.75,-1.96875,-27.0,570,570,0,0,1
11.925733,1015502125323,19,571,1000580,40,103.5,-0.09375,-27.0,571,571,0,0,1
12.026425,1015602816983,16,4,1000003,35,38.25,1.65625,-1.0,4,4,0,1,1
12.026425,1015602816983,23,383,1000386,74,22.0,-3.125,-5.5,383,383,1,0,1
12.026425,1015602816983,2,489,1000497,61,89.75,6.90625,-2.25,489,489,0,0,1
12.026425,1015602816983,11,517,1000525,85,89.0,0.25,-3.75,517,517,0,0,1
12.026425,1015602816983,20,554,1000563,56,54.75,-6.71875,-27.0,554,554,0,0,1
12.026425,1015602816983,1,561,1000570,77,61.75,-6.375,-27.0,561,561,0,0,1
12.026425,1015602816983,13,564,1000573,60,70.75,-4.84375,-27.0,564,564,0,0,1
12.026425,1015602816983,12,568,1000577,43,38.5,4.25,-26.75,568,568,0,0,1
12.026425,1015602816983,18,570,1000579,90,93.0,-2.375,-27.0,570,570,0,0,1
12.026425,1015602816983,19,571,1000580,40,100.5,-0.40625,-27.0,571,571,0,0,1
12.026425,1015602816983,24,572,1000581,67,89.5,-2.71875,-2.25,572,572,0,0,1
12.026425,1015602816983,25,573,1000582,38,27.75,-2.90625,-4.5,573,573,1,0,1
12.026425,1015602816983,26,574,1000583,70,99.0,-0.75,-27.0,574,574,0,0,1
12.026425,1015602816983,27,575,1000584,88,87.75,-9.4375,-4.5,575,575,0,0,1
12.125977,1015702369109,16,4,1000003,35,38.25,1.75,-1.0,4,4,0,1,1
12.125977,1015702369109,23,383,1000386,74,21.5,-3.25,-5.5,383,383,1,0,1
12.125977,1015702369109,2,489,1000497,61,89.25,6.53125,-3.25,489,489,0,0,1
12.125977,1015702369109,11,517,1000525,85,88.75,0.0,-3.75,517,517,0,0,1
12.125977,1015702369109,20,554,1000563,56,52.5,-6.90625,-27.0,554,554,0,0,1
12.125977,1015702369109,1,561,1000570,77,59.5,-6.59375,-27.0,561,561,0,0,1
12.125977,1015702369109,13,564,1000573,60,68.25,-5.09375,-27.0,564,564,0,0,1
12.125977,1015702369109,12,568,1000577,43,36.0,4.125,-26.75,568,568,0,0,1
12.125977,1015702369109,18,570,1000579,90,90.75,-2.75,-27.0,570,570,0,0,1
12.125977,1015702369109,19,571,1000580,40,98.25,-1.0,-27.0,571,571,0,0,1
12.125977,1015702369109,24,572,1000581,67,89.0,-2.96875,-2.5,572,572,0,0,1
12.125977,1015702369109,25,573,1000582,38,28.75,-2.96875,-4.75,573,573,1,0,1
12.125977,1015702369109,26,574,1000583,70,96.75,-1.21875,-26.75,574,574,0,0,1
12.125977,1015702369109,27,575,1000584,88,88.5,-9.5625,-4.25,575,575,0,0,1
12.225777,1015802168870,16,4,1000003,35,38.25,1.59375,-0.75,4,4,0,1,1
12.225777,1015802168870,23,383,1000386,74,21.0,-3.03125,-5.5,383,383,1,0,1
12.225777,1015802168870,2,489,1000497,61,89.0,6.6875,-2.75,489,489,0,0,1
12.225777,1015802168870,11,517,1000525,85,88.25,0.03125,-3.75,517,517,0,0,1
12.225777,1015802168870,20,554,1000563,56,49.75,-7.125,-27.0,554,554,0,0,1
12.225777,1015802168870,13,564,1000573,60,65.5,-5.375,-27.0,564,564,0,0,1
12.225777,1015802168870,12,568,1000577,43,33.25,4.03125,-26.5,568,568,0,0,1
12.225777,1015802168870,18,570,1000579,90,88.0,-3.28125,-27.0,570,570,0,0,1
12.225777,1015802168870,19|26,571|574,1000580,40,95.5,-1.5,-26.75,571|574,571,0,0,1
12.225777,1015802168870,24,572,1000581,67,88.75,-3.28125,-2.0,572,572,0,0,1
12.225777,1015802168870,25,573,1000582,38,28.25,-3.15625,-4.75,573,573,1,0,1
12.225777,1015802168870,27,575,1000584,88,88.0,-9.34375,-3.75,575,575,0,0,1
12.225777,1015802168870,28,576,1000585,82,89.5,9.65625,-1.0,576,576,0,0,1
12.326058,1015902450140,16,4,1000003,35,38.25,1.71875,-0.75,4,4,0,1,1
12.326058,1015902450140,23,383,1000386,74,20.5,-3.03125,-5.5,383,383,1,0,1
12.326058,1015902450140,2,489,1000497,61,89.0,6.53125,-2.75,489,489,0,0,1
12.326058,1015902450140,11,517,1000525,85,88.0,0.09375,-3.75,517,517,0,0,1
12.326058,1015902450140,20,554,1000563,56,47.5,-7.28125,-27.0,554,554,0,0,1
12.326058,1015902450140,13,564,1000573,60,63.25,-5.59375,-27.0,564,564,0,0,1
12.326058,1015902450140,12,568,1000577,43,31.25,3.84375,-26.5,568,568,0,0,1
12.326058,1015902450140,18,570,1000579,90,85.75,-3.59375,-27.0,570,570,0,0,1
12.326058,1015902450140,19|26,571|574,1000580,40,93.5,-2.125,-26.75,571|574,571,0,0,1
12.326058,1015902450140,25,573,1000582,38,27.25,-2.71875,-5.0,573,573,1,0,1
12.326058,1015902450140,27,575,1000584,88,87.75,-9.40625,-3.75,575,575,0,0,1
12.326058,1015902450140,28,576,1000585,82,89.25,9.28125,-0.75,576,576,0,0,1
12.42615,1016002542046,16,4,1000003,35,38.25,1.625,-0.75,4,4,0,1,1
12.42615,1016002542046,23,383,1000386,74,20.0,-3.0,-5.5,383,383,0,0,1
12.42615,1016002542046,2,489,1000497,61,89.0,6.625,-2.25,489,489,0,0,1
12.42615,1016002542046,11,517,1000525,85,87.5,0.09375,-3.75,517,517,0,0,1
12.42615,1016002542046,20,554,1000563,56,45.0,-7.46875,-26.75,554,554,0,0,1
12.42615,1016002542046,13,564,1000573,60,60.75,-5.84375,-27.0,564,564,0,0,1
12.42615,1016002542046,12,568,1000577,43,28.75,3.6875,-26.5,568,568,0,0,1
12.42615,1016002542046,18,570,1000579,90,83.0,-3.8125,-26.75,570,570,0,0,1
12.42615,1016002542046,19|26,571|574,1000580,40,91.0,-2.65625,-26.75,571|574,571,0,0,1
12.42615,1016002542046,27,575,1000584,88,87.5,-9.625,-3.75,575,575,0,0,1
12.52758,1016103972316,16,4,1000003,35,38.0,2.0625,-1.0,4,4,0,1,1
12.52758,1016103972316,23,383,1000386,74,19.75,-2.96875,-5.25,383,383,0,0,1
12.52758,1016103972316,2,489,1000497,61,88.75,6.59375,-2.0,489,489,0,0,1
12.52758,1016103972316,11,517,1000525,85,87.25,0.21875,-3.75,517,517,0,0,1
12.52758,1016103972316,12,568,1000577,43,26.5,3.59375,-26.5,568,568,0,0,1
12.52758,1016103972316,18,570,1000579,90,80.75,-4.0625,-26.75,570,570,0,0,1
12.52758,1016103972316,19|26,571|574,1000580,40,88.75,-2.78125,-26.75,571|574,571,0,0,1
12.52758,1016103972316,27,575,1000584,88,87.25,-9.59375,-3.75,575,575,0,0,1
12.628059,1016204451439,16,4,1000003,35,37.75,2.375,-1.0,4,4,0,1,1
12.628059,1016204451439,23,383,1000386,74,19.25,-2.90625,-5.5,383,383,0,0,1
12.628059,1016204451439,2,489,1000497,61,88.75,6.71875,-1.75,489,489,0,0,1
12.628059,1016204451439,11,517,1000525,85,87.0,0.3125,-3.75,517,517,0,0,1
12.628059,1016204451439,12,568,1000577,43,24.0,3.53125,-26.5,568,568,0,0,1
12.628059,1016204451439,18,570,1000579,90,78.25,-4.34375,-26.75,570,570,0,0,1
12.628059,1016204451439,19|26,571|574,1000580,40,86.25,-3.15625,-26.75,571|574,571,0,0,1
12.628059,1016204451439,27,575,1000584,88,86.75,-9.8125,-3.75,575,575,0,0,1
12.628059,1016204451439,29,577,1000586,80,38.5,7.65625,-0.75,577,577,0,0,1
12.72636,1016302752627,16,4,1000003,35,37.5,2.4375,-1.0,4,4,0,1,1
12.72636,1016302752627,23,383,1000386,74,18.5,-2.9375,-5.25,383,383,0,0,1
12.72636,1016302752627,2,489,1000497,61,88.5,7.0625,-1.25,489,489,0,0,1
12.72636,1016302752627,11,517,1000525,85,86.25,0.0625,-3.75,517,517,0,0,1
12.72636,1016302752627,12,568,1000577,43,19.5,3.3125,-26.5,568,568,0,0,1
12.72636,1016302752627,18,570,1000579,90,73.75,-4.6875,-26.75,570,570,0,0,1
12.72636,1016302752627,19|26,571|574,1000580,40,81.75,-3.84375,-26.75,571|574,571,0,0,1
12.72636,1016302752627,27,575,1000584,88,86.25,-9.53125,-3.5,575,575,0,0,1
12.72636,1016302752627,30,578,1000587,42,40.0,-0.125,-1.25,578,578,0,0,1
12.826796,1016403188274,16,4,1000003,35,37.75,2.1875,-1.0,4,4,0,1,1
12.826796,1016403188274,23,383,1000386,74,18.0,-2.875,-5.0,383,383,0,0,1
12.826796,1016403188274,2,489,1000497,61,88.5,7.1875,-1.25,489,489,0,0,1
12.826796,1016403188274,11,517,1000525,85,86.0,0.03125,-3.5,517,517,0,0,1
12.826796,1016403188274,12,568,1000577,43,17.25,3.25,-26.5,568,568,0,0,1
12.826796,1016403188274,18,570,1000579,90,71.5,-4.96875,-26.75,570,570,0,0,1
12.826796,1016403188274,19|26,571|574,1000580,40,79.25,-4.28125,-26.75,571|574,571,0,0,1
12.826796,1016403188274,27,575,1000584,88,86.0,-9.59375,-3.5,575,575,0,0,1
12.826796,1016403188274,31,577,1000586,80,39.5,7.15625,-0.5,577,577,0,0,1
12.826796,1016403188274,30,578,1000587,42,40.25,0.15625,-1.0,578,578,0,0,1
12.826796,1016403188274,0,579,1000588,52,159.25,12.71875,-4.75,579,579,0,0,1
12.826796,1016403188274,1,580,1000589,83,86.0,-6.5625,-3.75,580,580,0,0,1
12.926295,1016502687144,16,4,1000003,35,37.5,2.625,-1.0,4,4,0,1,1
12.926295,1016502687144,23,383,1000386,74,17.5,-2.9375,-5.0,383,383,1,0,1
12.926295,1016502687144,2,489,1000497,61,88.5,7.03125,-1.0,489,489,0,0,1
12.926295,1016502687144,11,517,1000525,85,85.75,-0.15625,-3.5,517,517,0,0,1
12.926295,1016502687144,12,568,1000577,43,14.25,3.15625,-26.5,568,568,0,0,1
12.926295,1016502687144,18,570,1000579,90,68.5,-5.375,-26.75,570,570,0,0,1
12.926295,1016502687144,19|26,571|574,1000580,40,76.5,-4.4375,-26.75,571|574,571,0,0,1
12.926295,1016502687144,27,575,1000584,88,85.5,-9.84375,-3.5,575,575,0,0,1
12.926295,1016502687144,31,577,1000586,80,39.5,6.53125,-0.25,577,577,0,0,1
12.926295,1016502687144,0,579,1000588,52,158.5,11.96875,-5.0,579,579,0,0,1
12.926295,1016502687144,1,580,1000589,83,85.75,-7.65625,-3.75,580,580,0,0,1
12.926295,1016502687144,3,581,1000590,36,23.75,-2.625,-5.5,581,581,0,0,1
13.026391,1016602783423,16,4,1000003,35,37.5,2.21875,-1.0,4,4,0,1,1
13.026391,1016602783423,23,383,1000386,74,17.25,-2.9375,-5.0,383,383,1,0,1
13.026391,1016602783423,2,489,1000497,61,88.5,6.84375,-1.0,489,489,0,0,1
13.026391,1016602783423,11,517,1000525,85,85.5,-0.25,-3.5,517,517,0,0,1
13.026391,1016602783423,12,568,1000577,43,12.25,3.125,-26.25,568,568,0,0,1
13.026391,1016602783423,18,570,1000579,90,66.5,-5.5625,-26.75,570,570,0,0,1
13.026391,1016602783423,19|26,571|574,1000580,40,74.25,-4.6875,-26.75,571|574,571,0,0,1
13.026391,1016602783423,27,575,1000584,88,85.25,-9.625,-3.5,575,575,0,0,1
13.026391,1016602783423,31,577,1000586,80,39.5,6.34375,-0.25,577,577,0,0,1
13.026391,1016602783423,0,579,1000588,52,158.0,12.625,-5.0,579,579,0,0,1
13.026391,1016602783423,3,581,1000590,36,23.5,-2.71875,-5.25,581,581,0,0,1
13.126441,1016702833268,16,4,1000003,35,37.25,2.03125,-1.0,4,4,0,1,1
13.126441,1016702833268,23,383,1000386,74,16.75,-2.9375,-5.0,383,383,1,0,1
13.126441,1016702833268,2,489,1000497,61,88.25,6.84375,-1.0,489,489,0,0,1
13.126441,1016702833268,11,517,1000525,85,85.0,-0.0625,-3.5,517,517,0,0,1
13.126441,1016702833268,12,568,1000577,43,9.75,3.09375,-26.25,568,568,0,0,1
13.126441,1016702833268,18,570,1000579,90,64.0,-5.78125,-26.75,570,570,0,0,1
13.126441,1016702833268,19|26,571|574,1000580,40,71.75,-4.90625,-26.5,571|574,571,0,0,1
13.126441,1016702833268,27,575,1000584,88,85.0,-9.78125,-3.5,575,575,0,0,1
13.126441,1016702833268,0,579,1000588,52,157.5,12.71875,-5.0,579,579,0,0,1
13.126441,1016702833268,3,581,1000590,36,23.0,-2.8125,-5.25,581,581,0,0,1
13.226703,1016803094948,16,4,1000003,35,37.25,1.96875,-1.0,4,4,0,1,1
13.226703,1016803094948,23,383,1000386,74,16.5,-2.90625,-4.75,383,383,1,0,1
13.226703,1016803094948,2,489,1000497,61,88.25,6.75,-1.0,489,489,0,0,1
13.226703,1016803094948,11,517,1000525,85,84.75,0.15625,-3.25,517,517,0,0,1
13.226703,1016803094948,12,568,1000577,43,7.75,3.0625,-26.25,568,568,0,0,1
13.226703,1016803094948,18,570,1000579,90,61.75,-5.96875,-26.75,570,570,0,0,1
13.226703,1016803094948,19|26,571|574,1000580,40,69.5,-5.1875,-26.5,571|574,571,0,0,1
13.226703,1016803094948,27,575,1000584,88,84.75,-9.875,-3.5,575,575,0,0,1
13.226703,1016803094948,4,577,1000586,80,38.75,6.28125,-0.5,577,577,0,0,1
13.226703,1016803094948,0,579,1000588,52,157.0,13.28125,-5.25,579,579,0,0,1
13.226703,1016803094948,3,581,1000590,36,22.75,-2.78125,-4.25,581,581,0,0,1
13.326575,1016902967743,16,4,1000003,35,37.0,2.0,-1.0,4,4,0,1,1
13.326575,1016902967743,23,383,1000386,74,16.0,-2.90625,-4.75,383,383,1,0,1
13.326575,1016902967743,2,489,1000497,61,88.0,6.75,-1.0,489,489,0,0,1
13.326575,1016902967743,11,517,1000525,85,84.5,-0.25,-3.25,517,517,0,0,1
13.326575,1016902967743,12,568,1000577,43,5.25,3.03125,-26.25,568,568,0,0,1
13.326575,1016902967743,18,570,1000579,90,59.25,-6.1875,-26.75,570,570,0,0,1
13.326575,1016902967743,19|26,571|574,1000580,40,67.25,-5.375,-26.5,571|574,571,0,0,1
13.326575,1016902967743,27,575,1000584,88,84.5,-9.875,-3.5,575,575,0,0,1
13.326575,1016902967743,4,577,1000586,80,39.0,5.6875,-0.5,577,577,0,0,1
13.326575,1016902967743,0,579,1000588,52,156.5,13.25,-5.25,579,579,0,0,1
13.326575,1016902967743,3,581,1000590,36,22.25,-2.84375,-4.0,581,581,0,0,1
13.4264,1017002792117,16,4,1000003,35,37.0,2.34375,-1.0,4,4,0,1,1
13.4264,1017002792117,23,383,1000386,74,15.75,-2.875,-5.0,383,383,1,0,1
13.4264,1017002792117,2,489,1000497,61,88.0,6.65625,-1.0,489,489,0,0,1
13.4264,1017002792117,11,517,1000525,85,84.25,0.09375,-3.25,517,517,0,0,1
13.4264,1017002792117,18,570,1000579,90,57.25,-6.375,-26.75,570,570,0,0,1
13.4264,1017002792117,19|26,571|574,1000580,40,65.0,-5.59375,-26.5,571|574,571,0,0,1
13.4264,1017002792117,27,575,1000584,88,84.25,-9.625,-3.5,575,575,0,0,1
13.4264,1017002792117,4,577,1000586,80,38.5,5.0,-0.75,577,577,0,0,1
13.4264,1017002792117,0,579,1000588,52,156.0,13.4375,-5.25,579,579,0,0,1
13.4264,1017002792117,3,581,1000590,36,22.0,-2.96875,-4.0,581,581,0,0,1
13.4264,1017002792117,5,582,1000591,47,38.5,-0.0625,-1.25,582,582,0,0,1
13.4264,1017002792117,6,583,1000592,55,59.75,5.59375,-26.25,583,583,0,0,1
13.4264,1017002792117,7,584,1000593,72,37.5,-3.0,-1.5,584,584,0,0,1
13.4264,1017002792117,8,585,1000594,75,37.5,-2.46875,-1.25,585,585,0,0,1
13.526354,1017102746396,16,4,1000003,35,36.75,2.28125,-1.0,4,4,0,1,1
13.526354,1017102746396,23,383,1000386,74,15.25,-2.875,-5.0,383,383,1,0,1
13.526354,1017102746396,2,489,1000497,61,87.75,6.8125,-1.0,489,489,0,0,1
13.526354,1017102746396,11,517,1000525,85,84.0,-0.03125,-3.0,517,517,0,0,1
13.526354,1017102746396,18,570,1000579,90,54.5,-6.59375,-26.75,570,570,0,0,1
13.526354,1017102746396,19|26,571|574,1000580,40,62.25,-5.9375,-26.5,571|574,571,0,0,1
13.526354,1017102746396,27,575,1000584,88,83.75,-9.75,-3.5,575,575,0,0,1
13.526354,1017102746396,4,577,1000586,80,38.5,4.75,-0.75,577,577,0,0,1
13.526354,1017102746396,0,579,1000588,52,155.5,13.25,-5.25,579,579,0,0,1
13.526354,1017102746396,3,581,1000590,36,21.75,-3.0625,-3.75,581,581,0,0,1
13.526354,1017102746396,6,583,1000592,55,57.0,5.40625,-26.25,583,583,0,0,1
13.526354,1017102746396,9,586,1000595,37,105.5,0.21875,-26.5,586,586,0,0,1
13.526354,1017102746396,10,587,1000596,34,120.75,0.03125,-26.25,587,587,0,0,1
13.626176,1017202568219,16,4,1000003,35,36.75,1.8125,-1.0,4,4,0,1,1
13.626176,1017202568219,23,383,1000386,74,14.75,-3.0,-5.0,383,383,0,0,1
13.626176,1017202568219,2,489,1000497,61,87.75,6.96875,-1.0,489,489,0,0,1
13.626176,1017202568219,11,517,1000525,85,83.75,-0.03125,-3.0,517,517,0,0,1
13.626176,1017202568219,18,570,1000579,90,52.0,-6.75,-26.75,570,570,0,0,1
13.626176,1017202568219,19|26,571|574,1000580,40,60.0,-6.125,-26.5,571|574,571,0,0,1
13.626176,1017202568219,27,575,1000584,88,83.5,-9.65625,-3.25,575,575,0,0,1
13.626176,1017202568219,4,577,1000586,80,39.5,5.0625,-0.75,577,577,0,0,1
13.626176,1017202568219,0,579,1000588,52,155.0,13.8125,-5.25,579,579,0,0,1
13.626176,1017202568219,12,582,1000591,47,37.5,0.0625,-1.25,582,582,0,0,1
13.626176,1017202568219,6,583,1000592,55,54.75,5.21875,-26.25,583,583,0,0,1
13.626176,1017202568219,9,586,1000595,37,103.0,-0.15625,-26.25,586,586,0,0,1
13.626176,1017202568219,10,587,1000596,34,118.5,-0.375,-26.25,587,587,0,0,1
13.626176,1017202568219,13,588,1000597,87,39.75,8.09375,-0.5,588,588,0,0,1
13.726108,1017302500422,16,4,1000003,35,36.75,1.8125,-1.0,4,4,0,1,1
13.726108,1017302500422,23,383,1000386,74,14.25,-3.0,-5.0,383,383,0,0,1
13.726108,1017302500422,2,489,1000497,61,87.5,6.9375,-1.0,489,489,0,0,1
13.726108,1017302500422,11,517,1000525,85,83.5,-0.03125,-3.0,517,517,0,0,1
13.726108,1017302500422,18,570,1000579,90,49.25,-6.96875,-26.75,570,570,0,0,1
13.726108,1017302500422,19|26,571|574,1000580,40,57.25,-6.375,-26.25,571|574,571,0,0,1
13.726108,1017302500422,27,575,1000584,88,83.0,-9.625,-3.25,575,575,0,0,1
13.726108,1017302500422,4,577,1000586,80,39.25,4.8125,-1.0,577,577,0,0,1
13.726108,1017302500422,0,579,1000588,52,154.5,13.46875,-5.25,579,579,0,0,1
13.726108,1017302500422,12,582,1000591,47,37.5,-0.0625,-1.25,582,582,0,0,1
13.726108,1017302500422,6,583,1000592,55,52.25,5.03125,-26.0,583,583,0,0,1
13.726108,1017302500422,9,586,1000595,37,100.0,-0.875,-26.25,586,586,0,0,1
13.726108,1017302500422,10,587,1000596,34,115.5,-0.875,-26.5,587,587,0,0,1
13.826628,1017403020508,16,4,1000003,35,36.5,1.625,-1.0,4,4,0,1,1
13.826628,1017403020508,23,383,1000386,74,13.25,-3.09375,-5.0,383,383,0,0,1
13.826628,1017403020508,2,489,1000497,61,87.25,6.65625,-1.25,489,489,0,0,1
13.826628,1017403020508,11,517,1000525,85,82.75,0.0,-3.25,517,517,0,0,1
13.826628,1017403020508,18,570,1000579,90,44.75,-7.3125,-26.5,570,570,0,0,1
13.826628,1017403020508,19|26,571|574,1000580,40,52.75,-6.78125,-26.25,571|574,571,0,0,1
13.826628,1017403020508,27,575,1000584,88,82.5,-9.71875,-3.25,575,575,0,0,1
13.826628,1017403020508,4,577,1000586,80,38.5,4.5,-1.0,577,577,0,0,1
13.826628,1017403020508,0,579,1000588,52,153.5,13.625,-5.25,579,579,0,0,1
13.826628,1017403020508,6,583,1000592,55,47.75,4.6875,-26.0,583,583,0,0,1
13.826628,1017403020508,9,586,1000595,37,95.5,-2.15625,-26.25,586,586,0,0,1
13.826628,1017403020508,10,587,1000596,34,111.0,-1.875,-26.25,587,587,0,0,1
13.926417,1017502809320,16,4,1000003,35,36.5,2.0,-1.0,4,4,0,1,1
13.926417,1017502809320,23,383,1000386,74,12.75,-3.15625,-5.0,383,383,0,0,1
13.926417,1017502809320,2,489,1000497,61,87.25,6.53125,-1.0,489,489,0,0,1
13.926417,1017502809320,11,517,1000525,85,82.5,-0.09375,-3.0,517,517,0,0,1
13.926417,1017502809320,18,570,1000579,90,42.5,-7.46875,-26.5,570,570,0,0,1
13.926417,1017502809320,19|26,571|574,1000580,40,50.5,-6.9375,-26.25,571|574,571,0,0,1
13.926417,1017502809320,27,575,1000584,88,82.25,-9.78125,-3.25,575,575,0,0,1
13.926417,1017502809320,4,577,1000586,80,37.75,4.0,-1.0,577,577,0,0,1
13.926417,1017502809320,0,579,1000588,52,153.0,13.53125,-5.0,579,579,0,0,1
13.926417,1017502809320,6,583,1000592,55,45.5,4.4375,-26.0,583,583,0,0,1
13.926417,1017502809320,9,586,1000595,37,93.25,-2.5625,-26.25,586,586,0,0,1
13.926417,1017502809320,10,587,1000596,34,108.75,-2.28125,-26.25,587,587,0,0,1
13.926417,1017502809320,14,589,1000598,93,83.0,-6.65625,-3.0,589,589,0,0,1
14.026533,1017602925162,16,4,1000003,35,36.5,1.75,-1.0,4,4,0,1,1
14.026533,1017602925162,23,383,1000386,74,12.25,-3.21875,-5.0,383,383,0,0,1
14.026533,1017602925162,2,489,1000497,61,87.25,6.40625,-1.25,489,489,0,0,1
14.026533,1017602925162,11,517,1000525,85,82.25,-0.25,-3.0,517,517,0,0,1
14.026533,1017602925162,19|26,571|574,1000580,40,47.25,-7.15625,-26.25,571|574,571,0,0,1
14.026533,1017602925162,27,575,1000584,88,81.75,-9.90625,-3.25,575,575,0,0,1
14.026533,1017602925162,4,577,1000586,80,37.75,3.71875,-1.0,577,577,0,0,1
14.026533,1017602925162,0,579,1000588,52,152.5,13.3125,-5.0,579,579,0,0,1
14.026533,1017602925162,6,583,1000592,55,42.5,4.28125,-26.0,583,583,0,0,1
14.026533,1017602925162,10,587,1000596,34,105.75,-2.78125,-26.25,587,587,0,0,1
14.127193,1017703585781,16,4,1000003,35,36.25,1.4375,-1.0,4,4,0,1,1
14.127193,1017703585781,23,383,1000386,74,12.0,-3.21875,-4.75,383,383,0,0,1
14.127193,1017703585781,2,489,1000497,61,87.0,6.21875,-1.25,489,489,0,0,1
14.127193,1017703585781,11,517,1000525,85,82.25,-0.1875,-3.0,517,517,0,0,1
14.127193,1017703585781,19|26,571|574,1000580,40,45.25,-7.28125,-26.25,571|574,571,0,0,1
14.127193,1017703585781,27,575,1000584,88,81.25,-10.59375,-3.25,575,575,0,0,1
14.127193,1017703585781,4,577,1000586,80,38.75,3.71875,-0.75,577,577,0,0,1
14.127193,1017703585781,0,579,1000588,52,152.0,13.21875,-5.0,579,579,0,0,1
14.127193,1017703585781,6,583,1000592,55,40.25,4.15625,-26.0,583,583,0,0,1
14.127193,1017703585781,15,586,1000595,37,88.25,-3.59375,-26.25,586,586,0,0,1
14.227344,1017803736640,16,4,1000003,35,36.25,1.53125,-0.75,4,4,0,1,1
14.227344,1017803736640,23,383,1000386,74,11.75,-3.25,-5.0,383,383,1,0,1
14.227344,1017803736640,2,489,1000497,61,87.0,6.28125,-1.25,489,489,0,0,1
14.227344,1017803736640,11,517,1000525,85,82.0,-0.25,-3.0,517,517,0,0,1
14.227344,1017803736640,19|26,571|574,1000580,40,42.5,-7.46875,-26.0,571|574,571,0,0,1
14.227344,1017803736640,27,575,1000584,88,81.0,-10.78125,-3.25,575,575,0,0,1
14.227344,1017803736640,4,577,1000586,80,38.5,3.5,-0.75,577,577,0,0,1
14.227344,1017803736640,0,579,1000588,52,151.5,13.21875,-5.0,579,579,0,0,1
14.227344,1017803736640,6,583,1000592,55,37.75,4.0,-26.0,583,583,0,0,1
14.227344,1017803736640,15,586,1000595,37,85.75,-3.96875,-26.25,586,586,0,0,1
14.227344,1017803736640,17,590,1000599,51,18.0,-3.28125,-4.25,590,590,0,0,1
14.227344,1017803736640,18,591,1000600,92,65.5,4.9375,-26.0,591,591,0,0,1
14.326426,1017902818728,16,4,1000003,35,36.25,1.5625,-0.75,4,4,0,1,1
14.326426,1017902818728,23,383,1000386,74,11.25,-3.4375,-5.0,383,383,1,0,1
14.326426,1017902818728,2,489,1000497,61,86.75,6.25,-1.25,489,489,0,0,1
14.326426,1017902818728,11,517,1000525,85,81.75,-0.3125,-2.75,517,517,0,0,1
14.326426,1017902818728,19,571,1000580,40,40.5,-7.59375,-26.0,571,571,0,0,1
14.326426,1017902818728,27,575,1000584,88,80.75,-10.625,-3.25,575,575,0,0,1
14.326426,1017902818728,4,577,1000586,80,38.5,3.28125,-0.75,577,577,0,0,1
14.326426,1017902818728,0,579,1000588,52,151.25,13.125,-5.0,579,579,0,0,1
14.326426,1017902818728,6,583,1000592,55,35.5,3.96875,-26.0,583,583,0,0,1
14.326426,1017902818728,15,586,1000595,37,83.5,-4.25,-26.25,586,586,0,0,1
14.326426,1017902818728,17,590,1000599,51,17.5,-3.25,-4.5,590,590,0,0,1
14.326426,1017902818728,18,591,1000600,92,63.75,4.9375,-26.0,591,591,0,0,1
14.426713,1018003105116,16,4,1000003,35,36.0,1.34375,-1.0,4,4,0,1,1
14.426713,1018003105116,23,383,1000386,74,10.75,-3.46875,-5.0,383,383,1,0,1
14.426713,1018003105116,2,489,1000497,61,86.75,6.21875,-1.25,489,489,0,0,1
14.426713,1018003105116,11,517,1000525,85,81.25,-0.5625,-2.75,517,517,0,0,1
14.426713,1018003105116,19,571,1000580,40,38.0,-7.75,-26.0,571,571,0,0,1
14.426713,1018003105116,27,575,1000584,88,80.5,-10.78125,-3.25,575,575,0,0,1
14.426713,1018003105116,0,579,1000588,52,150.75,13.0625,-5.0,579,579,0,0,1
14.426713,1018003105116,6,583,1000592,55,33.0,3.84375,-26.0,583,583,0,0,1
14.426713,1018003105116,17,590,1000599,51,17.25,-3.3125,-4.75,590,590,0,0,1
14.426713,1018003105116,18,591,1000600,92,61.25,4.71875,-25.75,591,591,0,0,1
14.525642,1018102034336,16,4,1000003,35,36.0,1.5,-1.0,4,4,0,1,1
14.525642,1018102034336,23,383,1000386,74,10.25,-3.5,-5.25,383,383,0,0,1
14.525642,1018102034336,2,489,1000497,61,86.75,6.5625,-1.25,489,489,0,0,1
14.525642,1018102034336,11,517,1000525,85,81.0,-0.59375,-2.75,517,517,0,0,1
14.525642,1018102034336,27,575,1000584,88,80.5,-9.84375,-3.0,575,575,0,0,1
14.525642,1018102034336,0,579,1000588,52,150.25,12.875,-5.0,579,579,0,0,1
14.525642,1018102034336,6,583,1000592,55,31.0,3.75,-26.0,583,583,0,0,1
14.525642,1018102034336,19,586,1000595,37,79.25,-4.71875,-26.25,586,586,0,0,1
14.525642,1018102034336,18,591,1000600,92,59.25,4.90625,-25.75,591,591,0,0,1
14.625988,1018202379977,16,4,1000003,35,36.0,1.34375,-1.0,4,4,0,1,1
14.625988,1018202379977,23,383,1000386,74,9.75,-3.59375,-5.0,383,383,0,0,1
14.625988,1018202379977,2,489,1000497,61,86.5,6.65625,-1.0,489,489,0,0,1
14.625988,1018202379977,11,517,1000525,85,80.75,-0.6875,-2.75,517,517,0,0,1
14.625988,1018202379977,27,575,1000584,88,80.25,-9.78125,-3.0,575,575,0,0,1
14.625988,1018202379977,0,579,1000588,52,149.75,12.78125,-5.0,579,579,0,0,1
14.625988,1018202379977,6,583,1000592,55,28.5,3.625,-25.75,583,583,0,0,1
14.625988,1018202379977,19,586,1000595,37,76.75,-5.0,-26.25,586,586,0,0,1
14.625988,1018202379977,18,591,1000600,92,56.75,4.8125,-25.75,591,591,0,0,1
14.625988,1018202379977,20,592,1000601,73,36.0,-0.84375,-1.0,592,592,0,0,1
14.726006,1018302397910,16,4,1000003,35,35.75,1.5625,-0.75,4,4,0,1,1
14.726006,1018302397910,23,383,1000386,74,9.0,-3.53125,-5.0,383,383,0,0,1
14.726006,1018302397910,2,489,1000497,61,86.5,6.25,-1.0,489,489,0,0,1
14.726006,1018302397910,11,517,1000525,85,80.5,-0.6875,-2.75,517,517,0,0,1
14.726006,1018302397910,27,575,1000584,88,79.75,-9.65625,-3.0,575,575,0,0,1
14.726006,1018302397910,0,579,1000588,52,149.0,12.4375,-4.75,579,579,0,0,1
14.726006,1018302397910,6,583,1000592,55,23.75,3.40625,-25.75,583,583,0,0,1
14.726006,1018302397910,19,586,1000595,37,71.75,-5.46875,-26.0,586,586,0,0,1
14.726006,1018302397910,18,591,1000600,92,52.0,4.46875,-25.75,591,591,0,0,1
14.726006,1018302397910,22,593,1000602,41,99.75,-2.5,-26.0,593,593,0,0,1
14.726006,1018302397910,25,594,1000603,94,150.25,5.1875,-4.5,594,594,0,0,1
14.826107,1018402499202,16,4,1000003,35,35.75,1.5,-1.0,4,4,0,1,1
14.826107,1018402499202,23,383,1000386,74,8.75,-3.8125,-4.75,383,383,0,0,1
14.826107,1018402499202,2,489,1000497,61,86.25,5.96875,-1.0,489,489,0,0,1
14.826107,1018402499202,11,517,1000525,85,80.0,-0.25,-2.75,517,517,0,0,1
14.826107,1018402499202,27,575,1000584,88,79.5,-9.53125,-3.0,575,575,0,0,1
14.826107,1018402499202,0,579,1000588,52,148.5,12.4375,-4.75,579,579,0,0,1
14.826107,1018402499202,6,583,1000592,55,21.75,3.375,-25.75,583,583,0,0,1
14.826107,1018402499202,19,586,1000595,37,69.75,-5.5625,-26.0,586,586,0,0,1
14.826107,1018402499202,18,591,1000600,92,49.75,4.3125,-25.75,591,591,0,0,1
14.826107,1018402499202,22,593,1000602,41,97.5,-2.59375,-26.0,593,593,0,0,1
14.826107,1018402499202,26,595,1000604,59,79.75,4.78125,-3.0,595,595,0,0,1
14.925966,1018502357863,16,4,1000003,35,35.5,1.46875,-1.0,4,4,0,1,1
14.925966,1018502357863,23,383,1000386,74,8.25,-3.53125,-5.0,383,383,0,0,1
14.925966,1018502357863,2,489,1000497,61,86.25,5.90625,-1.0,489,489,0,0,1
14.925966,1018502357863,11,517,1000525,85,79.5,0.1875,-2.75,517,517,0,0,1
14.925966,1018502357863,27,575,1000584,88,79.25,-9.59375,-3.0,575,575,0,0,1
14.925966,1018502357863,0,579,1000588,52,148.25,12.40625,-4.75,579,579,0,0,1
14.925966,1018502357863,6,583,1000592,55,19.25,3.3125,-25.75,583,583,0,0,1
14.925966,1018502357863,19,586,1000595,37,67.0,-5.8125,-26.0,586,586,0,0,1
14.925966,1018502357863,18,591,1000600,92,47.25,4.125,-25.75,591,591,0,0,1
14.925966,1018502357863,22,593,1000602,41,95.0,-2.90625,-26.0,593,593,0,0,1
14.925966,1018502357863,26,595,1000604,59,79.5,4.1875,-2.75,595,595,0,0,1
15.026734,1018603126597,16,4,1000003,35,35.5,1.5625,-1.0,4,4,0,1,1
15.026734,1018603126597,23,383,1000386,74,8.0,-3.5,-5.0,383,383,0,0,1
15.026734,1018603126597,2,489,1000497,61,86.25,5.84375,-0.75,489,489,0,0,1
15.026734,1018603126597,11,517,1000525,85,79.0,-0.15625,-2.75,517,517,0,0,1
15.026734,1018603126597,27,575,1000584,88,79.0,-9.625,-3.0,575,575,0,0,1
15.026734,1018603126597,0,579,1000588,52,147.75,12.125,-4.75,579,579,0,0,1
15.026734,1018603126597,6,583,1000592,55,17.0,3.28125,-25.75,583,583,0,0,1
15.026734,1018603126597,19,586,1000595,37,64.75,-6.0,-26.0,586,586,0,0,1
15.026734,1018603126597,18,591,1000600,92,45.0,3.9375,-25.75,591,591,0,0,1
15.026734,1018603126597,22,593,1000602,41,92.75,-2.75,-26.0,593,593,0,0,1
15.026734,1018603126597,26,595,1000604,59,79.25,3.875,-2.75,595,595,0,0,1
15.026734,1018603126597,28,596,1000605,62,78.75,-3.3125,-2.75,596,596,0,0,1
15.126392,1018702784597,16,4,1000003,35,35.5,1.8125,-1.0,4,4,0,1,1
15.126392,1018702784597,23,383,1000386,74,7.5,-3.90625,-4.75,383,383,0,0,1
15.126392,1018702784597,2,489,1000497,61,86.0,5.78125,-0.75,489,489,0,0,1
15.126392,1018702784597,11,517,1000525,85,78.75,-0.15625,-2.75,517,517,0,0,1
15.126392,1018702784597,27,575,1000584,88,78.75,-9.3125,-2.75,575,575,0,0,1
15.126392,1018702784597,0,579,1000588,52,147.25,11.96875,-4.75,579,579,0,0,1
15.126392,1018702784597,6,583,1000592,55,13.75,3.21875,-25.5,583,583,0,0,1
15.126392,1018702784597,19,586,1000595,37,61.5,-6.28125,-26.0,586,586,0,0,1
15.126392,1018702784597,18,591,1000600,92,41.75,3.96875,-25.75,591,591,0,0,1
15.126392,1018702784597,22,593,1000602,41,89.5,-2.84375,-25.75,593,593,0,0,1
15.226042,1018802434750,16,4,1000003,35,35.5,1.71875,-1.0,4,4,0,1,1
15.226042,1018802434750,23,383,1000386,74,7.0,-3.9375,-4.75,383,383,0,0,1
15.226042,1018802434750,2,489,1000497,61,86.0,6.1875,-0.75,489,489,0,0,1
15.226042,1018802434750,11,517,1000525,85,78.5,-0.15625,-2.75,517,517,0,0,1
15.226042,1018802434750,27,575,1000584,88,78.5,-9.4375,-2.75,575,575,0,0,1
15.226042,1018802434750,0,579,1000588,52,147.0,12.09375,-4.5,579,579,0,0,1
15.226042,1018802434750,6,583,1000592,55,11.75,3.1875,-25.5,583,583,0,0,1
15.226042,1018802434750,18,591,1000600,92,39.5,3.90625,-25.75,591,591,0,0,1
15.226042,1018802434750,22,593,1000602,41,87.5,-3.21875,-25.75,593,593,0,0,1
15.226042,1018802434750,29,597,1000606,86,148.0,-4.78125,-4.75,597,597,0,0,1
15.226042,1018802434750,30,598,1000607,54,65.5,-5.6875,-26.0,598,598,0,0,1
15.226042,1018802434750,31,599,1000608,78,71.75,-5.40625,-26.0,599,599,0,0,1
15.325788,1018902180393,16,4,1000003,35,35.5,1.65625,-0.75,4,4,0,1,1
15.325788,1018902180393,23,383,1000386,74,6.75,-4.03125,-4.5,383,383,0,0,1
15.325788,1018902180393,2,489,1000497,61,86.0,6.1875,-0.75,489,489,0,0,1
15.325788,1018902180393,11,517,1000525,85,78.25,0.1875,-2.5,517,517,0,0,1
15.325788,1018902180393,27,575,1000584,88,78.25,-9.5,-2.75,575,575,0,0,1
15.325788,1018902180393,0,579,1000588,52,146.5,12.03125,-4.5,579,579,0,0,1
15.325788,1018902180393,6,583,1000592,55,9.25,3.15625,-25.5,583,583,0,0,1
15.325788,1018902180393,18,591,1000600,92,37.25,3.8125,-25.5,591,591,0,0,1
15.325788,1018902180393,22,593,1000602,41,85.0,-3.40625,-25.75,593,593,0,0,1
15.325788,1018902180393,31,599,1000608,78,69.25,-5.625,-26.0,599,599,0,0,1
15.426239,1019002630916,16,4,1000003,35,35.5,1.875,-0.75,4,4,0,1,1
15.426239,1019002630916,2,489,1000497,61,86.0,5.9375,-0.75,489,489,0,0,1
15.426239,1019002630916,11,517,1000525,85,77.75,0.125,-2.5,517,517,0,0,1
15.426239,1019002630916,27,575,1000584,88,78.0,-9.1875,-2.75,575,575,0,0,1
15.426239,1019002630916,0,579,1000588,52,146.0,12.0,-4.5,579,579,0,0,1
15.426239,1019002630916,6,583,1000592,55,7.25,3.125,-25.5,583,583,0,0,1
15.426239,1019002630916,4,586,1000595,37,54.75,-7.0,-26.0,586,586,0,0,1
15.426239,1019002630916,18,591,1000600,92,35.0,3.6875,-25.5,591,591,0,0,1
15.426239,1019002630916,22,593,1000602,41,82.75,-3.59375,-25.75,593,593,0,0,1
15.426239,1019002630916,31,599,1000608,78,67.25,-5.71875,-25.75,599,599,0,0,1
15.426239,1019002630916,1,600,1000609,33,105.75,-4.90625,-25.0,600,600,0,0,1
15.426239,1019002630916,3,601,1000610,64,146.0,18.0625,-4.0,601,601,0,0,1
15.526115,1019102507612,16,4,1000003,35,35.25,2.0625,-0.75,4,4,0,1,1
15.526115,1019102507612,2,489,1000497,61,85.75,5.84375,-0.75,489,489,0,0,1
15.526115,1019102507612,11,517,1000525,85,77.5,0.15625,-2.5,517,517,0,0,1
15.526115,1019102507612,27,575,1000584,88,77.75,-9.21875,-2.5,575,575,0,0,1
15.526115,1019102507612,0,579,1000588,52,145.75,11.53125,-4.5,579,579,0,0,1
15.526115,1019102507612,4,586,1000595,37,52.0,-7.03125,-26.0,586,586,0,0,1
15.526115,1019102507612,18,591,1000600,92,32.5,3.5625,-25.5,591,591,0,0,1
15.526115,1019102507612,22,593,1000602,41,80.25,-3.8125,-25.75,593,593,0,0,1
15.526115,1019102507612,31,599,1000608,78,64.5,-6.0,-25.75,599,599,0,0,1
15.526115,1019102507612,3,601,1000610,64,145.75,17.53125,-4.0,601,601,0,0,1
15.626496,1019202887949,16,4,1000003,35,35.25,1.96875,-0.75,4,4,0,1,1
15.626496,1019202887949,2,489,1000497,61,85.75,5.96875,-0.75,489,489,0,0,1
15.626496,1019202887949,11,517,1000525,85,77.5,-0.15625,-2.75,517,517,0,0,1
15.626496,1019202887949,27,575,1000584,88,77.5,-8.65625,-2.25,575,575,0,0,1
15.626496,1019202887949,0,579,1000588,52,145.5,11.46875,-4.5,579,579,0,0,1
15.626496,1019202887949,4,586,1000595,37,50.0,-7.09375,-25.75,586,586,0,0,1
15.626496,1019202887949,18,591,1000600,92,30.25,3.5,-25.5,591,591,0,0,1
15.626496,1019202887949,22,593,1000602,41,78.0,-4.09375,-25.75,593,593,0,0,1
15.626496,1019202887949,31,599,1000608,78,62.5,-6.1875,-25.75,599,599,0,0,1
15.626496,1019202887949,3,601,1000610,64,146.0,16.59375,-3.75,601,601,0,0,1
15.626496,1019202887949,5,602,1000611,95,77.5,4.5,-2.5,602,602,0,0,1
15.626496,1019202887949,6,603,1000612,71,86.25,-3.71875,-25.75,603,603,0,0,1
15.727909,1019304301083,16,4,1000003,35,35.25,1.78125,-0.75,4,4,0,1,1
15.727909,1019304301083,2,489,1000497,61,85.75,5.96875,-0.75,489,489,0,0,1
15.727909,1019304301083,11,517,1000525,85,77.25,-0.25,-2.5,517,517,0,0,1
15.727909,1019304301083,27,575,1000584,88,77.25,-8.46875,-2.25,575,575,0,0,1
15.727909,1019304301083,0,579,1000588,52,145.0,11.4375,-4.25,579,579,0,0,1
15.727909,1019304301083,4,586,1000595,37,47.5,-7.25,-25.75,586,586,0,0,1
15.727909,1019304301083,18,591,1000600,92,27.75,3.4375,-25.5,591,591,0,0,1
15.727909,1019304301083,22,593,1000602,41,75.5,-4.3125,-25.5,593,593,0,0,1
15.727909,1019304301083,31,599,1000608,78,59.75,-6.375,-25.75,599,599,0,0,1
15.727909,1019304301083,3,601,1000610,64,145.75,16.09375,-3.75,601,601,0,0,1
15.727909,1019304301083,6,603,1000612,71,83.75,-4.0625,-25.75,603,603,0,0,1
15.727909,1019304301083,7,604,1000613,58,130.75,22.15625,-24.75,604,604,0,0,1
15.828272,1019404664238,16,4,1000003,35,35.0,1.6875,-0.75,4,4,0,1,1
15.828272,1019404664238,2,489,1000497,61,85.5,5.96875,-0.5,489,489,0,0,1
15.828272,1019404664238,11,517,1000525,85,77.0,0.1875,-2.5,517,517,0,0,1
15.828272,1019404664238,27,575,1000584,88,77.25,-8.75,-2.25,575,575,0,0,1
15.828272,1019404664238,0,579,1000588,52,144.5,11.59375,-4.25,579,579,0,0,1
15.828272,1019404664238,4,586,1000595,37,45.25,-7.1875,-25.75,586,586,0,0,1
15.828272,1019404664238,18,591,1000600,92,25.5,3.375,-25.25,591,591,0,0,1
15.828272,1019404664238,22,593,1000602,41,73.25,-4.53125,-25.5,593,593,0,0,1
15.828272,1019404664238,31,599,1000608,78,57.5,-6.5625,-25.75,599,599,0,0,1
15.828272,1019404664238,3,601,1000610,64,145.25,14.875,-3.75,601,601,0,0,1
15.828272,1019404664238,8,602,1000611,95,77.0,3.40625,-2.5,602,602,0,0,1
15.828272,1019404664238,6,603,1000612,71,81.5,-4.28125,-25.75,603,603,0,0,1
15.828272,1019404664238,7,604,1000613,58,128.25,21.78125,-24.75,604,604,0,0,1
15.828272,1019404664238,9,605,1000614,66,145.25,-1.375,-4.5,605,605,0,0,1
15.828272,1019404664238,10,606,1000615,91,102.25,-1.28125,-25.5,606,606,0,0,1
15.926122,1019502514286,16,4,1000003,35,35.0,1.5,-0.75,4,4,0,1,1
15.926122,1019502514286,2,489,1000497,61,85.5,5.84375,-0.5,489,489,0,0,1
15.926122,1019502514286,11,517,1000525,85,76.75,0.25,-2.5,517,517,0,0,1
15.926122,1019502514286,27,575,1000584,88,77.0,-9.0,-2.25,575,575,0,0,1
15.926122,1019502514286,0,579,1000588,52,144.0,11.46875,-4.25,579,579,0,0,1
15.926122,1019502514286,4,586,1000595,37,42.75,-7.34375,-25.75,586,586,0,0,1
15.926122,1019502514286,18,591,1000600,92,22.5,3.28125,-25.5,591,591,0,0,1
15.926122,1019502514286,22,593,1000602,41,70.75,-4.875,-25.5,593,593,0,0,1
15.926122,1019502514286,31,599,1000608,78,55.0,-6.71875,-25.5,599,599,0,0,1
15.926122,1019502514286,3,601,1000610,64,145.0,13.6875,-3.75,601,601,0,0,1
15.926122,1019502514286,6,603,1000612,71,79.0,-4.53125,-25.75,603,603,0,0,1
15.926122,1019502514286,7,604,1000613,58,126.5,21.3125,-24.75,604,604,0,0,1
15.926122,1019502514286,10,606,1000615,91,99.75,-1.65625,-25.5,606,606,0,0,1
15.926122,1019502514286,12,607,1000616,81,50.0,4.9375,-25.5,607,607,0,0,1
15.926122,1019502514286,13,608,1000617,79,127.0,16.75,-25.0,608,608,0,0,1
