key,pid,pattern,start_scan,end_scan,duration_s,representatives,stable_members,member_sets
00000243--a4d9c0a5dd--0,1000094,A_B_A,120,122,0.200530805,99|95|99,1,95|99;95|99;95|99
00000245--2c15eb5d45--12,1000095,A_B_A,172,179,0.7004098740000001,99|95|99,1,95|99;95|99;95|99
00000245--2c15eb5d45--12,1000095,A_B_A,178,181,0.300230053,95|99|95,1,95|99;95|99;95|99
00000245--2c15eb5d45--12,1000095,A_B_A,180,182,0.199519883,99|95|99,1,95|99;95|99;95|99
00000245--2c15eb5d45--12,1000206,A_B_A,329,331,0.200255381,204|202|204,1,202|204;202|204;202|204
00000245--2c15eb5d45--12,1000250,A_B_A,366,368,0.20095422400000001,252|244|252,1,244|252;244|252;244|252
00000245--2c15eb5d45--12,1000332,A_B_A,452,456,0.39893619900000005,325|323|325,1,323|325;323|325;323|325
00000245--2c15eb5d45--19,1000011,A_B_A,47,49,0.199151249,55|31|55,1,31|55;31|55;31|55
00000245--2c15eb5d45--19,1000116,A_B_A,64,66,0.199628502,126|114|126,1,114|126;114|126;114|126
00000245--2c15eb5d45--19,1000083,A_B_A,78,81,0.29890961600000004,151|105|151,1,105|151;105|151;105|151
00000245--2c15eb5d45--19,1000083,A_B_A,80,82,0.20023404700000003,105|151|105,1,105|151;105|151;105|151
00000245--2c15eb5d45--19,1000150,A_B_A,83,85,0.19912469100000002,148|147|148,1,147|148;147|148;147|148
00000245--2c15eb5d45--19,1000150,A_B_A,84,87,0.30051509400000004,147|148|147,1,147|148;147|148;147|148
00000245--2c15eb5d45--19,1000150,A_B_A,86,88,0.20008128800000002,148|147|148,1,147|148;147|148;147|148
00000245--2c15eb5d45--19,1000150,A_B_A,92,95,0.30017993200000004,147|148|147,1,147|148|174;147|148|174;147|148|174
00000245--2c15eb5d45--19,1000209,A_B_A,147,149,0.19982065400000001,242|202|242,1,202|242;202|242;202|242
00000245--2c15eb5d45--19,1000209,A_B_A,148,151,0.30004705600000003,202|242|202,1,202|242;202|242;202|242
00000245--2c15eb5d45--19,1000479,A_B_A,433,435,0.20012100300000002,461|460|461,1,460|461;460|461;460|461
00000245--2c15eb5d45--19,1000643,A_B_A,508,510,0.20023674200000002,612|629|612,1,612|629;612|629;612|629
00000245--2c15eb5d45--19,1000643,A_B_A,509,513,0.399066346,629|612|629,1,612|629;612|629;612|629
00000245--2c15eb5d45--19,1000784,A_B_A,567,569,0.199449327,765|749|765,1,749|765;749|765;749|765
00000245--2c15eb5d45--19,1000784,A_B_A,568,572,0.400002038,749|765|749,1,749|765;749|765;749|765
00000245--2c15eb5d45--19,1000787,A_B_A,568,572,0.400002038,755|752|755,1,752|755;752|755;752|755
00000245--2c15eb5d45--19,1000784,A_B_A,571,573,0.20113692800000002,765|749|765,1,749|765;749|765;749|765
00000245--2c15eb5d45--19,1000784,A_B_A,572,576,0.399231738,749|765|749,1,749|765;749|765;749|765
00000245--2c15eb5d45--19,1000784,A_B_A,575,582,0.69956927,765|749|765,1,749|765;749|765;749|765
00000245--2c15eb5d45--19,1000809,A_B_A,583,586,0.299532951,777|786|777,1,774|777|786;774|777|786;774|777|786
00000245--2c15eb5d45--19,1000809,A_B_A,585,588,0.301934878,786|777|786,1,774|777|786;774|777|786;774|777|786
00000245--2c15eb5d45--21,1000055,A_B_A,40,42,0.20013475,59|53|59,1,53|59;53|59;53|59
00000245--2c15eb5d45--21,1000058,A_B_A,40,42,0.20013475,55|56|55,1,55|56;55|56;55|56
00000245--2c15eb5d45--21,1000073,A_B_A,65,67,0.200220278,66|70|66,1,66|70;66|70;66|70
00000245--2c15eb5d45--21,1000079,A_B_A,65,67,0.200220278,74|76|74,1,74|76;74|76;74|76
00000245--2c15eb5d45--21,1000155,A_B_A,114,116,0.200598817,168|152|168,1,152|168;152|168;152|168
00000245--2c15eb5d45--21,1000627,A_B_A,490,494,0.39020916600000005,603|601|603,1,601|603;601|603;601|603
00000245--2c15eb5d45--7,1000028,A_B_A,10,19,0.900417855,39|29|39,1,29|39;29|39;29|39
00000245--2c15eb5d45--7,1000014,A_B_A,18,20,0.19857390300000002,36|15|36,1,15|36;15|36;15|36
00000245--2c15eb5d45--7,1000028,A_B_A,18,20,0.19857390300000002,29|39|29,1,29|39;29|39;29|39
00000245--2c15eb5d45--7,1000014,A_B_A,19,24,0.499349778,15|36|15,1,15|36;15|36;15|36
00000245--2c15eb5d45--7,1000078,A_B_A,39,41,0.200067358,89|74|89,1,74|89;74|89;74|89
00000245--2c15eb5d45--7,1000078,A_B_A,40,42,0.200388955,74|89|74,1,74|89;74|89;74|89
00000245--2c15eb5d45--7,1000079,A_B_A,40,42,0.200388955,97|75|97,1,75|97;75|97;75|97
00000245--2c15eb5d45--7,1000089,A_B_A,40,42,0.200388955,86|84|86,1,84|86;84|86;84|86
00000245--2c15eb5d45--7,1000079,A_B_A,41,50,0.9006053500000001,75|97|75,1,75|97;75|97;75|97
00000245--2c15eb5d45--7,1000138,A_B_A,63,65,0.20130684100000001,132|131|132,1,131|132;131|132;131|132
00000245--2c15eb5d45--7,1000138,A_B_A,64,78,1.400284367,131|132|131,1,131|132;131|132;131|132
00000245--2c15eb5d45--7,1000138,A_B_A,77,79,0.199764203,132|131|132,1,131|132;131|132;131|132
00000245--2c15eb5d45--7,1000138,A_B_A,78,80,0.19967952,131|132|131,1,131|132;131|132;131|132
00000245--2c15eb5d45--7,1000138,A_B_A,79,82,0.302102702,132|131|132,1,131|132;131|132;131|132
00000245--2c15eb5d45--7,1000174,A_B_A,88,90,0.19973827200000002,172|166|172,1,166|172;166|172;166|172
00000245--2c15eb5d45--7,1000179,A_B_A,90,92,0.20070202,173|171|173,1,171|173;171|173;171|173
00000245--2c15eb5d45--7,1000179,A_B_A,91,93,0.20039156900000002,171|173|171,1,171|173;171|173;171|173
00000245--2c15eb5d45--7,1000179,A_B_A,92,99,0.700219424,173|171|173,1,171|173;171|173;171|173
00000245--2c15eb5d45--7,1000257,A_B_A,183,185,0.19949724200000002,248|246|248,1,246|248;246|248;246|248
00000245--2c15eb5d45--7,1000257,A_B_A,184,188,0.399953194,246|248|246,1,246|248;246|248;246|248
00000245--2c15eb5d45--7,1000257,A_B_A,187,189,0.200405555,248|246|248,1,246|248;246|248;246|248
00000245--2c15eb5d45--7,1000452,A_B_A,359,363,0.39995392500000004,444|431|444,1,431|444;431|444;431|444
00000245--2c15eb5d45--7,1000564,A_B_A,447,449,0.20059599,551|540|551,1,540|551;540|551;540|551
00000245--2c15eb5d45--7,1000564,A_B_A,448,450,0.200562867,540|551|540,1,540|551;540|551;540|551
00000245--2c15eb5d45--7,1000564,A_B_A,449,451,0.200184822,551|540|551,1,540|551;540|551;540|551
00000245--2c15eb5d45--7,1000564,A_B_A,450,462,1.1990110820000002,540|551|540,1,540|551;540|551;540|551
00000245--2c15eb5d45--7,1000564,A_B_A,461,463,0.19965470000000002,551|540|551,1,540|551;540|551;540|551
00000245--2c15eb5d45--7,1000587,A_B_A,461,463,0.19965470000000002,562|561|562,1,561|562;561|562;561|562
00000245--2c15eb5d45--7,1000572,A_B_A,462,466,0.40172796200000005,572|548|572,1,548|572;548|572;548|572
00000245--2c15eb5d45--7,1000587,A_B_A,462,466,0.40172796200000005,561|562|561,1,561|562;561|562;561|562
00000245--2c15eb5d45--7,1000587,A_B_A,465,467,0.200266946,562|561|562,1,561|562;561|562;561|562
00000245--2c15eb5d45--7,1000614,A_B_A,492,494,0.200081736,595|583|595,1,583|595;583|595;583|595
00000245--2c15eb5d45--7,1000684,A_B_A,541,555,1.3996184150000002,660|652|660,1,652|660;652|660;652|660
00000245--2c15eb5d45--7,1000684,A_B_A,554,556,0.20091097700000002,652|660|652,1,652|660;652|660;652|660
00000245--2c15eb5d45--7,1000704,A_B_A,555,557,0.20002171900000001,668|667|668,1,667|668;667|668;667|668
00000245--2c15eb5d45--7,1000704,A_B_A,556,558,0.199506132,667|668|667,1,667|668;667|668;667|668
00000245--2c15eb5d45--7,1000704,A_B_A,557,559,0.199440095,668|667|668,1,667|668;667|668;667|668
00000245--2c15eb5d45--7,1000704,A_B_A,558,560,0.20025852500000002,667|668|667,1,667|668;667|668;667|668
00000245--2c15eb5d45--7,1000738,A_B_A,587,589,0.19977634000000002,700|699|700,1,699|700;699|700;699|700
00000247--b657952782--1,1000335,A_B_A,263,277,1.400106042,317|307|317,1,307|311|317;307|311|317;307|311|317
00000247--b657952782--1,1000446,A_B_A,337,339,0.199664693,410|404|410,1,404|410;404|410;404|410
00000247--b657952782--15,1000531,A_B_A,506,509,0.29990545900000004,538|513|538,1,513|538;513|538;513|538
00000247--b657952782--16,1000080,A_B_A,86,89,0.300142858,86|81|86,1,81|86;81|86;81|86
00000247--b657952782--16,1000080,A_B_A,88,93,0.499305239,81|86|81,1,81|86;81|86;81|86
00000247--b657952782--16,1000077,A_B_A,93,95,0.201024999,88|78|88,1,78|88;78|88;78|88
00000247--b657952782--16,1000095,A_B_A,94,108,1.3996304460000002,100|96|100,1,96|100;96|100;96|100
00000247--b657952782--17,1000378,A_B_A,317,319,0.199499543,394|369|394,1,369|394;369|394;369|394
00000247--b657952782--17,1000393,A_B_A,317,319,0.199499543,392|384|392,1,384|392;384|392;384|392
00000247--b657952782--17,1000405,A_B_A,318,320,0.19938396500000002,398|396|398,1,396|398;396|398;396|398
00000247--b657952782--17,1000405,A_B_A,319,321,0.20032286700000002,396|398|396,1,396|398;396|398;396|398
00000247--b657952782--17,1000409,A_B_A,327,329,0.200000005,404|400|404,1,400|404;400|404;400|404
00000247--b657952782--17,1000469,A_B_A,408,410,0.19906621700000002,479|457|479,1,457|479;457|479;457|479
00000247--b657952782--18,1000242,A_B_A,269,271,0.200766724,250|235|250,1,235|250;235|250;235|250
00000247--b657952782--18,1000242,A_B_A,270,272,0.19906215900000002,235|250|235,1,235|250;235|250;235|250
00000247--b657952782--18,1000242,A_B_A,283,285,0.19920794600000002,250|235|250,1,235|250;235|250;235|250
00000247--b657952782--18,1000242,A_B_A,284,286,0.200092972,235|250|235,1,235|250;235|250;235|250
00000247--b657952782--18,1000242,A_B_A,285,287,0.20112295000000002,250|235|250,1,235|250;235|250;235|250
00000247--b657952782--18,1000242,A_B_A,286,292,0.600259768,235|250|235,1,235|250;235|250;235|250
00000247--b657952782--18,1000242,A_B_A,291,293,0.200149937,250|235|250,1,235|250;235|250;235|250
00000247--b657952782--18,1000509,A_B_A,426,428,0.199737398,497|493|497,1,493|497;493|497;493|497
00000247--b657952782--18,1000509,A_B_A,427,429,0.19976854400000002,493|497|493,1,493|497;493|497;493|497
00000247--b657952782--18,1000652,A_B_A,548,552,0.40033931,646|635|646,1,635|646;635|646;635|646
00000247--b657952782--18,1000652,A_B_A,551,553,0.19979569500000002,635|646|635,1,635|646;635|646;635|646
00000247--b657952782--19,1000313,A_B_A,209,211,0.19920073600000002,317|310|317,1,310|317;310|317;310|317
00000247--b657952782--19,1000321,A_B_A,253,255,0.20263019000000002,332|318|332,1,318|332;318|332;318|332
00000247--b657952782--19,1000321,A_B_A,254,256,0.20101689,318|332|318,1,318|332;318|332;318|332
00000247--b657952782--19,1000523,A_B_A,362,371,0.9007895840000001,502|501|502,1,501|502;501|502;501|502
00000247--b657952782--19,1000523,A_B_A,370,376,0.599933583,501|502|501,1,501|502;501|502;501|502
00000247--b657952782--19,1000523,A_B_A,375,378,0.299566096,502|501|502,1,501|502;501|502;501|502
00000247--b657952782--19,1000647,A_B_A,492,495,0.301511859,626|624|626,1,624|626;624|626;624|626
00000247--b657952782--2,1000431,A_B_A,342,344,0.19996606500000003,394|379|394,1,379|389|394;379|389|394;379|389|394
00000247--b657952782--20,1000000,A_B_A,2,4,0.200112851,11|1|11,1,1|11;1|11;1|11
00000247--b657952782--20,1000006,A_B_A,2,4,0.200112851,18|7|18,1,7|18;7|18;7|18
00000247--b657952782--20,1000000,A_B_A,3,5,0.199189619,1|11|1,1,1|11;1|11;1|11
00000247--b657952782--20,1000006,A_B_A,3,5,0.199189619,7|18|7,1,7|18;7|18;7|18
00000247--b657952782--20,1000000,A_B_A,4,6,0.19950873400000002,11|1|11,1,1|11;1|11;1|11
00000247--b657952782--20,1000035,A_B_A,28,30,0.20033489200000001,39|36|39,1,36|39;36|39;36|39
00000247--b657952782--20,1000088,A_B_A,85,87,0.201781072,89|86|89,1,86|89;86|89;86|89
00000247--b657952782--20,1000079,A_B_A,86,88,0.199721173,90|77|90,1,77|90;77|90;77|90
00000247--b657952782--20,1000088,A_B_A,86,88,0.199721173,86|89|86,1,86|89;86|89;86|89
00000247--b657952782--20,1000079,A_B_A,87,89,0.19853690100000002,77|90|77,1,77|90;77|90;77|90
00000247--b657952782--20,1000088,A_B_A,87,89,0.19853690100000002,89|86|89,1,86|89;86|89;86|89
00000247--b657952782--20,1000094,A_B_A,87,89,0.19853690100000002,94|92|94,1,92|94;92|94;92|94
00000247--b657952782--20,1000079,A_B_A,88,92,0.39887003400000004,90|77|90,1,77|90;77|90;77|90
00000247--b657952782--20,1000088,A_B_A,88,92,0.39887003400000004,86|89|86,1,86|89;86|89;86|89
00000247--b657952782--20,1000094,A_B_A,88,92,0.39887003400000004,92|94|92,1,92|94;92|94;92|94
00000247--b657952782--20,1000088,A_B_A,91,102,1.101962515,89|86|89,1,86|89;86|89;86|89
00000247--b657952782--20,1000088,A_B_A,101,104,0.30130837200000005,86|89|86,1,86|89;86|89;86|89
00000247--b657952782--20,1000088,A_B_A,103,105,0.198486341,89|86|89,1,86|89;86|89;86|89
00000247--b657952782--20,1000358,A_B_A,342,344,0.199768888,350|351|350,1,350|351;350|351;350|351
00000247--b657952782--20,1000373,A_B_A,351,356,0.500291515,370|365|370,1,365|370;365|370;365|370
00000247--b657952782--20,1000373,A_B_A,355,359,0.39974232600000004,365|370|365,1,365|370;365|370;365|370
00000247--b657952782--20,1000373,A_B_A,358,368,1.001194597,370|365|370,1,365|370;365|370;365|370
00000247--b657952782--20,1000421,A_B_A,403,408,0.501073962,412|411|412,1,411|412;411|412;411|412
00000247--b657952782--20,1000421,A_B_A,407,409,0.19927338300000003,411|412|411,1,411|412;411|412;411|412
00000247--b657952782--20,1000421,A_B_A,408,413,0.49879534300000006,412|411|412,1,411|412;411|412;411|412
00000247--b657952782--20,1000473,A_B_A,449,451,0.20051514,463|462|463,1,462|463;462|463;462|463
00000247--b657952782--21,1000075,A_B_A,49,53,0.400219333,72|75|72,1,72|75;72|75;72|75
00000247--b657952782--21,1000149,A_B_A,110,122,1.208299663,154|146|154,1,146|154;146|154;146|154
00000247--b657952782--21,1000217,A_B_A,183,188,0.5008334870000001,214|208|214,1,208|214;208|214;208|214
00000247--b657952782--21,1000217,A_B_A,187,193,0.609982173,208|214|208,1,208|214;208|214;208|214
00000247--b657952782--21,1000329,A_B_A,346,351,0.49981693000000005,320|317|320,1,317|320;317|320;317|320
00000247--b657952782--21,1000329,A_B_A,350,355,0.49985749,317|320|317,1,317|320;317|320;317|320
00000247--b657952782--21,1000329,A_B_A,354,358,0.400521416,320|317|320,1,317|320;317|320;317|320
00000247--b657952782--21,1000338,A_B_A,354,356,0.199780585,327|325|327,1,325|327;325|327;325|327
00000247--b657952782--21,1000338,A_B_A,355,360,0.500135073,325|327|325,1,325|327;325|327;325|327
00000247--b657952782--21,1000329,A_B_A,357,360,0.29992079600000005,317|320|317,1,317|320;317|320;317|320
00000247--b657952782--21,1000329,A_B_A,359,361,0.19892351600000002,320|317|320,1,317|320;317|320;317|320
00000247--b657952782--21,1000338,A_B_A,359,361,0.19892351600000002,327|325|327,1,325|327;325|327;325|327
00000247--b657952782--21,1000338,A_B_A,360,365,0.500112456,325|327|325,1,325|327;325|327;325|327
00000247--b657952782--21,1000338,A_B_A,364,366,0.1991815,327|325|327,1,325|327;325|327;325|327
00000247--b657952782--21,1000351,A_B_A,368,371,0.300311574,339|338|339,1,338|339;338|339;338|339
00000247--b657952782--21,1000344,A_B_A,373,375,0.200795087,336|331|336,1,331|336;331|336;331|336
00000247--b657952782--21,1000344,A_B_A,374,379,0.501000468,331|336|331,1,331|336;331|336;331|336
00000247--b657952782--21,1000397,A_B_A,479,481,0.19965801500000002,384|383|384,1,383|384;383|384;383|384
00000247--b657952782--21,1000397,A_B_A,480,483,0.29977284800000004,383|384|383,1,383|384;383|384;383|384
00000247--b657952782--21,1000397,A_B_A,482,484,0.199901781,384|383|384,1,383|384;383|384;383|384
00000247--b657952782--22,1000001,A_B_A,17,21,0.399317678,10|2|10,1,2|10;2|10;2|10
00000247--b657952782--22,1000044,A_B_A,46,49,0.300091578,47|45|47,1,45|47;45|47;45|47
00000247--b657952782--23,1000173,A_B_A,303,310,0.699631325,176|174|176,1,174|176;174|176;174|176
00000247--b657952782--24,1000040,A_B_A,33,35,0.19877719400000002,41|40|41,1,40|41;40|41;40|41
00000247--b657952782--24,1000024,A_B_A,34,39,0.49944961800000004,59|24|59,1,24|59;24|59;24|59
00000247--b657952782--24,1000024,A_B_A,38,42,0.40014939800000004,24|59|24,1,24|59;24|59;24|59
00000247--b657952782--24,1000048,A_B_A,43,45,0.200472482,66|48|66,1,48|66;48|66;48|66
00000247--b657952782--24,1000061,A_B_A,43,45,0.200472482,55|60|55,1,55|60;55|60;55|60
00000247--b657952782--24,1000191,A_B_A,153,158,0.49975256,182|179|182,1,179|182;179|182;179|182
00000247--b657952782--24,1000547,A_B_A,501,506,0.50019038,526|519|526,1,519|526;519|526;519|526
00000247--b657952782--24,1000547,A_B_A,505,509,0.39980054400000004,519|526|519,1,519|526;519|526;519|526
00000247--b657952782--24,1000620,A_B_A,571,589,1.7998104300000002,638|585|638,1,585|638;585|638;585|638
00000247--b657952782--24,1000641,A_B_A,577,582,0.499675754,609|604|609,1,604|609;604|609;604|609
00000247--b657952782--24,1000666,A_B_A,577,579,0.19981142100000002,640|629|640,1,629|640;629|640;629|640
00000247--b657952782--24,1000666,A_B_A,578,581,0.299845537,629|640|629,1,629|640;629|640;629|640
00000247--b657952782--24,1000666,A_B_A,580,582,0.20022608700000002,640|629|640,1,629|640;629|640;629|640
00000247--b657952782--24,1000641,A_B_A,581,584,0.300928652,604|609|604,1,604|609;604|609;604|609
00000247--b657952782--24,1000666,A_B_A,581,584,0.300928652,629|640|629,1,629|640;629|640;629|640
00000247--b657952782--24,1000641,A_B_A,583,589,0.599169383,609|604|609,1,604|609;604|609;604|609
00000247--b657952782--24,1000666,A_B_A,583,585,0.199136223,640|629|640,1,629|640;629|640;629|640
00000247--b657952782--24,1000666,A_B_A,584,587,0.29917944700000004,629|640|629,1,629|640;629|640;629|640
00000247--b657952782--24,1000620,A_B_A,588,591,0.30186580100000004,585|638|585,1,585|638;585|638;585|638
00000247--b657952782--24,1000641,A_B_A,588,591,0.30186580100000004,604|609|604,1,604|609;604|609;604|609
00000247--b657952782--25,1000004,A_B_A,5,7,0.20184088,24|5|24,1,5|24;5|24;5|24
00000247--b657952782--25,1000015,A_B_A,5,7,0.20184088,27|16|27,1,16|27;16|27;16|27
00000247--b657952782--25,1000016,A_B_A,5,7,0.20184088,22|17|22,1,17|22;17|22;17|22
00000247--b657952782--25,1000030,A_B_A,5,7,0.20184088,32|31|32,1,31|32;31|32;31|32
00000247--b657952782--25,1000004,A_B_A,6,11,0.497467347,5|24|5,1,5|24;5|24;5|24
00000247--b657952782--25,1000015,A_B_A,6,11,0.497467347,16|27|16,1,16|27;16|27;16|27
00000247--b657952782--25,1000016,A_B_A,6,11,0.497467347,17|22|17,1,17|22;17|22;17|22
00000247--b657952782--25,1000004,A_B_A,10,12,0.200227397,24|5|24,1,5|24;5|24;5|24
00000247--b657952782--25,1000008,A_B_A,10,12,0.200227397,25|9|25,1,9|25;9|25;9|25
00000247--b657952782--25,1000015,A_B_A,10,12,0.200227397,27|16|27,1,16|27;16|27;16|27
00000247--b657952782--25,1000016,A_B_A,10,12,0.200227397,22|17|22,1,17|22;17|22;17|22
00000247--b657952782--25,1000045,A_B_A,18,32,1.399335878,51|46|51,1,46|51;46|51;46|51
00000247--b657952782--25,1000052,A_B_A,23,25,0.200800058,58|53|58,1,53|58;53|58;53|58
00000247--b657952782--25,1000052,A_B_A,24,27,0.298073984,53|58|53,1,53|58;53|58;53|58
00000247--b657952782--25,1000030,A_B_A,28,30,0.20000008900000002,32|31|32,1,31|32;31|32;31|32
00000247--b657952782--25,1000045,A_B_A,31,33,0.19966477800000001,46|51|46,1,46|51;46|51;46|51
00000247--b657952782--25,1000055,A_B_A,31,33,0.19966477800000001,58|55|58,1,55|58;55|58;55|58
00000247--b657952782--25,1000055,A_B_A,32,35,0.300521576,55|58|55,1,55|58;55|58;55|58
00000247--b657952782--25,1000052,A_B_A,34,36,0.19926916600000003,54|53|54,1,53|54;53|54;53|54
00000247--b657952782--25,1000055,A_B_A,34,36,0.19926916600000003,58|55|58,1,55|58;55|58;55|58
00000247--b657952782--25,1000080,A_B_A,40,43,0.299701492,53|77|53,1,53|77;53|77;53|77
00000247--b657952782--25,1000093,A_B_A,42,45,0.300479473,55|88|55,1,55|88;55|88;55|88
00000247--b657952782--25,1000117,A_B_A,66,69,0.299909972,107|106|107,1,106|107;106|107;106|107
00000247--b657952782--25,1000178,A_B_A,120,122,0.19757843700000002,177|162|177,1,162|177;162|177;162|177
00000247--b657952782--25,1000216,A_B_A,149,159,0.999404821,200|198|200,1,198|200;198|200;198|200
00000247--b657952782--25,1000257,A_B_A,183,185,0.20003184100000002,241|238|241,1,238|241;238|241;238|241
