key,route,segment,pid,members,member_count,start_scan,start_ns,scans,max_d_extent,max_y_extent,max_v_spread,end_scan,end_ns,duration_s,representatives,control_type
00000259--f920fb6ddd--39,00000259,39,1000000,1|3,2,2,2412688543178,598,3.0,0.09375,0.0,599,2472368957816,59.680414638,1,STABLE_MULTI_RETURN_MECHANICAL
00000259--f920fb6ddd--8,00000259,8,1000001,2|4,2,2,552678804574,598,2.75,0.1875,0.0,599,612398729670,59.719925096,2,STABLE_MULTI_RETURN_MECHANICAL
00000269--4014745f93--1,00000269,1,1000000,1|4,2,2,130986439423,598,1.25,0.6875,0.25,599,190585671957,59.599232534,1,STABLE_MULTI_RETURN_MECHANICAL
00000283--b395338ef9--46,00000283,46,1000003,4|5|10,3,2,3645796183906,598,1.75,0.15625,0.25,599,3705516173399,59.719989493,4,STABLE_MULTI_RETURN_MECHANICAL
00000299--4e4dc57170--5,00000299,5,1000000,1|3,2,2,370805534124,598,1.0,0.46875,0.0,599,430503844028,59.698309904,1,STABLE_MULTI_RETURN_MECHANICAL
00000254--0ac259250e--7,00000254,7,1000005,6|7,2,2,475821479461,597,2.75,1.4375,0.0,598,535370831301,59.54935184,6,STABLE_MULTI_RETURN_MECHANICAL
00000255--d1d0ee73c5--26,00000255,26,1000000,1|2,2,2,5313380844087,597,1.25,0.84375,0.0,598,5372980639518,59.599795431,1,STABLE_MULTI_RETURN_MECHANICAL
00000264--31b802e87a--33,00000264,33,1000003,4|24,2,2,2053153024793,597,2.5,0.96875,0.0,598,2112751991822,59.598967029,4,STABLE_MULTI_RETURN_MECHANICAL
0000027f--cb2a133365--24,0000027f,24,1000005,6|7,2,2,1512528381001,597,2.0,0.5625,0.0,598,1572118794054,59.590413053,6,STABLE_MULTI_RETURN_MECHANICAL
0000027f--cb2a133365--24,0000027f,24,1000010,11|13,2,2,1512528381001,597,2.75,0.59375,0.25,598,1572118794054,59.590413053,11,STABLE_MULTI_RETURN_MECHANICAL
00000294--307ed6c5e3--27,00000294,27,1000001,2|3,2,2,1728643834987,591,1.25,0.75,0.0,592,1787644134826,59.000299839,2,STABLE_MULTI_RETURN_MECHANICAL
0000027f--cb2a133365--5,0000027f,5,1000001,3|17,2,47,377050506241,553,2.75,0.25,0.0,599,432240880713,55.190374472,3,STABLE_MULTI_RETURN_MECHANICAL
00000259--f920fb6ddd--2,00000259,2,1000011,12|15,2,2,192478977793,538,2.0,0.46875,0.25,539,246330916940,53.851939147,12,STABLE_MULTI_RETURN_MECHANICAL
00000269--4014745f93--5,00000269,5,1000019,17|20,2,73,377946563944,526,2.0,0.21875,0.0,598,430406815184,52.46025124,20,STABLE_MULTI_RETURN_MECHANICAL
0000026b--4dfb361eee--3,0000026b,3,1000115,109|115,2,80,2483994712832,520,2.5,0.71875,0.25,599,2535894338644,51.899625812,109,STABLE_MULTI_RETURN_MECHANICAL
0000025b--22177da8d7--1,0000025b,1,1000022,4|8,2,111,143448588730,489,1.25,0.3125,0.0,599,192229064399,48.780475669,8,STABLE_MULTI_RETURN_MECHANICAL
00000259--f920fb6ddd--8,00000259,8,1000002,3|5,2,2,552678804574,485,2.25,0.46875,0.5,486,601101363266,48.422558692,3,STABLE_MULTI_RETURN_MECHANICAL
00000285--27dca1de75--33,00000285,33,1000076,96|147,2,122,2160411972679,477,1.75,1.3125,0.25,598,2208012538926,47.600566247,96,STABLE_MULTI_RETURN_MECHANICAL
00000266--f9c40304ea--18,00000266,18,1000079,75|105,2,137,1166326158072,463,2.25,0.53125,0.25,599,1212566468879,46.240310807,75,STABLE_MULTI_RETURN_MECHANICAL
00000257--d1cacb63a0--10,00000257,10,1000004,5|107,2,147,700643556717,452,1.5,0.5,0.0,598,745743655869,45.100099152,5,STABLE_MULTI_RETURN_MECHANICAL
00000257--d1cacb63a0--16,00000257,16,1000000,18|22,2,16,1047534782709,448,1.5,1.28125,0.25,463,1092234330227,44.699547518,18,STABLE_MULTI_RETURN_MECHANICAL
00000259--f920fb6ddd--1,00000259,1,1000196,179|183,2,163,148728783902,437,2.25,0.21875,0.25,599,192178783431,43.449999529,179,STABLE_MULTI_RETURN_MECHANICAL
0000027f--cb2a133365--23,0000027f,23,1000000,1|4,2,2,1452438900862,437,2.25,0.8125,0.25,438,1496028802813,43.589901951,1,STABLE_MULTI_RETURN_MECHANICAL
00000257--d1cacb63a0--16,00000257,16,1000007,16|27,2,31,1049034756444,424,1.5,0.25,0.25,454,1091334931610,42.300175166,16,STABLE_MULTI_RETURN_MECHANICAL
00000266--f9c40304ea--10,00000266,10,1000010,11|13,2,2,672976105463,423,2.25,0.1875,0.25,424,715146592658,42.170487195,11,STABLE_MULTI_RETURN_MECHANICAL
00000266--f9c40304ea--18,00000266,18,1000143,134|135,2,179,1170526679761,421,2.75,1.1875,0.25,599,1212566468879,42.039789118,134,STABLE_MULTI_RETURN_MECHANICAL
00000254--0ac259250e--13,00000254,13,1000008,9|10,2,77,843230224676,417,1.75,0.25,0.0,493,884821054672,41.590829996,10,STABLE_MULTI_RETURN_MECHANICAL
0000025d--70dff69b9d--15,0000025d,15,1000147,166|214,2,176,989238108864,417,2.25,0.78125,0.25,592,1030757885935,41.519777071,166,STABLE_MULTI_RETURN_MECHANICAL
00000257--d1cacb63a0--16,00000257,16,1000034,33|34,2,52,1051135179620,409,3.0,0.9375,0.0,460,1091934877009,40.799697389,33,STABLE_MULTI_RETURN_MECHANICAL
00000264--31b802e87a--36,00000264,36,1000003,4|6,2,2,2233151491215,402,1.0,0.53125,0.5,403,2273261529416,40.110038201,4,STABLE_MULTI_RETURN_MECHANICAL
00000266--f9c40304ea--18,00000266,18,1000019,40|163,2,201,1172726117421,399,2.5,0.75,0.25,599,1212566468879,39.840351458,40,STABLE_MULTI_RETURN_MECHANICAL
00000266--f9c40304ea--9,00000266,9,1000075,75|162,2,203,633086414108,397,2.25,0.21875,0.25,599,672676151049,39.589736941,75,STABLE_MULTI_RETURN_MECHANICAL
0000026a--171a0a1f5c--31,0000026a,31,1000256,245|247,2,148,1928776617217,386,2.0,0.65625,0.0,533,1967263836594,38.487219377,245,STABLE_MULTI_RETURN_MECHANICAL
0000026a--171a0a1f5c--31,0000026a,31,1000049,39|216,2,127,1926674235924,381,2.25,0.65625,0.0,507,1964663907278,37.989671354,39|216,STABLE_MULTI_RETURN_MECHANICAL
00000254--0ac259250e--6,00000254,6,1000192,202|204,2,223,437900717850,376,2.75,1.28125,0.25,598,475420471316,37.519753466,204,STABLE_MULTI_RETURN_MECHANICAL
0000025d--70dff69b9d--15,0000025d,15,1000198,199|240,2,227,994337285988,373,1.75,0.3125,0.25,599,1031458308571,37.121022583,199,STABLE_MULTI_RETURN_MECHANICAL
00000266--f9c40304ea--18,00000266,18,1000198,186|188,2,227,1175325893458,373,3.0,0.65625,0.0,599,1212566468879,37.240575421,186,STABLE_MULTI_RETURN_MECHANICAL
00000254--0ac259250e--25,00000254,25,1000060,55|60,2,68,1562261331089,368,2.25,0.59375,0.5,435,1598960126235,36.698795146,55,STABLE_MULTI_RETURN_MECHANICAL
0000027f--cb2a133365--5,0000027f,5,1000008,9|166,2,202,392548219553,365,1.25,0.875,0.75,566,428948804028,36.400584475,9,STABLE_MULTI_RETURN_MECHANICAL
00000259--f920fb6ddd--7,00000259,7,1000254,242|247,2,238,516279701789,362,2.25,0.3125,0.25,599,552378762611,36.099060822,242,STABLE_MULTI_RETURN_MECHANICAL
00000247--b657952782--9,00000247,9,1000001,2|9,2,2,611312811705,359,3.0,1.0625,0.5,360,647114054459,35.801242754,2,STABLE_MULTI_RETURN_MECHANICAL
0000029b--52f66a3abc--25,0000029b,25,1000173,166|249,2,244,1621560210967,355,2.25,1.4375,0.0,598,1656949406495,35.389195528,166,STABLE_MULTI_RETURN_MECHANICAL
000002a2--b53d86b8b1--14,000002a2,14,1000185,176|177,2,269,937017098260,331,2.0,0.59375,0.25,599,970056825370,33.03972711,176,STABLE_MULTI_RETURN_MECHANICAL
00000269--4014745f93--4,00000269,4,1000239,233|301,2,272,337865902143,327,2.25,0.40625,0.25,598,370446462691,32.580560548,233,STABLE_MULTI_RETURN_MECHANICAL
0000025b--22177da8d7--2,0000025b,2,1000000,1|9,2,2,192530526543,321,1.25,0.28125,0.0,322,224528511168,31.997984625,1,STABLE_MULTI_RETURN_MECHANICAL
000002a2--b53d86b8b1--14,000002a2,14,1000200,180|191,2,280,938117652913,320,2.25,0.71875,0.25,599,970056825370,31.939172457,191,STABLE_MULTI_RETURN_MECHANICAL
00000266--f9c40304ea--20,00000266,20,1000003,5|6,2,281,1300806544764,319,1.5,0.21875,0.0,599,1332616428184,31.80988342,6,STABLE_MULTI_RETURN_MECHANICAL
0000025d--70dff69b9d--11,0000025d,11,1000001,2|31,2,163,747982270959,318,1.5,1.21875,0.25,480,779702986541,31.720715582,2,STABLE_MULTI_RETURN_MECHANICAL
00000255--d1d0ee73c5--31,00000255,31,1000212,205|344,2,284,5641560470796,316,1.0,0.125,0.0,599,5673060291700,31.499820904,205,STABLE_MULTI_RETURN_MECHANICAL
000002a2--b53d86b8b1--14,000002a2,14,1000187,192|194,2,284,938516542283,316,2.25,0.375,0.25,599,970056825370,31.540283087,192,STABLE_MULTI_RETURN_MECHANICAL
00000247--b657952782--39,00000247,39,1000294,304|329,2,260,2437132822141,314,1.5,0.8125,0.0,573,2468432862990,31.300040849,304,STABLE_MULTI_RETURN_MECHANICAL
0000027f--cb2a133365--23,0000027f,23,1000010,11|12|14,3,2,1452438900862,314,2.75,0.1875,0.0,315,1483727895572,31.28899471,11,STABLE_MULTI_RETURN_MECHANICAL
0000026a--171a0a1f5c--31,0000026a,31,1000254,243|244,2,148,1928776617217,313,2.0,0.40625,0.0,460,1959964745656,31.188128439,243,STABLE_MULTI_RETURN_MECHANICAL
00000247--b657952782--34,00000247,34,1000059,60|68,2,62,2117304659432,308,1.25,0.59375,0.25,369,2148013056201,30.708396769,60,STABLE_MULTI_RETURN_MECHANICAL
0000027f--cb2a133365--27,0000027f,27,1000027,14|26,2,78,1700108541741,307,1.5,0.78125,0.25,384,1730698722601,30.59018086,26,STABLE_MULTI_RETURN_MECHANICAL
0000027f--cb2a133365--12,0000027f,12,1000178,173|248,2,243,816608573207,303,1.25,1.28125,0.0,545,846798728705,30.190155498,173,STABLE_MULTI_RETURN_MECHANICAL
00000266--f9c40304ea--18,00000266,18,1000015,16|19,2,155,1168126767730,297,2.5,0.09375,0.25,451,1197756266101,29.629498371,16,STABLE_MULTI_RETURN_MECHANICAL
0000027f--cb2a133365--3,0000027f,3,1000002,3|11,2,2,252548076121,297,2.5,0.71875,0.0,298,282149800256,29.601724135,3,STABLE_MULTI_RETURN_MECHANICAL
00000255--d1d0ee73c5--25,00000255,25,1000160,142|149,2,310,5284181098628,289,1.25,0.8125,0.0,598,5312980487672,28.799389044,142,STABLE_MULTI_RETURN_MECHANICAL
00000259--f920fb6ddd--2,00000259,2,1000089,71|80,2,232,215519452697,288,2.0,0.8125,0.25,519,244308812766,28.789360069,71,STABLE_MULTI_RETURN_MECHANICAL
00000280--91181081d4--34,00000280,34,1000340,326|329|332,3,315,4536730548342,285,3.0,0.875,0.25,599,4565130524809,28.399976467,326,STABLE_MULTI_RETURN_MECHANICAL
00000266--f9c40304ea--22,00000266,22,1000254,179|204,2,317,1424425812615,283,2.0,0.53125,1.0,599,1452606555509,28.180742894,179,STABLE_MULTI_RETURN_MECHANICAL
0000027f--cb2a133365--26,0000027f,26,1000268,247|254,2,319,1664208285098,281,1.75,0.28125,0.0,599,1692208320379,28.000035281,254,STABLE_MULTI_RETURN_MECHANICAL
00000254--0ac259250e--16,00000254,16,1000003,4|65,2,187,1034210523284,267,2.0,0.3125,0.25,453,1060801581363,26.591058079,4,STABLE_MULTI_RETURN_MECHANICAL
00000280--91181081d4--34,00000280,34,1000014,15|336,2,333,4538529842853,267,1.25,0.1875,0.25,599,4565130524809,26.600681956,15,STABLE_MULTI_RETURN_MECHANICAL
00000266--f9c40304ea--20,00000266,20,1000003,5|6|28,3,24,1275106265948,257,3.0,0.1875,0.0,280,1300706520599,25.600254651,5|6,STABLE_MULTI_RETURN_MECHANICAL
00000257--d1cacb63a0--24,00000257,24,1000000,1|9,2,18,1527704224489,256,2.0,0.9375,0.5,273,1553204810791,25.500586302,1,STABLE_MULTI_RETURN_MECHANICAL
0000026a--171a0a1f5c--31,0000026a,31,1000259,248|252,2,150,1928974422389,256,2.0,0.78125,0.0,405,1954463807852,25.489385463,248,STABLE_MULTI_RETURN_MECHANICAL
00000299--4e4dc57170--2,00000299,2,1000215,207|213,2,310,221623918644,256,2.0,0.59375,0.75,565,247113704221,25.489785577,207|213,STABLE_MULTI_RETURN_MECHANICAL
00000266--f9c40304ea--16,00000266,16,1000299,279|288,2,312,1063837345352,254,1.5,0.75,1.0,565,1089135916924,25.298571572,279,STABLE_MULTI_RETURN_MECHANICAL
00000259--f920fb6ddd--2,00000259,2,1000013,14|86,2,253,217638998175,249,2.0,1.5,0.0,501,242508571519,24.869573344,14,STABLE_MULTI_RETURN_MECHANICAL
0000029b--52f66a3abc--2,0000029b,2,1000001,2|11,2,29,220060583119,249,2.0,0.59375,0.5,277,244859117300,24.798534181,2,STABLE_MULTI_RETURN_MECHANICAL
00000257--d1cacb63a0--24,00000257,24,1000081,81|82,2,33,1529204230049,248,2.25,0.59375,0.25,280,1553904828715,24.700598666,81,STABLE_MULTI_RETURN_MECHANICAL
0000029b--52f66a3abc--2,0000029b,2,1000049,48|50,2,340,251159095608,248,0.75,1.34375,0.0,587,275849046022,24.689950414,48,STABLE_MULTI_RETURN_MECHANICAL
00000254--0ac259250e--11,00000254,11,1000582,565|571,2,357,751240795944,242,2.5,0.21875,0.25,598,775341046159,24.100250215,565,STABLE_MULTI_RETURN_MECHANICAL
00000257--d1cacb63a0--3,00000257,3,1000000,1|7,2,2,266043620831,239,1.25,0.1875,0.25,240,289842854060,23.799233229,1,STABLE_MULTI_RETURN_MECHANICAL
00000261--4ff9c41127--10,00000261,10,1000020,21|116,2,63,773347818550,239,2.5,0.4375,0.5,301,797147213799,23.799395249,21,STABLE_MULTI_RETURN_MECHANICAL
0000027f--cb2a133365--23,0000027f,23,1000010,14|25,2,362,1488427997262,238,2.75,0.40625,0.0,599,1512128330576,23.700333314,14,STABLE_MULTI_RETURN_MECHANICAL
00000299--4e4dc57170--6,00000299,6,1000000,1|3,2,2,430803279434,235,1.0,0.46875,0.0,236,454204881173,23.401601739,1,STABLE_MULTI_RETURN_MECHANICAL
000002a2--b53d86b8b1--25,000002a2,25,1000010,11|15,2,2,1570447331917,232,1.25,0.625,0.0,233,1593546437414,23.099105497,11,STABLE_MULTI_RETURN_MECHANICAL
00000254--0ac259250e--11,00000254,11,1000571,559|589,2,368,752340461148,231,1.25,0.71875,0.0,598,775341046159,23.000585011,559,STABLE_MULTI_RETURN_MECHANICAL
0000026b--4dfb361eee--10,0000026b,10,1000065,66|136,2,138,2909794547547,230,2.25,0.28125,0.5,367,2932694590857,22.90004331,66,STABLE_MULTI_RETURN_MECHANICAL
00000252--d191bee66c--0,00000252,0,1000000,1|2|3,3,0,72218209867,228,2.25,1.125,0.25,227,95338783024,23.120573157,1,STABLE_MULTI_RETURN_MECHANICAL
00000259--f920fb6ddd--1,00000259,1,1000227,203|253,2,374,169698556641,226,2.0,0.96875,0.0,599,192178783431,22.48022679,203,STABLE_MULTI_RETURN_MECHANICAL
00000254--0ac259250e--11,00000254,11,1000523,510|578,2,375,753040961837,224,1.25,0.65625,0.0,598,775341046159,22.300084322,510,STABLE_MULTI_RETURN_MECHANICAL
00000264--31b802e87a--2,00000264,2,1000204,170|187,2,376,230521562113,224,1.0,1.5,0.25,599,252821874025,22.300311912,170,STABLE_MULTI_RETURN_MECHANICAL
00000264--31b802e87a--37,00000264,37,1000002,3|5,2,2,2293162428640,224,1.0,0.71875,0.5,225,2315473726710,22.31129807,3,STABLE_MULTI_RETURN_MECHANICAL
00000257--d1cacb63a0--16,00000257,16,1000094,11|131,2,193,1065234138592,218,1.25,0.46875,0.0,410,1086934909162,21.70077057,11,STABLE_MULTI_RETURN_MECHANICAL
00000267--5bcd0e5bb8--16,00000267,16,1000311,270|271,2,385,3207545829447,215,1.75,1.3125,0.0,599,3228946000841,21.400171394,270,STABLE_MULTI_RETURN_MECHANICAL
00000254--0ac259250e--18,00000254,18,1000073,72|91,2,107,1146191113199,214,1.5,1.46875,0.25,320,1167490817992,21.299704793,72,STABLE_MULTI_RETURN_MECHANICAL
00000254--0ac259250e--25,00000254,25,1000082,71|78|108,3,202,1575662980294,214,3.0,0.875,0.25,415,1596960824407,21.297844113,71,STABLE_MULTI_RETURN_MECHANICAL
00000259--f920fb6ddd--2,00000259,2,1000003,40|45,2,114,203669309480,214,2.75,0.40625,0.0,327,225079185883,21.409876403,40,STABLE_MULTI_RETURN_MECHANICAL
00000247--b657952782--34,00000247,34,1000059,68|139,2,386,2149712681060,213,1.25,0.59375,0.0,598,2170913143206,21.200462146,68,STABLE_MULTI_RETURN_MECHANICAL
0000029b--52f66a3abc--25,0000029b,25,1000352,337|366,2,323,1629459663034,210,2.0,0.625,0.0,532,1650350704522,20.891041488,337,STABLE_MULTI_RETURN_MECHANICAL
0000026a--171a0a1f5c--31,0000026a,31,1000260,249|260,2,197,1933674512499,209,2.0,0.5,0.0,405,1954463807852,20.789295353,249,STABLE_MULTI_RETURN_MECHANICAL
00000247--b657952782--8,00000247,8,1000177,157|168|169,3,389,590023307748,208,2.5,0.78125,0.25,596,610712308773,20.689001025,157,STABLE_MULTI_RETURN_MECHANICAL
00000261--4ff9c41127--0,00000261,0,1000021,22|23,2,0,165027194741,205,3.0,1.5,0.25,204,185847705937,20.820511196,22,STABLE_MULTI_RETURN_MECHANICAL
00000264--31b802e87a--27,00000264,27,1000001,2|27,2,208,1713681168764,201,2.5,0.40625,0.25,408,1733681864843,20.000696079,2,STABLE_MULTI_RETURN_MECHANICAL
00000283--b395338ef9--46,00000283,46,1000006,7|18,2,2,3645796183906,201,2.0,0.71875,0.5,202,3665806070982,20.009887076,7,STABLE_MULTI_RETURN_MECHANICAL
0000026a--171a0a1f5c--31,0000026a,31,1000272,261|263,2,205,1934474433552,200,2.0,0.84375,0.0,404,1954364800769,19.890367217,261,STABLE_MULTI_RETURN_MECHANICAL
00000255--d1d0ee73c5--32,00000255,32,1000001,2|7,2,2,5673360464632,197,1.0,0.21875,0.5,198,5692960811305,19.600346673,2,STABLE_MULTI_RETURN_MECHANICAL
00000283--b395338ef9--46,00000283,46,1000015,16|56,2,309,3676506286302,195,2.0,0.5,0.25,503,3695916675962,19.41038966,56,STABLE_MULTI_RETURN_MECHANICAL
00000257--d1cacb63a0--23,00000257,23,1000044,42|65,2,162,1482106574161,194,2.0,1.28125,0.0,355,1501406260727,19.299686566,42,STABLE_MULTI_RETURN_MECHANICAL
00000280--91181081d4--41,00000280,41,1000383,357|388,2,406,4966000178844,194,1.5,0.5,0.25,599,4985300907080,19.300728236,388,STABLE_MULTI_RETURN_MECHANICAL
00000255--d1d0ee73c5--36,00000255,36,1000003,4|132,2,409,5954040733433,191,2.5,0.40625,0.25,599,5973040699329,18.999965896,4,STABLE_MULTI_RETURN_MECHANICAL
00000266--f9c40304ea--16,00000266,16,1000322,302|303,2,355,1068145935303,191,1.5,0.71875,0.25,545,1087136006219,18.990070916,302,STABLE_MULTI_RETURN_MECHANICAL
00000255--d1d0ee73c5--27,00000255,27,1000000,1|2,2,2,5373380730496,189,1.25,0.8125,0.0,190,5392170820669,18.790090173,1,STABLE_MULTI_RETURN_MECHANICAL
00000267--5bcd0e5bb8--2,00000267,2,1000372,306|331,2,411,2370265935575,189,3.0,1.4375,0.25,599,2389065875970,18.799940395,306,STABLE_MULTI_RETURN_MECHANICAL
00000259--f920fb6ddd--2,00000259,2,1000004,5|59,2,154,207669452674,188,1.25,0.1875,0.0,341,226490332454,18.82087978,5,STABLE_MULTI_RETURN_MECHANICAL
00000285--27dca1de75--34,00000285,34,1000004,5|12,2,2,2208411957432,187,1.25,0.5,0.0,188,2227011432987,18.599475555,5,STABLE_MULTI_RETURN_MECHANICAL
00000285--27dca1de75--34,00000285,34,1000007,8|9,2,2,2208411957432,187,2.25,1.125,0.0,188,2227011432987,18.599475555,8,STABLE_MULTI_RETURN_MECHANICAL
00000285--27dca1de75--34,00000285,34,1000010,11|16,2,2,2208411957432,187,1.75,0.875,0.0,188,2227011432987,18.599475555,11,STABLE_MULTI_RETURN_MECHANICAL
00000254--0ac259250e--31,00000254,31,1000000,6|108,2,414,1956930149477,186,0.75,1.03125,0.0,599,1975430564605,18.500415128,6,STABLE_MULTI_RETURN_MECHANICAL
00000257--d1cacb63a0--6,00000257,6,1000117,108|109,2,204,466332717709,186,2.0,1.375,0.25,389,484833640341,18.500922632,108,STABLE_MULTI_RETURN_MECHANICAL
00000273--d384c0a41a--42,00000273,42,1000282,272|329,2,375,2611730606168,186,1.0,0.03125,0.25,560,2630229835660,18.499229492,272,STABLE_MULTI_RETURN_MECHANICAL
00000254--0ac259250e--15,00000254,15,1000175,174|207,2,310,986510573566,185,1.75,0.46875,0.25,494,1004912670325,18.402096759,174,STABLE_MULTI_RETURN_MECHANICAL
00000264--31b802e87a--33,00000264,33,1000006,7|20,2,2,2053153024793,184,2.25,1.1875,0.0,185,2071451293320,18.298268527,7,STABLE_MULTI_RETURN_MECHANICAL
0000027f--cb2a133365--2,0000027f,2,1000295,270|319,2,415,233848627081,184,2.75,0.625,0.0,598,252148408287,18.299781206,270,STABLE_MULTI_RETURN_MECHANICAL
00000267--5bcd0e5bb8--2,00000267,2,1000386,319|340,2,417,2370866639248,183,3.0,0.5625,0.0,599,2389065875970,18.199236722,319,STABLE_MULTI_RETURN_MECHANICAL
00000261--4ff9c41127--0,00000261,0,1000015,16|21,2,0,165027194741,180,1.0,1.03125,0.25,179,183347567781,18.32037304,16,STABLE_MULTI_RETURN_MECHANICAL
0000027f--cb2a133365--2,0000027f,2,1000295,270|280,2,229,215248650574,178,2.5,0.96875,0.25,406,232948106156,17.699455582,270,STABLE_MULTI_RETURN_MECHANICAL
0000027f--cb2a133365--26,0000027f,26,1000318,285|286,2,422,1674508820596,178,1.5,1.0625,0.25,599,1692208320379,17.699499783,285,STABLE_MULTI_RETURN_MECHANICAL
00000267--5bcd0e5bb8--16,00000267,16,1000152,149|294,2,424,3211445641947,176,3.0,1.375,0.5,599,3228946000841,17.500358894,149,STABLE_MULTI_RETURN_MECHANICAL
000002a2--b53d86b8b1--28,000002a2,28,1000001,2|3|18,3,173,1767548475387,170,2.0,0.09375,0.0,342,1784456921941,16.908446554,2,STABLE_MULTI_RETURN_MECHANICAL
00000267--5bcd0e5bb8--19,00000267,19,1000091,17|45,2,164,3365596693163,168,2.0,0.15625,0.25,331,3382296112121,16.699418958,45,STABLE_MULTI_RETURN_MECHANICAL
00000280--91181081d4--41,00000280,41,1000422,394|405,2,433,4968701798499,167,2.0,0.53125,0.5,599,4985300907080,16.599108581,394,STABLE_MULTI_RETURN_MECHANICAL
00000280--91181081d4--41,00000280,41,1000432,401|407,2,434,4968800482437,166,2.25,1.46875,0.25,599,4985300907080,16.500424643,401,STABLE_MULTI_RETURN_MECHANICAL
00000254--0ac259250e--32,00000254,32,1000006,7|9,2,2,1975730496377,165,0.75,1.0,0.0,166,1992130067670,16.399571293,7,STABLE_MULTI_RETURN_MECHANICAL
00000264--31b802e87a--32,00000264,32,1000411,359|449,2,435,2036361772248,165,2.5,0.5625,0.25,599,2052761868671,16.400096423,359,STABLE_MULTI_RETURN_MECHANICAL
00000267--5bcd0e5bb8--15,00000267,15,1000138,134|243,2,434,3152558508802,165,2.0,0.3125,0.25,598,3168955962055,16.397453253,134,STABLE_MULTI_RETURN_MECHANICAL
000002a2--b53d86b8b1--13,000002a2,13,1000250,201|228,2,435,893506783388,165,2.5,0.75,0.0,599,909896785508,16.39000212,228,STABLE_MULTI_RETURN_MECHANICAL
00000266--f9c40304ea--20,00000266,20,1000111,4|194,2,432,1315915899573,164,2.0,0.1875,0.5,595,1332216506051,16.300606478,194,STABLE_MULTI_RETURN_MECHANICAL
0000027f--cb2a133365--27,0000027f,27,1000005,6|12,2,2,1692501219928,164,1.75,0.78125,0.25,165,1708798531557,16.297311629,6,STABLE_MULTI_RETURN_MECHANICAL
00000259--f920fb6ddd--2,00000259,2,1000133,101|106,2,367,229088796083,162,2.75,0.3125,0.25,528,245218907579,16.130111496,101,STABLE_MULTI_RETURN_MECHANICAL
00000247--b657952782--33,00000247,33,1000053,51|59,2,102,2061303251465,161,1.5,0.40625,0.75,262,2077302917956,15.999666491,51,STABLE_MULTI_RETURN_MECHANICAL
00000264--31b802e87a--27,00000264,27,1000001,2|27,2,440,1736881326334,160,2.5,0.59375,0.25,599,1752781026569,15.899700235,2,STABLE_MULTI_RETURN_MECHANICAL
00000254--0ac259250e--13,00000254,13,1000029,30|52,2,212,856722136405,159,1.5,0.625,0.0,370,872520964337,15.798827932,30,STABLE_MULTI_RETURN_MECHANICAL
00000267--5bcd0e5bb8--16,00000267,16,1000001,2|9,2,2,3169256034777,159,2.0,0.28125,0.25,160,3185056348840,15.800314063,2,STABLE_MULTI_RETURN_MECHANICAL
00000264--31b802e87a--1,00000264,1,1000000,1|5,2,2,133071661129,158,2.5,1.0625,0.0,159,148782408500,15.710747371,1,STABLE_MULTI_RETURN_MECHANICAL
000002a2--b53d86b8b1--28,000002a2,28,1000016,3|17,2,17,1751956785227,156,1.75,0.75,0.25,172,1767448139989,15.491354762,17,STABLE_MULTI_RETURN_MECHANICAL
0000026b--4dfb361eee--3,0000026b,3,1000013,183|271,2,216,2497595845398,154,2.0,1.21875,0.0,369,2512894716215,15.298870817,183,STABLE_MULTI_RETURN_MECHANICAL
00000254--0ac259250e--16,00000254,16,1000003,4|6,2,2,1015710750116,153,2.0,0.625,0.25,154,1030910735573,15.199985457,4,STABLE_MULTI_RETURN_MECHANICAL
0000027f--cb2a133365--23,0000027f,23,1000000,1|43,2,447,1496928133413,153,2.25,1.0,0.0,599,1512128330576,15.200197163,43,STABLE_MULTI_RETURN_MECHANICAL
00000267--5bcd0e5bb8--16,00000267,16,1000001,2|9,2,450,3214045985071,150,2.75,0.625,0.5,599,3228946000841,14.90001577,2,STABLE_MULTI_RETURN_MECHANICAL
00000267--5bcd0e5bb8--19,00000267,19,1000129,105|111,2,182,3367396425029,150,1.75,1.21875,0.0,331,3382296112121,14.899687092,105,STABLE_MULTI_RETURN_MECHANICAL
00000266--f9c40304ea--9,00000266,9,1000255,246|260,2,257,638486673436,149,2.25,1.03125,0.0,405,653286081903,14.799408467,246,STABLE_MULTI_RETURN_MECHANICAL
0000027f--cb2a133365--27,0000027f,27,1000003,4|10,2,2,1692501219928,149,2.0,1.0,0.0,150,1707299139142,14.797919214,4,STABLE_MULTI_RETURN_MECHANICAL
00000266--f9c40304ea--16,00000266,16,1000191,178|232|277,3,323,1064946635252,146,2.5,0.5625,0.0,468,1079436394389,14.489759137,232,STABLE_MULTI_RETURN_MECHANICAL
00000254--0ac259250e--14,00000254,14,1000005,6|7,2,2,895720456307,145,2.0,0.40625,0.0,146,910120442930,14.399986623,6,STABLE_MULTI_RETURN_MECHANICAL
00000259--f920fb6ddd--2,00000259,2,1000004,5|59,2,364,228789193799,144,1.25,0.03125,0.5,507,243108629522,14.319435723,5,STABLE_MULTI_RETURN_MECHANICAL
00000257--d1cacb63a0--6,00000257,6,1000132,123|125|126,3,231,469033612549,143,2.25,1.03125,0.0,373,483235314442,14.201701893,123,STABLE_MULTI_RETURN_MECHANICAL
00000257--d1cacb63a0--8,00000257,8,1000526,471|524,2,446,610533124319,143,2.0,0.5,0.0,588,624734668624,14.201544305,471,STABLE_MULTI_RETURN_MECHANICAL
00000269--4014745f93--4,00000269,4,1000417,402|403,2,398,350456450434,142,2.25,0.78125,0.25,539,364545945121,14.089494687,402,STABLE_MULTI_RETURN_MECHANICAL
00000280--91181081d4--37,00000280,37,1000140,148|180,2,243,4709510950623,142,2.75,1.1875,0.0,384,4723610762834,14.099812211,148,STABLE_MULTI_RETURN_MECHANICAL
00000250--8354d55131--0,00000250,0,1000000,1|2|6,3,0,53798346227,141,1.75,0.15625,0.0,140,67798106587,13.99976036,1,STABLE_MULTI_RETURN_MECHANICAL
0000026a--171a0a1f5c--32,0000026a,32,1000025,26|28,2,2,1974164076136,141,2.25,0.34375,0.25,142,1988154226218,13.990150082,26,STABLE_MULTI_RETURN_MECHANICAL
00000259--f920fb6ddd--38,00000259,38,1000467,420|438,2,460,2398488906002,140,3.0,0.3125,0.0,599,2412389684368,13.900778366,420,STABLE_MULTI_RETURN_MECHANICAL
0000027f--cb2a133365--22,0000027f,22,1000010,281|318|337,3,460,1438338823278,139,2.75,0.46875,0.25,598,1452140464797,13.801641519,281,STABLE_MULTI_RETURN_MECHANICAL
0000026a--171a0a1f5c--31,0000026a,31,1000292,278|279,2,240,1937974848920,138,2.0,0.8125,0.0,377,1951664416674,13.689567754,279,STABLE_MULTI_RETURN_MECHANICAL
00000257--d1cacb63a0--9,00000257,9,1000002,3|30,2,154,641332965174,137,2.0,1.1875,0.0,290,654943269169,13.610303995,30,STABLE_MULTI_RETURN_MECHANICAL
00000294--307ed6c5e3--27,00000294,27,1000000,1|35,2,463,1774744696789,137,2.75,1.25,0.0,599,1788345592013,13.600895224,1,STABLE_MULTI_RETURN_MECHANICAL
00000254--0ac259250e--23,00000254,23,1000051,51|58,2,47,1440171544341,136,2.25,0.59375,0.25,182,1453670821371,13.49927703,51,STABLE_MULTI_RETURN_MECHANICAL
00000280--91181081d4--29,00000280,29,1000090,82|119,2,183,4223569895099,136,2.25,1.25,0.25,318,4237070512505,13.500617406,82,STABLE_MULTI_RETURN_MECHANICAL
00000257--d1cacb63a0--6,00000257,6,1000000,1|13,2,2,446133493689,135,2.25,0.9375,0.5,136,459532942882,13.399449193,1,STABLE_MULTI_RETURN_MECHANICAL
00000259--f920fb6ddd--2,00000259,2,1000001,3|70|82,3,234,215719397287,134,2.5,0.46875,0.0,367,229088796083,13.369398796,3,STABLE_MULTI_RETURN_MECHANICAL
00000255--d1d0ee73c5--22,00000255,22,1000283,278|280,2,412,5114383192160,133,2.0,0.96875,1.25,544,5127590656747,13.207464587,278,STABLE_MULTI_RETURN_MECHANICAL
00000254--0ac259250e--35,00000254,35,1000145,136|154,2,221,2177611758814,131,1.75,0.84375,0.25,351,2190610449374,12.99869056,136,STABLE_MULTI_RETURN_MECHANICAL
00000257--d1cacb63a0--2,00000257,2,1000395,371|455|457,3,469,252744212912,131,3.0,0.3125,0.25,599,265743116823,12.998903911,371,STABLE_MULTI_RETURN_MECHANICAL
0000027f--cb2a133365--10,0000027f,10,1000080,54|55,2,462,718518906202,131,2.5,0.8125,0.25,592,731518849758,12.999943556,54,STABLE_MULTI_RETURN_MECHANICAL
00000259--f920fb6ddd--32,00000259,32,1000259,253|254,2,470,2039538779551,130,2.75,1.15625,0.25,599,2052439476679,12.900697128,253,STABLE_MULTI_RETURN_MECHANICAL
0000029b--52f66a3abc--25,0000029b,25,1000127,153|386,2,348,1631959157666,129,2.25,0.75,0.0,476,1644759651880,12.800494214,153,STABLE_MULTI_RETURN_MECHANICAL
00000247--b657952782--5,00000247,5,1000271,260|264,2,243,395442778592,128,2.25,0.71875,0.25,370,408143117393,12.700338801,260|264,STABLE_MULTI_RETURN_MECHANICAL
00000254--0ac259250e--32,00000254,32,1000006,7|132,2,476,2023130504374,124,0.75,0.84375,0.0,599,2035433289732,12.302785358,7,STABLE_MULTI_RETURN_MECHANICAL
00000257--d1cacb63a0--29,00000257,29,1000226,200|316,2,313,1857284821461,124,1.75,0.875,0.5,436,1869585299482,12.300478021,200,STABLE_MULTI_RETURN_MECHANICAL
00000257--d1cacb63a0--9,00000257,9,1000222,206|210,2,199,645833327623,124,1.5,1.09375,0.0,322,658142553029,12.309225406,206,STABLE_MULTI_RETURN_MECHANICAL
00000259--f920fb6ddd--2,00000259,2,1000004,5|17,2,2,192478977793,124,1.25,0.1875,0.25,125,204768903415,12.289925622,5,STABLE_MULTI_RETURN_MECHANICAL
00000266--f9c40304ea--18,00000266,18,1000015,16|19,2,457,1198357382316,124,2.75,0.28125,0.5,580,1210668372111,12.310989795,16,STABLE_MULTI_RETURN_MECHANICAL
0000027f--cb2a133365--9,0000027f,9,1000013,14|42,2,143,626628521788,124,1.5,0.53125,0.0,266,638928206380,12.299684592,14,STABLE_MULTI_RETURN_MECHANICAL
00000255--d1d0ee73c5--23,00000255,23,1000002,3|4,2,2,5133390863216,123,1.0,0.75,0.0,124,5145591119761,12.200256545,3,STABLE_MULTI_RETURN_MECHANICAL
0000025d--70dff69b9d--11,0000025d,11,1000047,48|63,2,325,764192137624,123,1.75,0.53125,0.25,447,776393312515,12.201174891,48,STABLE_MULTI_RETURN_MECHANICAL
00000299--4e4dc57170--5,00000299,5,1000043,40|69,2,413,411903966292,123,2.0,0.4375,0.0,535,424103366683,12.199400391,40,STABLE_MULTI_RETURN_MECHANICAL
000002a2--b53d86b8b1--28,000002a2,28,1000001,2|18,2,50,1755247338075,123,1.0,0.46875,0.0,172,1767448139989,12.200801914,2,STABLE_MULTI_RETURN_MECHANICAL
00000257--d1cacb63a0--0,00000257,0,1000000,1|5,2,0,83853628664,122,1.25,0.125,0.25,121,96054415290,12.200786626,1,STABLE_MULTI_RETURN_MECHANICAL
00000257--d1cacb63a0--6,00000257,6,1000013,14|16,2,15,447432865241,121,2.0,1.21875,0.25,135,459432728371,11.99986313,14,STABLE_MULTI_RETURN_MECHANICAL
0000026b--4dfb361eee--1,0000026b,1,1000285,224|248,2,273,2383294914184,121,3.0,0.84375,0.25,393,2395294327816,11.999413632,224,STABLE_MULTI_RETURN_MECHANICAL
00000255--d1d0ee73c5--37,00000255,37,1000006,7|8,2,2,5973340772607,120,2.5,0.4375,0.25,121,5985240440600,11.899667993,7,STABLE_MULTI_RETURN_MECHANICAL
00000285--27dca1de75--31,00000285,31,1000503,440|443,2,413,2069521844904,119,2.25,1.40625,0.25,531,2081323766793,11.801921889,440,STABLE_MULTI_RETURN_MECHANICAL
0000026a--171a0a1f5c--31,0000026a,31,1000013,14|17,2,15,1915474584538,118,2.0,0.65625,0.0,132,1927176063514,11.701478976,14|17,STABLE_MULTI_RETURN_MECHANICAL
00000254--0ac259250e--11,00000254,11,1000626,675|701,2,482,763740549270,117,2.0,0.625,0.5,598,775341046159,11.600496889,675,STABLE_MULTI_RETURN_MECHANICAL
00000269--4014745f93--0,00000269,0,1000354,303|314,2,503,119076155743,117,1.25,0.59375,0.0,619,130685633916,11.609478173,303,STABLE_MULTI_RETURN_MECHANICAL
0000026a--171a0a1f5c--17,0000026a,17,1000009,10|26,2,26,1076494437726,117,1.0,0.78125,0.25,142,1088094698961,11.600261235,10,STABLE_MULTI_RETURN_MECHANICAL
0000027f--cb2a133365--22,0000027f,22,1000388,339|342,2,482,1440538540792,117,2.25,0.78125,0.0,598,1452140464797,11.601924005,342,STABLE_MULTI_RETURN_MECHANICAL
00000257--d1cacb63a0--5,00000257,5,1000466,441|483,2,484,434233036692,116,3.0,0.875,0.5,599,445733181420,11.500144728,441,STABLE_MULTI_RETURN_MECHANICAL
000002a2--b53d86b8b1--24,000002a2,24,1000127,146|221,2,484,1558646508326,116,1.25,0.6875,0.0,599,1570139141253,11.492632927,146,STABLE_MULTI_RETURN_MECHANICAL
00000254--0ac259250e--15,00000254,15,1000027,28|242,2,485,1004010375793,115,1.25,0.625,0.25,599,1015411133124,11.400757331,28,STABLE_MULTI_RETURN_MECHANICAL
0000025d--70dff69b9d--9,0000025d,9,1000066,64|98|103,3,175,629152516675,114,3.0,0.78125,0.0,288,640452581595,11.30006492,64,STABLE_MULTI_RETURN_MECHANICAL
00000257--d1cacb63a0--18,00000257,18,1000010,11|15,2,2,1166125205279,113,1.5,1.125,0.0,114,1177324644149,11.19943887,11,STABLE_MULTI_RETURN_MECHANICAL
00000259--f920fb6ddd--40,00000259,40,1000000,1|4,2,2,2472670652289,113,3.0,0.1875,0.5,114,2483868814275,11.198161986,1,STABLE_MULTI_RETURN_MECHANICAL
0000025d--70dff69b9d--10,0000025d,10,1000333,320|340,2,469,718561704961,113,1.5,0.90625,0.0,581,729772421538,11.210716577,320,STABLE_MULTI_RETURN_MECHANICAL
0000029b--52f66a3abc--25,0000029b,25,1000127,122|153,2,136,1610759529239,113,2.25,1.15625,0.0,248,1621958921203,11.199391964,122|153,STABLE_MULTI_RETURN_MECHANICAL
00000254--0ac259250e--36,00000254,36,1000169,160|161,2,488,2264310190549,112,1.5,0.9375,0.25,599,2275410528200,11.100337651,160,STABLE_MULTI_RETURN_MECHANICAL
00000257--d1cacb63a0--29,00000257,29,1000295,279|311|321,3,328,1858784240432,111,3.0,0.53125,0.25,438,1869784603881,11.000363449,311,STABLE_MULTI_RETURN_MECHANICAL
000002a2--b53d86b8b1--23,000002a2,23,1000005,6|66,2,479,1498136925217,111,1.5,0.84375,0.75,589,1509137441148,11.000515931,6,STABLE_MULTI_RETURN_MECHANICAL
00000257--d1cacb63a0--6,00000257,6,1000122,113|114,2,204,466332717709,110,0.75,1.09375,0.0,313,477233148194,10.900430485,113,STABLE_MULTI_RETURN_MECHANICAL
00000267--5bcd0e5bb8--10,00000267,10,1000006,7|10|128,3,144,2823566070856,110,2.25,0.78125,0.25,253,2834466299457,10.900228601,7,STABLE_MULTI_RETURN_MECHANICAL
00000283--b395338ef9--46,00000283,46,1000002,3|50,2,133,3658906497722,110,2.75,0.4375,0.75,242,3669806672887,10.900175165,3,STABLE_MULTI_RETURN_MECHANICAL
00000299--4e4dc57170--4,00000299,4,1000271,264|394,2,491,359715510104,109,1.0,0.375,0.0,599,370513412495,10.797902391,264,STABLE_MULTI_RETURN_MECHANICAL
00000283--b395338ef9--47,00000283,47,1000003,4|5|8,3,2,3705916022512,108,2.0,0.21875,0.75,109,3716617614733,10.701592221,4,STABLE_MULTI_RETURN_MECHANICAL
0000029b--52f66a3abc--26,0000029b,26,1000253,240|241,2,188,1675949422655,107,2.25,0.875,0.25,294,1686549590608,10.600167953,241,STABLE_MULTI_RETURN_MECHANICAL
00000257--d1cacb63a0--18,00000257,18,1000421,396|397,2,365,1202424932285,106,1.5,1.03125,0.0,470,1212925256321,10.500324036,396,STABLE_MULTI_RETURN_MECHANICAL
00000264--31b802e87a--34,00000264,34,1000002,3|4,2,2,2113151493989,106,1.5,1.28125,0.25,107,2123653528001,10.502034012,3,STABLE_MULTI_RETURN_MECHANICAL
000002a2--b53d86b8b1--13,000002a2,13,1000132,136|217,2,416,891606619132,106,1.0,0.21875,0.0,521,902096617340,10.489998208,136,STABLE_MULTI_RETURN_MECHANICAL
00000254--0ac259250e--13,00000254,13,1000008,9|10,2,495,885020616303,105,1.75,0.21875,0.0,599,895421049237,10.400432934,10,STABLE_MULTI_RETURN_MECHANICAL
0000025b--22177da8d7--0,0000025b,0,1000002,3|10,2,0,70338836899,105,1.25,0.75,0.25,104,80740471583,10.401634684,3,STABLE_MULTI_RETURN_MECHANICAL
00000283--b395338ef9--46,00000283,46,1000063,61|76|77,3,305,3676106567231,105,2.25,1.40625,0.25,409,3686506768898,10.400201667,61,STABLE_MULTI_RETURN_MECHANICAL
00000267--5bcd0e5bb8--12,00000267,12,1000139,131|133,2,148,2943965841154,104,1.25,1.1875,0.5,251,2954266560026,10.300718872,131,STABLE_MULTI_RETURN_MECHANICAL
00000283--b395338ef9--45,00000283,45,1000555,431|538|550,3,495,3635196276875,104,2.0,0.1875,0.25,598,3645496372239,10.300095364,431,STABLE_MULTI_RETURN_MECHANICAL
00000294--307ed6c5e3--1,00000294,1,1000128,55|136,2,185,186924807198,103,1.75,0.28125,0.0,287,197124553005,10.199745807,55,STABLE_MULTI_RETURN_MECHANICAL
0000026b--4dfb361eee--2,0000026b,2,1000014,15|23,2,6,2416595024597,102,2.25,0.5,0.25,107,2426694184931,10.099160334,23,STABLE_MULTI_RETURN_MECHANICAL
00000266--f9c40304ea--6,00000266,6,1000333,310|351,2,498,482576612929,101,1.25,0.5,0.25,598,492576947985,10.000335056,310,STABLE_MULTI_RETURN_MECHANICAL
00000280--91181081d4--35,00000280,35,1000003,4|5,2,2,4565430976765,101,1.25,0.15625,0.25,102,4575430475885,9.99949912,4,STABLE_MULTI_RETURN_MECHANICAL
00000254--0ac259250e--39,00000254,39,1000006,7|35,2,57,2401200178739,100,2.0,1.03125,0.0,156,2411100764108,9.900585369,7,STABLE_MULTI_RETURN_MECHANICAL
00000257--d1cacb63a0--18,00000257,18,1000427,401|402,2,370,1202924912245,100,3.0,0.96875,0.25,469,1212825526162,9.900613917,401,STABLE_MULTI_RETURN_MECHANICAL
00000257--d1cacb63a0--8,00000257,8,1000036,37|88,2,68,572733252579,100,2.0,0.65625,0.0,167,582632870220,9.899617641,37,STABLE_MULTI_RETURN_MECHANICAL
00000267--5bcd0e5bb8--1,00000267,1,1000448,418|424,2,370,2306156782509,100,3.0,0.5,0.5,469,2316056444406,9.899661897,418|424,STABLE_MULTI_RETURN_MECHANICAL
00000254--0ac259250e--12,00000254,12,1000016,17|23,2,2,775732187760,99,1.5,0.625,0.25,100,785540805221,9.808617461,17,STABLE_MULTI_RETURN_MECHANICAL
00000254--0ac259250e--25,00000254,25,1000082,71|78,2,104,1565860888026,98,1.75,0.59375,0.0,201,1575562584302,9.701696276,71,STABLE_MULTI_RETURN_MECHANICAL
0000026b--4dfb361eee--3,0000026b,3,1000013,183|489,2,415,2517494457286,98,2.0,0.6875,0.0,512,2527194510247,9.700052961,183,STABLE_MULTI_RETURN_MECHANICAL
0000027f--cb2a133365--3,0000027f,3,1000003,4|6,2,2,252548076121,98,0.75,1.03125,0.25,99,262248267553,9.700191432,4,STABLE_MULTI_RETURN_MECHANICAL
00000283--b395338ef9--46,00000283,46,1000015,16|56,2,199,3665506730712,98,2.5,0.5,0.0,296,3675206160171,9.699429459,16|56,STABLE_MULTI_RETURN_MECHANICAL
00000266--f9c40304ea--17,00000266,17,1000198,194|197,2,159,1108536639433,97,2.25,0.34375,0.5,255,1118136365672,9.599726239,194,STABLE_MULTI_RETURN_MECHANICAL
00000283--b395338ef9--2,00000283,2,1000392,373|374,2,328,1038367871863,97,2.25,0.625,0.0,424,1047968347351,9.600475488,374,STABLE_MULTI_RETURN_MECHANICAL
00000266--f9c40304ea--18,00000266,18,1000179,247|303,2,467,1199356141280,96,1.5,0.5,0.25,562,1208866443293,9.510302013,247,STABLE_MULTI_RETURN_MECHANICAL
00000283--b395338ef9--47,00000283,47,1000005,6|13,2,30,3708716740976,96,2.0,0.34375,0.5,125,3718218195872,9.501454896,6,STABLE_MULTI_RETURN_MECHANICAL
00000257--d1cacb63a0--8,00000257,8,1000002,105|226,2,172,583133262081,95,2.5,0.84375,0.25,266,592532743351,9.39948127,105,STABLE_MULTI_RETURN_MECHANICAL
00000266--f9c40304ea--17,00000266,17,1000244,240|247,2,206,1113235866488,95,2.0,1.4375,0.25,300,1122626109295,9.390242807,240,STABLE_MULTI_RETURN_MECHANICAL
00000269--4014745f93--0,00000269,0,1000154,78|125,2,112,79956416582,95,1.5,0.78125,0.5,206,89367804450,9.411387868,125,STABLE_MULTI_RETURN_MECHANICAL
0000027f--cb2a133365--6,0000027f,6,1000003,4|6,2,2,432550188122,95,2.75,0.28125,0.25,96,441940476288,9.390288166,4,STABLE_MULTI_RETURN_MECHANICAL
00000267--5bcd0e5bb8--8,00000267,8,1000492,454|455|456,3,337,2722877455778,94,3.0,0.4375,0.0,430,2732167409508,9.28995373,454,STABLE_MULTI_RETURN_MECHANICAL
00000261--4ff9c41127--4,00000261,4,1000314,294|295,2,434,450530298352,93,2.25,1.0,0.0,526,459738032682,9.20773433,294,STABLE_MULTI_RETURN_MECHANICAL
00000266--f9c40304ea--17,00000266,17,1000227,223|224,2,200,1112636294723,93,2.5,0.5625,0.25,292,1121826469642,9.190174919,223,STABLE_MULTI_RETURN_MECHANICAL
00000267--5bcd0e5bb8--8,00000267,8,1000482,444|457,2,337,2722877455778,93,2.25,0.40625,0.0,429,2732075827294,9.198371516,444,STABLE_MULTI_RETURN_MECHANICAL
00000269--4014745f93--0,00000269,0,1000092,84|90,2,112,79956416582,93,1.5,0.625,0.25,204,89166440757,9.210024175,90,STABLE_MULTI_RETURN_MECHANICAL
0000027f--cb2a133365--20,0000027f,20,1000006,7|12|19,3,2,1272458371798,93,2.75,0.78125,0.25,94,1281649043796,9.190671998,7,STABLE_MULTI_RETURN_MECHANICAL
00000299--4e4dc57170--0,00000299,0,1000014,15|18,2,0,68603291482,93,1.75,0.46875,0.0,92,77803465073,9.200173591,15,STABLE_MULTI_RETURN_MECHANICAL
000002a2--b53d86b8b1--14,000002a2,14,1000321,303|305,2,507,960847027511,93,2.25,1.15625,0.25,599,970056825370,9.209797859,303,STABLE_MULTI_RETURN_MECHANICAL
00000245--2c15eb5d45--32,00000245,32,1000037,33|36,2,76,1983609120070,92,2.0,0.5625,0.25,167,1992708751155,9.099631085,33|36,STABLE_MULTI_RETURN_MECHANICAL
00000257--d1cacb63a0--9,00000257,9,1000060,58|59,2,44,630333099380,91,1.5,0.65625,0.0,134,639332640146,8.999540766,59,STABLE_MULTI_RETURN_MECHANICAL
0000026b--4dfb361eee--11,0000026b,11,1000379,315|437,2,495,3005494099880,91,2.0,0.1875,0.0,585,3014494556240,9.00045636,437,STABLE_MULTI_RETURN_MECHANICAL
00000254--0ac259250e--12,00000254,12,1000002,3|29,2,2,775732187760,90,1.75,0.6875,0.5,91,784640998409,8.908810649,3,STABLE_MULTI_RETURN_MECHANICAL
00000254--0ac259250e--32,00000254,32,1000000,5|90,2,291,2004631300717,90,1.5,0.65625,0.5,380,2013530980536,8.899679819,5,STABLE_MULTI_RETURN_MECHANICAL
00000254--0ac259250e--35,00000254,35,1000071,67|70,2,101,2165620621412,90,1.75,0.75,0.5,190,2174511775546,8.891154134,67,STABLE_MULTI_RETURN_MECHANICAL
00000257--d1cacb63a0--24,00000257,24,1000219,213|229,2,191,1545004824460,90,2.0,0.59375,0.25,280,1553904828715,8.900004255,213,STABLE_MULTI_RETURN_MECHANICAL
0000029b--52f66a3abc--25,0000029b,25,1000379,361|362,2,321,1629259714356,90,2.0,0.25,0.0,410,1638158828306,8.89911395,361,STABLE_MULTI_RETURN_MECHANICAL
00000254--0ac259250e--39,00000254,39,1000296,244|246,2,511,2446591026044,89,2.0,0.40625,0.25,599,2455390686466,8.799660422,244,STABLE_MULTI_RETURN_MECHANICAL
00000257--d1cacb63a0--31,00000257,31,1000004,5|9,2,2,1946084723902,89,1.25,0.5625,0.25,90,1954884566355,8.799842453,5,STABLE_MULTI_RETURN_MECHANICAL
00000257--d1cacb63a0--5,00000257,5,1000351,334|337,2,354,421233351881,89,2.25,0.6875,0.25,442,430033426665,8.800074784,334,STABLE_MULTI_RETURN_MECHANICAL
00000247--b657952782--34,00000247,34,1000034,35|42,2,276,2138713051594,88,1.5,0.5625,0.0,363,2147412557549,8.699505955,35,STABLE_MULTI_RETURN_MECHANICAL
00000254--0ac259250e--12,00000254,12,1000011,12|16,2,2,775732187760,88,2.5,0.3125,0.25,89,784431202509,8.699014749,12,STABLE_MULTI_RETURN_MECHANICAL
00000255--d1d0ee73c5--36,00000255,36,1000007,8|136,2,419,5955040700348,88,2.25,1.0625,0.0,506,5963740752007,8.700051659,8,STABLE_MULTI_RETURN_MECHANICAL
0000027f--cb2a133365--26,0000027f,26,1000303,273|276|289,3,437,1676007951650,88,2.25,0.25,0.25,524,1684709361858,8.701410208,273,STABLE_MULTI_RETURN_MECHANICAL
00000254--0ac259250e--2,00000254,2,1000009,10|18,2,2,175751779702,87,1.75,0.5,0.25,88,184341083162,8.58930346,10,STABLE_MULTI_RETURN_MECHANICAL
0000025d--70dff69b9d--18,0000025d,18,1000009,10|17,2,51,1156807398306,87,2.75,1.34375,0.0,137,1165418007778,8.610609472,17,STABLE_MULTI_RETURN_MECHANICAL
00000266--f9c40304ea--16,00000266,16,1000314,294|334,2,412,1073835906705,87,2.5,0.90625,0.0,498,1082436123366,8.600216661,294,STABLE_MULTI_RETURN_MECHANICAL
00000267--5bcd0e5bb8--10,00000267,10,1000008,9|21,2,2,2809366360632,87,2.0,0.40625,0.0,88,2817966032446,8.599671814,9,STABLE_MULTI_RETURN_MECHANICAL
00000280--91181081d4--33,00000280,33,1000318,300|301,2,230,4468240871144,87,2.25,0.78125,0.5,316,4476840639380,8.599768236,300|301,STABLE_MULTI_RETURN_MECHANICAL
0000029b--52f66a3abc--25,0000029b,25,1000448,424|425,2,421,1639259284700,87,2.0,0.34375,0.0,507,1647858759083,8.599474383,424,STABLE_MULTI_RETURN_MECHANICAL
00000259--f920fb6ddd--32,00000259,32,1000266,244|246,2,483,2040840883759,86,2.75,0.4375,0.25,568,2049339311610,8.498427851,244,STABLE_MULTI_RETURN_MECHANICAL
00000259--f920fb6ddd--34,00000259,34,1000012,13|21,2,12,2113729138039,86,2.25,0.65625,0.25,97,2122229168287,8.500030248,13,STABLE_MULTI_RETURN_MECHANICAL
00000267--5bcd0e5bb8--9,00000267,9,1000559,533|534,2,435,2792666419565,86,1.75,0.8125,0.25,520,2801165894811,8.499475246,533,STABLE_MULTI_RETURN_MECHANICAL
0000027f--cb2a133365--19,0000027f,19,1000069,13|234|612,3,514,1263658943211,86,2.25,0.84375,0.5,599,1272150590266,8.491647055,234,STABLE_MULTI_RETURN_MECHANICAL
00000257--d1cacb63a0--15,00000257,15,1000380,350|351,2,397,1025634795301,85,2.5,0.34375,0.5,481,1034034070073,8.399274772,350,STABLE_MULTI_RETURN_MECHANICAL
00000257--d1cacb63a0--9,00000257,9,1000002,3|30,2,16,627533302177,85,1.75,1.21875,0.0,100,635933388323,8.400086146,3,STABLE_MULTI_RETURN_MECHANICAL
00000264--31b802e87a--5,00000264,5,1000313,298|299,2,316,404552576035,85,2.75,0.90625,0.25,400,412951157396,8.398581361,299,STABLE_MULTI_RETURN_MECHANICAL
0000029b--52f66a3abc--25,0000029b,25,1000175,169|170,2,143,1611458810691,85,2.0,0.34375,0.0,227,1619859042616,8.400231925,169,STABLE_MULTI_RETURN_MECHANICAL
00000266--f9c40304ea--16,00000266,16,1000191,178|232|277,3,470,1079636574791,84,3.0,0.5625,0.25,553,1087936643019,8.300068228,232,STABLE_MULTI_RETURN_MECHANICAL
00000266--f9c40304ea--18,00000266,18,1000019,20|40,2,23,1154926824211,84,1.75,0.875,0.25,106,1163226092561,8.29926835,20|40,STABLE_MULTI_RETURN_MECHANICAL
00000266--f9c40304ea--18,00000266,18,1000019,20|40,2,108,1163426149570,84,2.0,0.5625,0.25,191,1171726184811,8.300035241,40,STABLE_MULTI_RETURN_MECHANICAL
00000266--f9c40304ea--20,00000266,20,1000111,4|194,2,330,1305715743298,84,2.0,0.3125,0.25,413,1314016423799,8.300680501,194,STABLE_MULTI_RETURN_MECHANICAL
00000266--f9c40304ea--6,00000266,6,1000319,296|306,2,429,475676575686,84,2.25,0.46875,0.25,512,483976425946,8.29985026,296,STABLE_MULTI_RETURN_MECHANICAL
0000026a--171a0a1f5c--31,0000026a,31,1000045,43|264,2,168,1930774078605,84,2.0,0.5,0.0,251,1939074220715,8.30014211,43,STABLE_MULTI_RETURN_MECHANICAL
0000026a--171a0a1f5c--31,0000026a,31,1000394,244|441,2,515,1965465081723,84,2.0,0.1875,0.0,598,1973764463013,8.29938129,244,STABLE_MULTI_RETURN_MECHANICAL
0000027f--cb2a133365--21,0000027f,21,1000031,32|40,2,35,1335748376030,84,3.0,0.4375,0.25,118,1344048198488,8.299822458,32|40,STABLE_MULTI_RETURN_MECHANICAL
00000294--307ed6c5e3--24,00000294,24,1000279,270|275,2,374,1585844424941,84,2.75,0.46875,0.5,457,1594143772425,8.299347484,275,STABLE_MULTI_RETURN_MECHANICAL
00000294--307ed6c5e3--24,00000294,24,1000391,374|378,2,496,1598044251551,84,2.5,0.9375,0.25,579,1606344654367,8.300402816,374,STABLE_MULTI_RETURN_MECHANICAL
00000247--b657952782--35,00000247,35,1000002,3|4,2,2,2171313440991,83,1.25,0.78125,0.5,84,2179522726288,8.209285297,3,STABLE_MULTI_RETURN_MECHANICAL
00000264--31b802e87a--31,00000264,31,1000499,458|461,2,494,1982361993709,83,2.0,0.34375,1.0,576,1990561904627,8.199910918,458|461,STABLE_MULTI_RETURN_MECHANICAL
00000266--f9c40304ea--17,00000266,17,1000222,218|220,2,185,1111136791362,83,2.25,0.34375,0.25,267,1119336569767,8.199778405,218,STABLE_MULTI_RETURN_MECHANICAL
00000267--5bcd0e5bb8--8,00000267,8,1000684,435|630,2,517,2740876622484,83,1.25,0.59375,0.0,599,2749076646061,8.200023577,630,STABLE_MULTI_RETURN_MECHANICAL
0000027f--cb2a133365--26,0000027f,26,1000290,261|262,2,317,1664008818726,83,1.5,0.90625,0.0,399,1672208853685,8.200034959,261,STABLE_MULTI_RETURN_MECHANICAL
00000254--0ac259250e--31,00000254,31,1000004,5|140,2,518,1967330164144,82,1.75,0.84375,0.25,599,1975430564605,8.100400461,5,STABLE_MULTI_RETURN_MECHANICAL
00000259--f920fb6ddd--8,00000259,8,1000002,3|48,2,518,604299327803,82,2.0,0.4375,0.0,599,612398729670,8.099401867,3,STABLE_MULTI_RETURN_MECHANICAL
00000261--4ff9c41127--9,00000261,9,1000372,359|367,2,335,740557194487,82,2.0,0.8125,0.25,416,748657734384,8.100539897,359,STABLE_MULTI_RETURN_MECHANICAL
00000266--f9c40304ea--7,00000266,7,1000011,12|49,2,59,498676518404,82,2.25,0.84375,0.25,140,506776462319,8.099943915,12,STABLE_MULTI_RETURN_MECHANICAL
00000269--4014745f93--6,00000269,6,1000011,12|16,2,2,430806647881,82,2.25,0.21875,0.25,83,438956012455,8.149364574,12,STABLE_MULTI_RETURN_MECHANICAL
0000026a--171a0a1f5c--31,0000026a,31,1000049,39|54,2,33,1917274682108,82,2.0,0.34375,0.25,114,1925375840533,8.101158425,39,STABLE_MULTI_RETURN_MECHANICAL
0000029b--52f66a3abc--26,0000029b,26,1000295,282|285,2,214,1678548730391,82,2.25,0.34375,0.0,295,1686649391459,8.100661068,282,STABLE_MULTI_RETURN_MECHANICAL
00000266--f9c40304ea--10,00000266,10,1000134,125|211,2,201,692856490831,81,1.75,0.9375,0.25,281,700855959107,7.999468276,125,STABLE_MULTI_RETURN_MECHANICAL
00000280--91181081d4--38,00000280,38,1000392,378|408,2,519,4797099897797,81,2.5,0.5625,0.0,599,4805090770906,7.990873109,378,STABLE_MULTI_RETURN_MECHANICAL
0000029b--52f66a3abc--25,0000029b,25,1000446,423|430,2,426,1639758779057,81,2.0,0.4375,0.0,506,1647758726039,7.999946982,423,STABLE_MULTI_RETURN_MECHANICAL
00000247--b657952782--36,00000247,36,1000393,380|381,2,460,2277123266723,80,2.75,0.625,0.25,539,2285022345330,7.899078607,380,STABLE_MULTI_RETURN_MECHANICAL
00000259--f920fb6ddd--32,00000259,32,1000263,256|269,2,498,2042340606395,80,2.75,0.5,0.25,577,2050240492077,7.899885682,256,STABLE_MULTI_RETURN_MECHANICAL
0000025d--70dff69b9d--7,0000025d,7,1000369,353|365,2,269,518482765002,80,3.0,1.28125,0.5,348,526372632220,7.889867218,353|365,STABLE_MULTI_RETURN_MECHANICAL
00000261--4ff9c41127--2,00000261,2,1000021,22|167,2,157,302837794727,80,2.25,0.53125,0.25,236,310747992350,7.910197623,22,STABLE_MULTI_RETURN_MECHANICAL
00000266--f9c40304ea--10,00000266,10,1000480,439|455,2,484,721136103523,80,2.75,1.09375,0.25,563,729036336986,7.900233463,439|455,STABLE_MULTI_RETURN_MECHANICAL
00000267--5bcd0e5bb8--2,00000267,2,1000221,187|212,2,300,2359166217062,80,3.0,1.125,0.0,379,2367066413245,7.900196183,187,STABLE_MULTI_RETURN_MECHANICAL
0000026a--171a0a1f5c--31,0000026a,31,1000031,31|412,2,519,1965863781658,80,2.0,0.375,0.0,598,1973764463013,7.900681355,31,STABLE_MULTI_RETURN_MECHANICAL
00000299--4e4dc57170--21,00000299,21,1000167,156|162,2,100,1340673851769,80,2.25,0.75,0.5,179,1348574391629,7.90053986,156,STABLE_MULTI_RETURN_MECHANICAL
00000257--d1cacb63a0--27,00000257,27,1000098,2|90,2,213,1727195120668,79,1.75,0.0625,0.0,291,1734994954215,7.799833547,90,STABLE_MULTI_RETURN_MECHANICAL
00000257--d1cacb63a0--5,00000257,5,1000487,486|509,2,521,437933118686,79,2.25,1.15625,0.25,599,445733181420,7.800062734,486,STABLE_MULTI_RETURN_MECHANICAL
00000259--f920fb6ddd--33,00000259,33,1000194,189|190,2,404,2092928833126,79,2.25,0.59375,0.5,482,2100730714987,7.801881861,189|190,STABLE_MULTI_RETURN_MECHANICAL
00000266--f9c40304ea--17,00000266,17,1000063,56|64,2,60,1098636518041,79,2.5,0.46875,0.25,138,1106436305096,7.799787055,64,STABLE_MULTI_RETURN_MECHANICAL
00000266--f9c40304ea--17,00000266,17,1000126,125|127,2,111,1103736479182,79,2.5,1.0,0.5,189,1111535874861,7.799395679,125|127,STABLE_MULTI_RETURN_MECHANICAL
0000027f--cb2a133365--10,0000027f,10,1000000,1|6,2,2,672518174240,79,2.5,0.625,0.0,80,680318250709,7.800076469,1,STABLE_MULTI_RETURN_MECHANICAL
00000283--b395338ef9--47,00000283,47,1000001,2|16,2,2,3705916022512,79,1.25,0.71875,0.0,80,3713716503434,7.800480922,2,STABLE_MULTI_RETURN_MECHANICAL
00000247--b657952782--31,00000247,31,1000301,281|282,2,219,1952903299678,78,2.25,1.0625,0.5,296,1960602415268,7.69911559,281,STABLE_MULTI_RETURN_MECHANICAL
00000254--0ac259250e--3,00000254,3,1000603,543|602,2,521,287592483737,78,3.0,1.4375,0.0,598,295271807666,7.679323929,543,STABLE_MULTI_RETURN_MECHANICAL
00000257--d1cacb63a0--15,00000257,15,1000409,375|377,2,458,1031734589534,78,2.5,0.75,0.25,535,1039435057964,7.70046843,375,STABLE_MULTI_RETURN_MECHANICAL
00000261--4ff9c41127--9,00000261,9,1000430,439|558,2,522,759247487513,78,2.5,0.5625,0.25,599,766947481266,7.699993753,439,STABLE_MULTI_RETURN_MECHANICAL
00000266--f9c40304ea--7,00000266,7,1000017,18|23,2,2,492976471265,78,1.25,0.34375,0.5,79,500676786111,7.700314846,18,STABLE_MULTI_RETURN_MECHANICAL
0000026a--171a0a1f5c--31,0000026a,31,1000006,7|22,2,6,1914574792759,78,2.0,0.625,0.0,83,1922275712605,7.700919846,7,STABLE_MULTI_RETURN_MECHANICAL
0000026b--4dfb361eee--4,0000026b,4,1000007,8|15,2,2,2536194560826,78,2.0,0.71875,0.0,79,2543894184685,7.699623859,8,STABLE_MULTI_RETURN_MECHANICAL
0000029b--52f66a3abc--27,0000029b,27,1000333,315|332,2,286,1745750130353,78,2.25,0.5,0.5,363,1753440372804,7.690242451,315,STABLE_MULTI_RETURN_MECHANICAL
00000254--0ac259250e--1,00000254,1,1000462,393|456|474,3,380,153490399783,77,3.0,1.40625,0.25,456,161070617411,7.580217628,393,STABLE_MULTI_RETURN_MECHANICAL
00000257--d1cacb63a0--18,00000257,18,1000210,197|200,2,172,1183124472692,77,1.5,1.0,0.0,248,1190725519489,7.601046797,197,STABLE_MULTI_RETURN_MECHANICAL
00000259--f920fb6ddd--4,00000259,4,1000406,376|378,2,488,361309016481,77,2.25,0.59375,0.25,564,368898581900,7.589565419,376,STABLE_MULTI_RETURN_MECHANICAL
00000269--4014745f93--2,00000269,2,1000210,202|204,2,354,226166502317,77,2.75,1.3125,0.25,430,233766133612,7.599631295,202|204,STABLE_MULTI_RETURN_MECHANICAL
0000027f--cb2a133365--13,0000027f,13,1000006,7|36,2,145,866798225009,77,3.0,1.0625,0.75,221,874398665148,7.600440139,7,STABLE_MULTI_RETURN_MECHANICAL
00000285--27dca1de75--28,00000285,28,1000460,422|439,2,435,1891682252051,77,3.0,1.21875,0.75,511,1899282136666,7.599884615,422,STABLE_MULTI_RETURN_MECHANICAL
0000029b--52f66a3abc--27,0000029b,27,1000386,366|377,2,323,1749449707265,77,2.0,1.40625,1.25,399,1757039066474,7.589359209,366|377,STABLE_MULTI_RETURN_MECHANICAL
00000247--b657952782--2,00000247,2,1000128,113|115,2,80,199152336492,76,2.5,0.96875,0.25,155,206653327675,7.500991183,113,STABLE_MULTI_RETURN_MECHANICAL
00000254--0ac259250e--38,00000254,38,1000367,313|328,2,302,2365700750980,76,2.75,1.40625,0.5,377,2373200466625,7.499715645,313,STABLE_MULTI_RETURN_MECHANICAL
00000255--d1d0ee73c5--35,00000255,35,1000290,261|277,2,236,5876750446494,76,2.5,1.03125,0.25,311,5884251833512,7.501387018,261,STABLE_MULTI_RETURN_MECHANICAL
00000264--31b802e87a--38,00000264,38,1000091,90|97,2,70,2359972236622,76,2.5,0.59375,0.25,145,2367480925714,7.508689092,90|97,STABLE_MULTI_RETURN_MECHANICAL
00000267--5bcd0e5bb8--1,00000267,1,1000420,392|426,2,370,2306156782509,76,2.25,0.53125,0.25,445,2313656676405,7.499893896,392|426,STABLE_MULTI_RETURN_MECHANICAL
00000269--4014745f93--0,00000269,0,1000353,302|323,2,544,123186455359,76,1.5,0.71875,0.0,619,130685633916,7.499178557,302,STABLE_MULTI_RETURN_MECHANICAL
0000026b--4dfb361eee--9,0000026b,9,1000578,532|534,2,483,2884294467975,76,2.0,1.125,0.5,558,2891794050444,7.499582469,532,STABLE_MULTI_RETURN_MECHANICAL
0000027f--cb2a133365--20,0000027f,20,1000029,22|30,2,11,1273358039339,76,2.0,1.0625,0.25,86,1280848636670,7.490597331,30,STABLE_MULTI_RETURN_MECHANICAL
00000280--91181081d4--37,00000280,37,1000181,170|184,2,313,4716509778773,76,2.5,0.8125,0.25,388,4724000768156,7.490989383,170,STABLE_MULTI_RETURN_MECHANICAL
0000029b--52f66a3abc--26,0000029b,26,1000300,287|294,2,219,1679049987150,76,2.0,0.625,0.25,294,1686549590608,7.499603458,287,STABLE_MULTI_RETURN_MECHANICAL
00000254--0ac259250e--32,00000254,32,1000000,1|5,2,2,1975730496377,75,1.5,0.625,0.25,76,1983130353315,7.399856938,1,STABLE_MULTI_RETURN_MECHANICAL
00000255--d1d0ee73c5--35,00000255,35,1000408,364|375,2,339,5887050744732,75,2.5,0.8125,0.25,413,5894450985525,7.400240793,364,STABLE_MULTI_RETURN_MECHANICAL
00000264--31b802e87a--36,00000264,36,1000003,4|6,2,408,2273761589283,75,1.0,0.28125,0.5,482,2281161319260,7.399729977,6,STABLE_MULTI_RETURN_MECHANICAL
00000266--f9c40304ea--6,00000266,6,1000322,294|299,2,429,475676575686,75,2.25,0.46875,0.25,503,483076438649,7.399862963,294|299,STABLE_MULTI_RETURN_MECHANICAL
0000026a--171a0a1f5c--31,0000026a,31,1000049,216|357,2,508,1964763888681,75,2.0,0.59375,0.0,582,1972164282456,7.400393775,216,STABLE_MULTI_RETURN_MECHANICAL
0000026a--171a0a1f5c--32,0000026a,32,1000118,111|112,2,78,1981754488098,75,2.25,0.21875,0.0,152,1989155030190,7.400542092,111,STABLE_MULTI_RETURN_MECHANICAL
0000027f--cb2a133365--10,0000027f,10,1000001,2|4,2,137,686018058775,75,1.5,0.5,0.75,211,693418880812,7.400822037,2,STABLE_MULTI_RETURN_MECHANICAL
0000029b--52f66a3abc--25,0000029b,25,1000173,166|167,2,160,1613158745580,75,2.25,1.1875,0.0,234,1620559159065,7.400413485,167,STABLE_MULTI_RETURN_MECHANICAL
00000250--8354d55131--2,00000250,2,1000001,23|64,2,293,205127255126,74,3.0,0.90625,0.25,366,212432195314,7.304940188,23,STABLE_MULTI_RETURN_MECHANICAL
00000254--0ac259250e--32,00000254,32,1000000,5|66,2,211,1996630958384,74,1.75,1.0,0.25,284,2003930563639,7.299605255,5,STABLE_MULTI_RETURN_MECHANICAL
00000255--d1d0ee73c5--23,00000255,23,1000002,4|13,2,134,5146580843291,74,1.0,0.78125,0.0,207,5153880533876,7.299690585,4,STABLE_MULTI_RETURN_MECHANICAL
00000257--d1cacb63a0--17,00000257,17,1000287,267|362,2,526,1158524228975,74,3.0,1.15625,0.0,599,1165824151675,7.2999227,267,STABLE_MULTI_RETURN_MECHANICAL
00000257--d1cacb63a0--3,00000257,3,1000000,6|7,2,251,290943245768,74,3.0,0.625,0.25,324,298245140653,7.301894885,7,STABLE_MULTI_RETURN_MECHANICAL
00000264--31b802e87a--33,00000264,33,1000006,20|295,2,240,2076951683963,74,2.0,0.5625,0.0,313,2084251011586,7.299327623,20,STABLE_MULTI_RETURN_MECHANICAL
00000266--f9c40304ea--17,00000266,17,1000055,57|58,2,69,1099536158653,74,2.25,0.6875,0.5,142,1106835845787,7.299687134,57|58,STABLE_MULTI_RETURN_MECHANICAL
00000266--f9c40304ea--4,00000266,4,1000154,50|162,2,181,330888231810,74,1.75,1.03125,0.0,254,338186623700,7.29839189,50,STABLE_MULTI_RETURN_MECHANICAL
00000269--4014745f93--2,00000269,2,1000186,178|180,2,316,222365851095,74,2.0,0.5,0.25,389,229666380726,7.300529631,178,STABLE_MULTI_RETURN_MECHANICAL
00000269--4014745f93--2,00000269,2,1000336,274|327,2,504,241157154000,74,2.25,0.4375,0.25,577,248446113794,7.288959794,274,STABLE_MULTI_RETURN_MECHANICAL
0000026b--4dfb361eee--10,0000026b,10,1000321,282|289,2,361,2932094098774,74,2.25,0.8125,0.25,434,2939393942620,7.299843846,282,STABLE_MULTI_RETURN_MECHANICAL
00000283--b395338ef9--1,00000283,1,1000343,333|358,2,438,989378163950,74,2.0,0.75,0.0,511,996677773861,7.299609911,333|358,STABLE_MULTI_RETURN_MECHANICAL
0000029b--52f66a3abc--26,0000029b,26,1000297,281|284,2,219,1679049987150,74,2.25,0.65625,0.25,292,1686349061482,7.299074332,284,STABLE_MULTI_RETURN_MECHANICAL
00000247--b657952782--39,00000247,39,1000307,254|265|301|330,4,263,2437434002472,73,2.5,1.375,0.0,335,2444632672980,7.198670508,265,STABLE_MULTI_RETURN_MECHANICAL
00000254--0ac259250e--38,00000254,38,1000124,106|123,2,61,2341601329486,73,1.5,0.9375,0.25,133,2348800705787,7.199376301,106,STABLE_MULTI_RETURN_MECHANICAL
00000254--0ac259250e--38,00000254,38,1000370,315|326,2,305,2366001179960,73,2.75,1.25,0.25,377,2373200466625,7.199286665,315,STABLE_MULTI_RETURN_MECHANICAL
0000025d--70dff69b9d--7,0000025d,7,1000674,627|630,2,466,538174426469,73,2.25,0.5625,0.25,538,545372783808,7.198357339,627|630,STABLE_MULTI_RETURN_MECHANICAL
00000266--f9c40304ea--6,00000266,6,1000252,232|236,2,335,466276647215,73,2.5,0.65625,0.25,407,473476702033,7.200054818,232,STABLE_MULTI_RETURN_MECHANICAL
0000027f--cb2a133365--9,0000027f,9,1000013,14|42,2,394,651718814597,73,1.5,0.40625,0.25,466,658918960275,7.200145678,14,STABLE_MULTI_RETURN_MECHANICAL
00000254--0ac259250e--15,00000254,15,1000175,174|207|243,3,495,1005012680596,72,2.75,1.0,0.25,566,1012110137924,7.097457328,174,STABLE_MULTI_RETURN_MECHANICAL
00000266--f9c40304ea--17,00000266,17,1000574,547|548,2,489,1141525984680,72,2.25,0.34375,0.25,560,1148625850941,7.099866261,547|548,STABLE_MULTI_RETURN_MECHANICAL
00000283--b395338ef9--1,00000283,1,1000115,84|128,2,235,969078833948,72,1.75,0.84375,0.0,306,976178738365,7.099904417,84,STABLE_MULTI_RETURN_MECHANICAL
0000029b--52f66a3abc--28,0000029b,28,1000095,93|98,2,143,1791439337770,72,2.25,0.4375,0.25,214,1798538972243,7.099634473,93|98,STABLE_MULTI_RETURN_MECHANICAL
000002a2--b53d86b8b1--14,000002a2,14,1000008,9|10,2,2,910197250997,72,1.0,0.28125,0.25,73,917346355211,7.149104214,9,STABLE_MULTI_RETURN_MECHANICAL
00000257--d1cacb63a0--28,00000257,28,1000780,715|721,2,529,1818784605778,71,2.0,0.59375,0.25,599,1825784685472,7.000079694,715,STABLE_MULTI_RETURN_MECHANICAL
00000259--f920fb6ddd--32,00000259,32,1000222,208|229,2,473,2039839319855,71,2.75,0.34375,0.25,543,2046838924997,6.999605142,229,STABLE_MULTI_RETURN_MECHANICAL
00000261--4ff9c41127--10,00000261,10,1000585,542|544,2,362,803248206164,71,3.0,0.21875,0.25,432,810247805024,6.99959886,542,STABLE_MULTI_RETURN_MECHANICAL
00000266--f9c40304ea--17,00000266,17,1000549,522|523,2,472,1139826162310,71,3.0,0.375,0.5,542,1146827640938,7.001478628,522,STABLE_MULTI_RETURN_MECHANICAL
00000266--f9c40304ea--18,00000266,18,1000055,166|195,2,326,1185236394348,71,2.0,0.375,0.5,396,1192245991015,7.009596667,166,STABLE_MULTI_RETURN_MECHANICAL
00000269--4014745f93--0,00000269,0,1000108,92|130,2,140,82757697459,71,2.25,0.9375,0.25,210,89766178858,7.008481399,92,STABLE_MULTI_RETURN_MECHANICAL
00000269--4014745f93--2,00000269,2,1000163,155|157,2,293,220066501076,71,2.5,0.53125,0.25,363,227066622882,7.000121806,155|157,STABLE_MULTI_RETURN_MECHANICAL
00000269--4014745f93--2,00000269,2,1000243,234|238,2,401,230866491145,71,2.25,0.375,0.25,471,237856484156,6.989993011,234,STABLE_MULTI_RETURN_MECHANICAL
0000026b--4dfb361eee--6,0000026b,6,1000014,15|18|19,3,38,2659794344513,71,2.0,1.0625,0.25,108,2666794852793,7.00050828,15,STABLE_MULTI_RETURN_MECHANICAL
00000294--307ed6c5e3--24,00000294,24,1000286,278|291,2,388,1587244190982,71,2.75,0.59375,0.5,458,1594243944222,6.99975324,291,STABLE_MULTI_RETURN_MECHANICAL
00000254--0ac259250e--35,00000254,35,1000068,6|13,2,122,2167720445809,70,2.25,1.0625,1.0,191,2174621308600,6.900862791,13,STABLE_MULTI_RETURN_MECHANICAL
00000257--d1cacb63a0--16,00000257,16,1000302,30|261,2,394,1085334443475,70,1.25,1.5,0.0,463,1092234330227,6.899886752,261,STABLE_MULTI_RETURN_MECHANICAL
00000267--5bcd0e5bb8--8,00000267,8,1000488,450|452|558,3,439,2733075690330,70,2.0,0.75,0.5,508,2739976113598,6.900423268,450,STABLE_MULTI_RETURN_MECHANICAL
00000267--5bcd0e5bb8--8,00000267,8,1000492,454|455|456,3,434,2732576018902,70,3.0,0.59375,0.25,503,2739475870713,6.899851811,454,STABLE_MULTI_RETURN_MECHANICAL
00000285--27dca1de75--30,00000285,30,1000201,177|182,2,200,1988102797795,70,2.75,0.65625,0.5,269,1995012002505,6.90920471,177|182,STABLE_MULTI_RETURN_MECHANICAL
00000299--4e4dc57170--21,00000299,21,1000085,81|83,2,44,1335073871497,70,2.25,0.875,0.25,113,1341974836579,6.900965082,81,STABLE_MULTI_RETURN_MECHANICAL
00000257--d1cacb63a0--15,00000257,15,1000216,201|209,2,173,1003234252955,69,2.5,0.78125,0.25,241,1010034764309,6.800511354,201,STABLE_MULTI_RETURN_MECHANICAL
00000257--d1cacb63a0--20,00000257,20,1000001,6|10,2,58,1291715052306,69,1.5,0.59375,1.0,126,1298514234861,6.799182555,6,STABLE_MULTI_RETURN_MECHANICAL
00000259--f920fb6ddd--13,00000259,13,1000209,196|202,2,124,864909222837,69,2.75,1.21875,0.5,192,871709420962,6.800198125,196|202,STABLE_MULTI_RETURN_MECHANICAL
00000259--f920fb6ddd--4,00000259,4,1000379,353|354,2,445,357018441906,69,2.5,0.65625,0.75,513,363809338359,6.790896453,353,STABLE_MULTI_RETURN_MECHANICAL
0000025d--70dff69b9d--19,0000025d,19,1000200,189|190,2,234,1235118099907,69,2.25,0.78125,0.25,302,1241917441442,6.799341535,189,STABLE_MULTI_RETURN_MECHANICAL
00000266--f9c40304ea--3,00000266,3,1000437,401|407,2,291,281786242621,69,2.75,1.09375,0.25,359,288585878830,6.799636209,401|407,STABLE_MULTI_RETURN_MECHANICAL
00000243--a4d9c0a5dd--0,00000243,0,1000217,179|209,2,240,181502705911,68,1.25,0.625,0.5,307,188202803508,6.700097597,179,STABLE_MULTI_RETURN_MECHANICAL
00000247--b657952782--5,00000247,5,1000281,268|270,2,310,402143278930,68,2.0,0.78125,0.25,377,408844083257,6.700804327,270,STABLE_MULTI_RETURN_MECHANICAL
00000257--d1cacb63a0--29,00000257,29,1000066,62|64,2,28,1828784806845,68,3.0,0.6875,0.75,95,1835484525622,6.699718777,62|64,STABLE_MULTI_RETURN_MECHANICAL
00000264--31b802e87a--1,00000264,1,1000002,3|20,2,54,138272089261,68,2.5,1.375,0.0,121,144981666571,6.70957731,3,STABLE_MULTI_RETURN_MECHANICAL
00000267--5bcd0e5bb8--10,00000267,10,1000006,7|10|30,3,2,2809366360632,68,2.0,0.78125,0.25,69,2816066049353,6.699688721,7,STABLE_MULTI_RETURN_MECHANICAL
00000267--5bcd0e5bb8--9,00000267,9,1000602,576|577,2,437,2792865808333,68,2.0,0.625,0.0,504,2799566408709,6.700600376,577,STABLE_MULTI_RETURN_MECHANICAL
0000026a--171a0a1f5c--34,0000026a,34,1000075,72|73,2,52,2099134804293,68,2.0,1.15625,0.75,119,2105834327827,6.699523534,72,STABLE_MULTI_RETURN_MECHANICAL
00000243--a4d9c0a5dd--0,00000243,0,1000448,419|422,2,544,211912494030,67,2.25,0.5625,0.25,610,218523249916,6.610755886,419,STABLE_MULTI_RETURN_MECHANICAL
00000247--b657952782--32,00000247,32,1000002,3|14,2,2,1991302785593,67,2.0,0.9375,0.25,68,1997902882198,6.600096605,3,STABLE_MULTI_RETURN_MECHANICAL
00000254--0ac259250e--38,00000254,38,1000127,109|126,2,66,2342100576838,67,2.0,0.6875,0.25,132,2348700902171,6.600325333,109,STABLE_MULTI_RETURN_MECHANICAL
00000255--d1d0ee73c5--37,00000255,37,1000343,324|326,2,477,6020840597349,67,2.5,0.78125,0.5,543,6027440498727,6.599901378,324,STABLE_MULTI_RETURN_MECHANICAL
00000255--d1d0ee73c5--38,00000255,38,1000561,525|528,2,457,6078830465715,67,2.75,0.34375,0.25,523,6085431006493,6.600540778,525,STABLE_MULTI_RETURN_MECHANICAL
00000257--d1cacb63a0--1,00000257,1,1000430,387|395|417,3,353,181152921816,67,3.0,0.65625,0.25,419,187752972871,6.600051055,387,STABLE_MULTI_RETURN_MECHANICAL
00000257--d1cacb63a0--7,00000257,7,1000080,80|87,2,50,510932957276,67,2.5,0.6875,0.5,116,517533143361,6.600186085,80,STABLE_MULTI_RETURN_MECHANICAL
00000257--d1cacb63a0--8,00000257,8,1000011,30|121,2,98,575732437067,67,2.0,1.03125,0.0,164,582333287566,6.600850499,121,STABLE_MULTI_RETURN_MECHANICAL
00000266--f9c40304ea--17,00000266,17,1000167,165|169,2,138,1106436305096,67,2.5,0.53125,0.5,204,1113036178273,6.599873177,165|169,STABLE_MULTI_RETURN_MECHANICAL
00000266--f9c40304ea--17,00000266,17,1000576,549|550,2,492,1141825980475,67,2.25,0.6875,0.25,558,1148426735445,6.60075497,549|550,STABLE_MULTI_RETURN_MECHANICAL
00000266--f9c40304ea--6,00000266,6,1000342,311|348,2,515,484276055074,67,1.25,0.5,0.5,581,490875948331,6.599893257,311,STABLE_MULTI_RETURN_MECHANICAL
00000267--5bcd0e5bb8--3,00000267,3,1000132,122|134,2,127,2401866671143,67,2.0,0.71875,0.25,193,2408466625804,6.599954661,134,STABLE_MULTI_RETURN_MECHANICAL
00000267--5bcd0e5bb8--8,00000267,8,1000488,450|451|452,3,337,2722877455778,67,2.0,0.59375,0.5,403,2729475710135,6.598254357,450,STABLE_MULTI_RETURN_MECHANICAL
00000269--4014745f93--2,00000269,2,1000003,4|12,2,19,192688598416,67,2.25,1.28125,0.25,85,199288481270,6.599882854,4,STABLE_MULTI_RETURN_MECHANICAL
00000269--4014745f93--27,00000269,27,1000272,223|249,2,245,1715226263554,67,1.75,0.5,0.25,311,1721826102751,6.599839197,223,STABLE_MULTI_RETURN_MECHANICAL
0000026a--171a0a1f5c--34,0000026a,34,1000415,390|395,2,251,2119034300611,67,1.5,0.75,0.5,317,2125634840391,6.60053978,390,STABLE_MULTI_RETURN_MECHANICAL
0000026d--2363789071--98,0000026d,98,1000099,99|101,2,71,5990703026931,67,2.25,1.0,0.5,137,5997302360512,6.599333581,99,STABLE_MULTI_RETURN_MECHANICAL
0000027f--cb2a133365--10,0000027f,10,1000001,22|38,2,352,707518870072,67,1.25,0.71875,0.5,418,714118798386,6.599928314,22,STABLE_MULTI_RETURN_MECHANICAL
0000027f--cb2a133365--20,0000027f,20,1000015,20|76,2,74,1279649014039,67,2.5,0.40625,0.25,140,1286259044887,6.610030848,20,STABLE_MULTI_RETURN_MECHANICAL
0000029b--52f66a3abc--22,0000029b,22,1000468,445|468,2,347,1451878909974,67,3.0,1.25,0.25,413,1458479002568,6.600092594,468,STABLE_MULTI_RETURN_MECHANICAL
0000029b--52f66a3abc--26,0000029b,26,1000368,352|353,2,351,1692248936972,67,2.25,0.375,0.5,417,1698849259246,6.600322274,352,STABLE_MULTI_RETURN_MECHANICAL
00000247--b657952782--8,00000247,8,1000126,148|184,2,483,599412636782,66,1.25,0.75,0.25,548,605913261658,6.500624876,148,STABLE_MULTI_RETURN_MECHANICAL
00000254--0ac259250e--35,00000254,35,1000040,25|38,2,48,2160320800841,66,3.0,1.25,0.25,113,2166820637925,6.499837084,38,STABLE_MULTI_RETURN_MECHANICAL
00000255--d1d0ee73c5--23,00000255,23,1000060,57|59,2,285,5161680362463,66,2.25,0.25,0.25,350,5168180138921,6.499776458,57|59,STABLE_MULTI_RETURN_MECHANICAL
00000257--d1cacb63a0--25,00000257,25,1000199,189|190,2,154,1601294963306,66,2.25,1.0625,0.25,219,1607794349727,6.499386421,189|190,STABLE_MULTI_RETURN_MECHANICAL
00000257--d1cacb63a0--27,00000257,27,1000000,1|2|3,3,2,1706095128351,66,2.75,0.5625,0.0,67,1712595632200,6.500503849,1,STABLE_MULTI_RETURN_MECHANICAL
00000259--f920fb6ddd--32,00000259,32,1000001,2|12,2,2,1992739099580,66,1.25,0.53125,0.25,67,1999238783675,6.499684095,2,STABLE_MULTI_RETURN_MECHANICAL
00000259--f920fb6ddd--32,00000259,32,1000023,24|28,2,25,1995038639246,66,2.75,0.71875,0.25,90,2001538667365,6.500028119,24,STABLE_MULTI_RETURN_MECHANICAL
00000266--f9c40304ea--19,00000266,19,1000311,297|329,2,329,1245585895727,66,2.25,0.4375,0.5,394,1252096326617,6.51043089,297|329,STABLE_MULTI_RETURN_MECHANICAL
00000266--f9c40304ea--3,00000266,3,1000709,641|670,2,534,306086214345,66,2.75,0.6875,0.25,599,312586087307,6.499872962,670,STABLE_MULTI_RETURN_MECHANICAL
00000266--f9c40304ea--6,00000266,6,1000239,220|223,2,320,464776507180,66,2.75,0.46875,0.25,385,471275973333,6.499466153,220,STABLE_MULTI_RETURN_MECHANICAL
00000266--f9c40304ea--7,00000266,7,1000059,50|66,2,80,500776144300,66,2.25,0.25,0.25,145,507276530798,6.500386498,50,STABLE_MULTI_RETURN_MECHANICAL
00000267--5bcd0e5bb8--10,00000267,10,1000170,14|158,2,161,2825267724189,66,2.75,0.3125,0.0,226,2831768763297,6.501039108,14,STABLE_MULTI_RETURN_MECHANICAL
00000269--4014745f93--2,00000269,2,1000161,153|156,2,292,219965947144,66,2.25,0.3125,0.25,357,226465745618,6.499798474,153|156,STABLE_MULTI_RETURN_MECHANICAL
0000026b--4dfb361eee--9,0000026b,9,1000253,244|249,2,195,2855505925650,66,2.25,0.84375,0.25,260,2861994112411,6.488186761,244,STABLE_MULTI_RETURN_MECHANICAL
00000280--91181081d4--40,00000280,40,1000214,194|212,2,331,4898280208130,66,2.5,1.46875,0.25,396,4904780420922,6.500212792,194|212,STABLE_MULTI_RETURN_MECHANICAL
00000280--91181081d4--44,00000280,44,1000197,184|192,2,167,5122229983904,66,2.5,0.78125,0.25,232,5128740578135,6.510594231,184,STABLE_MULTI_RETURN_MECHANICAL
00000254--0ac259250e--13,00000254,13,1000029,30|52,2,383,873820547861,65,1.5,0.65625,0.0,447,880220827920,6.400280059,30,STABLE_MULTI_RETURN_MECHANICAL
00000254--0ac259250e--18,00000254,18,1000420,388|478,2,519,1187391256572,65,1.5,1.34375,0.25,583,1193791952580,6.400696008,388,STABLE_MULTI_RETURN_MECHANICAL
00000254--0ac259250e--37,00000254,37,1000597,540|560,2,468,2322301274642,65,2.25,0.6875,0.25,532,2328701187500,6.399912858,540,STABLE_MULTI_RETURN_MECHANICAL
00000257--d1cacb63a0--29,00000257,29,1000058,54|55,2,25,1828484326759,65,2.25,0.46875,0.25,89,1834884640138,6.400313379,54|55,STABLE_MULTI_RETURN_MECHANICAL
00000259--f920fb6ddd--35,00000259,35,1000282,276|287,2,399,2212429308253,65,2.25,0.5,0.25,463,2218829605063,6.40029681,276,STABLE_MULTI_RETURN_MECHANICAL
0000025d--70dff69b9d--23,0000025d,23,1000194,185|187,2,118,1463487374634,65,2.25,0.96875,0.25,182,1469897609727,6.410235093,185,STABLE_MULTI_RETURN_MECHANICAL
00000261--4ff9c41127--5,00000261,5,1000374,337|345,2,446,511747846271,65,1.5,0.53125,0.5,510,518147244725,6.399398454,337,STABLE_MULTI_RETURN_MECHANICAL
00000267--5bcd0e5bb8--11,00000267,11,1000411,373|376,2,275,2896665774967,65,2.5,1.5,0.5,339,2903066450710,6.400675743,373|376,STABLE_MULTI_RETURN_MECHANICAL
00000267--5bcd0e5bb8--8,00000267,8,1000491,453|537,2,420,2731176422356,65,1.0,1.03125,0.25,484,2737566604540,6.390182184,453,STABLE_MULTI_RETURN_MECHANICAL
00000267--5bcd0e5bb8--8,00000267,8,1000716,659|660|664,3,526,2741776111507,65,3.0,0.46875,0.25,590,2748166350170,6.390238663,659|660,STABLE_MULTI_RETURN_MECHANICAL
0000026a--171a0a1f5c--2,0000026a,2,1000246,217|232,2,422,216094002954,65,2.5,0.71875,0.25,486,222496020833,6.402017879,217,STABLE_MULTI_RETURN_MECHANICAL
0000026b--4dfb361eee--9,0000026b,9,1000317,305|310,2,268,2862794752554,65,3.0,0.625,0.25,332,2869194809385,6.400056831,305,STABLE_MULTI_RETURN_MECHANICAL
0000027f--cb2a133365--21,0000027f,21,1000128,124|128,2,114,1343648587294,65,2.0,1.21875,0.5,178,1350049006642,6.400419348,124|128,STABLE_MULTI_RETURN_MECHANICAL
00000294--307ed6c5e3--0,00000294,0,1000372,343|345,2,287,135674217568,65,1.75,0.0,0.5,351,142064344446,6.390126878,343,STABLE_MULTI_RETURN_MECHANICAL
00000294--307ed6c5e3--2,00000294,2,1000292,277|296,2,381,266505871843,65,1.5,0.5,0.5,445,272903696770,6.397824927,277,STABLE_MULTI_RETURN_MECHANICAL
0000029b--52f66a3abc--25,0000029b,25,1000177,171|173,2,160,1613158745580,65,2.0,0.53125,0.0,224,1619559574128,6.400828548,171,STABLE_MULTI_RETURN_MECHANICAL
00000257--d1cacb63a0--11,00000257,11,1000129,126|132,2,519,797843174461,64,2.0,0.6875,0.5,582,804142736221,6.29956176,126|132,STABLE_MULTI_RETURN_MECHANICAL
00000259--f920fb6ddd--4,00000259,4,1000275,257|260,2,339,346448690959,64,2.5,0.5,0.25,402,352729266970,6.280576011,257,STABLE_MULTI_RETURN_MECHANICAL
0000025b--22177da8d7--1,0000025b,1,1000062,61|95,2,263,158640437015,64,3.0,1.40625,0.0,326,164941011060,6.300574045,61,STABLE_MULTI_RETURN_MECHANICAL
00000261--4ff9c41127--6,00000261,6,1000350,330|336,2,435,570649514144,64,2.0,0.75,0.25,498,576957252998,6.307738854,330,STABLE_MULTI_RETURN_MECHANICAL
00000264--31b802e87a--28,00000264,28,1000002,3|5,2,109,1763771704653,64,0.75,0.4375,0.0,172,1770071560217,6.299855564,5,STABLE_MULTI_RETURN_MECHANICAL
00000266--f9c40304ea--8,00000266,8,1000003,4|7|11,3,2,552976516557,64,3.0,0.96875,0.5,65,559276133464,6.299616907,4,STABLE_MULTI_RETURN_MECHANICAL
00000267--5bcd0e5bb8--16,00000267,16,1000001,2|9,2,311,3200145758705,64,2.5,0.03125,0.5,374,3206445919470,6.300160765,2,STABLE_MULTI_RETURN_MECHANICAL
00000267--5bcd0e5bb8--9,00000267,9,1000454,433|435|436,3,331,2782266640295,64,2.25,0.75,0.5,394,2788565861686,6.299221391,433,STABLE_MULTI_RETURN_MECHANICAL
00000269--4014745f93--1,00000269,1,1000001,2|50,2,385,169217197707,64,2.5,1.46875,0.0,448,175506123243,6.288925536,2,STABLE_MULTI_RETURN_MECHANICAL
0000027f--cb2a133365--25,0000027f,25,1000006,7|8,2,2,1572520125564,64,2.0,0.65625,0.25,65,1578818501083,6.298375519,7,STABLE_MULTI_RETURN_MECHANICAL
0000027f--cb2a133365--26,0000027f,26,1000262,255|258,2,334,1665708431738,64,3.0,0.84375,0.25,397,1672008346151,6.299914413,255,STABLE_MULTI_RETURN_MECHANICAL
00000280--91181081d4--29,00000280,29,1000011,12|124,2,192,4224470452033,64,2.0,1.0,0.25,255,4230770276429,6.299824396,12,STABLE_MULTI_RETURN_MECHANICAL
00000280--91181081d4--4,00000280,4,1000547,523|534,2,509,2756280567614,64,2.25,0.5,0.25,572,2762580355408,6.299787794,523|534,STABLE_MULTI_RETURN_MECHANICAL
0000028b--ca855432c0--78,0000028b,78,1000117,113|114,2,107,4761490988478,64,2.5,0.5625,0.75,170,4767761062631,6.270074153,113|114,STABLE_MULTI_RETURN_MECHANICAL
0000029b--52f66a3abc--0,0000029b,0,1000283,264|290,2,334,128909163796,64,3.0,1.0,0.25,397,135209249834,6.300086038,264,STABLE_MULTI_RETURN_MECHANICAL
000002a2--b53d86b8b1--15,000002a2,15,1000002,3|153,2,238,993917072874,64,1.5,0.6875,0.75,301,1000206580316,6.289507442,3,STABLE_MULTI_RETURN_MECHANICAL
000002a2--b53d86b8b1--27,000002a2,27,1000406,380|387,2,416,1731847041782,64,2.5,0.625,0.5,479,1738146287095,6.299245313,380|387,STABLE_MULTI_RETURN_MECHANICAL
00000247--b657952782--34,00000247,34,1000034,35|42,2,392,2150313210682,63,1.5,0.625,0.0,454,2156513181063,6.199970381,35,STABLE_MULTI_RETURN_MECHANICAL
00000254--0ac259250e--38,00000254,38,1000309,268|273,2,239,2359401716264,63,2.0,0.96875,0.25,301,2365601036009,6.199319745,268,STABLE_MULTI_RETURN_MECHANICAL
00000261--4ff9c41127--2,00000261,2,1000001,106|164,2,168,303937581628,63,2.5,0.53125,0.25,230,310147307205,6.209725577,164,STABLE_MULTI_RETURN_MECHANICAL
00000266--f9c40304ea--8,00000266,8,1000002,3|18,2,29,555676458500,63,3.0,0.4375,0.25,91,561875973273,6.199514773,3,STABLE_MULTI_RETURN_MECHANICAL
00000269--4014745f93--1,00000269,1,1000012,13|14,2,90,139785749011,63,1.5,0.65625,0.0,152,145986589222,6.200840211,13,STABLE_MULTI_RETURN_MECHANICAL
0000026a--171a0a1f5c--16,0000026a,16,1000576,558|560,2,501,1063984709811,63,2.25,0.59375,0.5,563,1070183967834,6.199258023,558,STABLE_MULTI_RETURN_MECHANICAL
0000026a--171a0a1f5c--32,0000026a,32,1000010,11|32,2,71,1981054440054,63,1.0,0.25,0.25,133,1987254166239,6.199726185,32,STABLE_MULTI_RETURN_MECHANICAL
0000026a--171a0a1f5c--33,0000026a,33,1000339,309|310,2,317,2065644112161,63,2.5,0.8125,0.5,379,2071844106926,6.199994765,310,STABLE_MULTI_RETURN_MECHANICAL
0000027f--cb2a133365--13,0000027f,13,1000004,5|8,2,46,856898794781,63,1.0,1.1875,0.0,108,863098811385,6.200016604,5,STABLE_MULTI_RETURN_MECHANICAL
00000280--91181081d4--37,00000280,37,1000036,37|96,2,56,4690810471433,63,2.75,1.03125,0.5,118,4697010204095,6.199732662,37|96,STABLE_MULTI_RETURN_MECHANICAL
00000283--b395338ef9--2,00000283,2,1000613,576|582,2,475,1053067825872,63,1.25,0.40625,0.0,537,1059267543477,6.199717605,576,STABLE_MULTI_RETURN_MECHANICAL
00000294--307ed6c5e3--16,00000294,16,1000414,410|411,2,396,1107934400804,63,2.5,0.90625,0.5,458,1114134466991,6.200066187,410|411,STABLE_MULTI_RETURN_MECHANICAL
00000255--d1d0ee73c5--35,00000255,35,1000013,27|118,2,86,5861751300210,62,2.5,1.21875,0.25,147,5867851394344,6.100094134,27,STABLE_MULTI_RETURN_MECHANICAL
00000255--d1d0ee73c5--38,00000255,38,1000255,244|245,2,220,6055141378741,62,3.0,1.03125,0.5,281,6061240355997,6.098977256,244,STABLE_MULTI_RETURN_MECHANICAL
00000259--f920fb6ddd--9,00000259,9,1000003,4|5,2,2,612699190443,62,2.0,0.6875,0.25,63,618799029724,6.099839281,4,STABLE_MULTI_RETURN_MECHANICAL
00000261--4ff9c41127--2,00000261,2,1000561,522|548,2,537,340837888668,62,2.25,0.375,0.25,598,346937085549,6.099196881,522|548,STABLE_MULTI_RETURN_MECHANICAL
00000266--f9c40304ea--9,00000266,9,1000474,453|457,2,484,661186561476,62,1.75,1.3125,0.25,545,667276635379,6.090073903,453,STABLE_MULTI_RETURN_MECHANICAL
00000267--5bcd0e5bb8--8,00000267,8,1000609,561|562,2,440,2733176655308,62,2.0,0.28125,0.0,501,2739266585765,6.089930457,561,STABLE_MULTI_RETURN_MECHANICAL
0000027f--cb2a133365--8,0000027f,8,1000175,171|178,2,212,573528233683,62,3.0,0.75,0.25,273,579628479325,6.100245642,171|178,STABLE_MULTI_RETURN_MECHANICAL
0000029b--52f66a3abc--27,0000029b,27,1000566,529|531,2,498,1766939381178,62,2.25,0.71875,0.25,559,1773039685997,6.100304819,529,STABLE_MULTI_RETURN_MECHANICAL
00000254--0ac259250e--39,00000254,39,1000001,2|10,2,36,2399100695814,61,2.5,1.25,0.0,96,2405102019290,6.001323476,2,STABLE_MULTI_RETURN_MECHANICAL
00000255--d1d0ee73c5--31,00000255,31,1000229,222|259,2,187,5631860723258,61,2.5,0.46875,0.25,247,5637860788960,6.000065702,222,STABLE_MULTI_RETURN_MECHANICAL
00000257--d1cacb63a0--0,00000257,0,1000349,299|333,2,497,133653623946,61,2.0,0.875,0.25,557,139652900045,5.999276099,299,STABLE_MULTI_RETURN_MECHANICAL
00000259--f920fb6ddd--32,00000259,32,1000105,103|112,2,220,2014538807781,61,2.75,0.53125,0.25,280,2020539000986,6.000193205,103,STABLE_MULTI_RETURN_MECHANICAL
00000259--f920fb6ddd--34,00000259,34,1000017,18|20,2,9,2113429511047,61,2.25,0.59375,0.25,69,2119428560970,5.999049923,18,STABLE_MULTI_RETURN_MECHANICAL
00000259--f920fb6ddd--4,00000259,4,1000273,255|256,2,336,346149648954,61,2.25,0.375,0.25,396,352129572369,5.979923415,255|256,STABLE_MULTI_RETURN_MECHANICAL
0000025c--0795289e2c--1,0000025c,1,1000478,453|456,2,429,156875388901,61,2.5,0.46875,0.5,489,162874721031,5.99933213,453,STABLE_MULTI_RETURN_MECHANICAL
00000264--31b802e87a--2,00000264,2,1000050,49|54,2,178,210721039510,61,2.75,0.5,0.25,238,216721464942,6.000425432,49,STABLE_MULTI_RETURN_MECHANICAL
0000026a--171a0a1f5c--26,0000026a,26,1000417,400|404,2,308,1644724145447,61,2.75,0.59375,0.5,368,1650725570233,6.001424786,400|404,STABLE_MULTI_RETURN_MECHANICAL
