key,scan,scan_ns,policy,effect,baseline_lead1,candidate_lead1,baseline_lead2,candidate_lead2
00000243--a4d9c0a5dd--0,201,177593511568,P5,LEAD_COORDINATE_ONLY,57,57,-1,-1
00000243--a4d9c0a5dd--0,202,177693232276,P5,LEAD_COORDINATE_ONLY,57,57,-1,-1
00000243--a4d9c0a5dd--0,203,177792901767,P5,LEAD_COORDINATE_ONLY,57,57,-1,-1
00000243--a4d9c0a5dd--0,204,177893419091,P5,LEAD_COORDINATE_ONLY,57,57,-1,-1
00000243--a4d9c0a5dd--0,205,177992775478,P5,LEAD_COORDINATE_ONLY,57,57,-1,-1
00000243--a4d9c0a5dd--0,206,178092580089,P5,LEAD_COORDINATE_ONLY,57,57,-1,-1
00000243--a4d9c0a5dd--0,220,179492438436,P5,LEAD_COORDINATE_ONLY,94,94,-1,-1
00000243--a4d9c0a5dd--0,221,179592641189,P5,LEAD_COORDINATE_ONLY,94,94,-1,-1
00000243--a4d9c0a5dd--0,222,179694974331,P5,LEAD_COORDINATE_ONLY,94,94,-1,-1
00000243--a4d9c0a5dd--0,223,179793224633,P5,LEAD_COORDINATE_ONLY,94,94,-1,-1
00000243--a4d9c0a5dd--0,224,179893404197,P5,LEAD_COORDINATE_ONLY,94,94,-1,-1
00000243--a4d9c0a5dd--0,225,179993078716,P5,LEAD_COORDINATE_ONLY,94,94,-1,-1
00000243--a4d9c0a5dd--0,226,180092669444,P5,LEAD_COORDINATE_ONLY,94,94,-1,-1
00000243--a4d9c0a5dd--0,227,180192949850,P5,LEAD_COORDINATE_ONLY,94,94,-1,-1
00000243--a4d9c0a5dd--0,228,180293174412,P5,LEAD_COORDINATE_ONLY,94,94,-1,-1
00000243--a4d9c0a5dd--0,229,180403458253,P5,LEAD_COORDINATE_ONLY,94,94,-1,-1
00000243--a4d9c0a5dd--0,230,180493361577,P5,LEAD_COORDINATE_ONLY,94,94,-1,-1
00000243--a4d9c0a5dd--0,231,180593624984,P5,LEAD_COORDINATE_ONLY,94,94,-1,-1
00000243--a4d9c0a5dd--0,232,180693298930,P5,LEAD_COORDINATE_ONLY,94,94,-1,-1
00000243--a4d9c0a5dd--0,233,180802583621,P5,LEAD_COORDINATE_ONLY,94,94,-1,-1
00000243--a4d9c0a5dd--0,234,180903320804,P5,LEAD_COORDINATE_ONLY,94,94,-1,-1
00000243--a4d9c0a5dd--0,235,181003016758,P5,LEAD_COORDINATE_ONLY,94,94,-1,-1
00000243--a4d9c0a5dd--0,236,181094489253,P5,LEAD_COORDINATE_ONLY,94,94,-1,-1
00000243--a4d9c0a5dd--0,237,181194492153,P5,LEAD_COORDINATE_ONLY,94,94,-1,-1
00000243--a4d9c0a5dd--0,238,181294063338,P5,LEAD_COORDINATE_ONLY,94,94,-1,-1
00000247--b657952782--1,367,167763827908,P5,LEAD_GAIN,-1,32,-1,-1
00000247--b657952782--15,349,1005963062655,P5,LEAD_COORDINATE_ONLY,95,95,-1,-1
00000247--b657952782--15,350,1006063238002,P5,LEAD_COORDINATE_ONLY,95,95,-1,-1
00000247--b657952782--15,351,1006162219432,P5,LEAD_COORDINATE_ONLY,95,95,-1,-1
00000247--b657952782--15,352,1006263071498,P5,LEAD_COORDINATE_ONLY,95,95,-1,-1
00000247--b657952782--15,353,1006362491905,P5,LEAD_COORDINATE_ONLY,95,95,-1,-1
00000247--b657952782--15,354,1006462604810,P5,LEAD_COORDINATE_ONLY,95,95,-1,-1
00000247--b657952782--15,355,1006563147890,P5,LEAD_COORDINATE_ONLY,95,95,-1,-1
00000247--b657952782--15,356,1006662858326,P5,LEAD_COORDINATE_ONLY,95,95,-1,-1
00000247--b657952782--15,357,1006763075546,P5,LEAD_COORDINATE_ONLY,95,95,-1,-1
00000247--b657952782--15,358,1006862997372,P5,LEAD_COORDINATE_ONLY,95,95,-1,-1
00000247--b657952782--15,359,1006962617191,P5,LEAD_COORDINATE_ONLY,95,95,-1,-1
00000247--b657952782--15,360,1007063097359,P5,LEAD_COORDINATE_ONLY,95,95,-1,-1
00000247--b657952782--15,361,1007165222190,P5,LEAD_COORDINATE_ONLY,95,95,-1,-1
00000247--b657952782--15,362,1007264552189,P5,LEAD_COORDINATE_ONLY,95,95,-1,-1
00000247--b657952782--15,363,1007363249528,P5,LEAD_COORDINATE_ONLY,95,95,-1,-1
00000247--b657952782--15,364,1007463114850,P5,LEAD_COORDINATE_ONLY,95,95,-1,-1
00000247--b657952782--15,365,1007563131618,P5,LEAD_COORDINATE_ONLY,95,95,-1,-1
00000247--b657952782--15,366,1007663106930,P5,LEAD_COORDINATE_ONLY,95,95,-1,-1
00000247--b657952782--2,223,213442915694,P5,LEAD_COORDINATE_ONLY,93,93,-1,-1
00000247--b657952782--36,471,2278222956951,P5,LEAD_COORDINATE_ONLY,56,56,-1,-1
00000247--b657952782--36,472,2278323253069,P5,LEAD_COORDINATE_ONLY,56,56,-1,-1
00000247--b657952782--36,473,2278422500019,P5,LEAD_COORDINATE_ONLY,56,56,-1,-1
00000247--b657952782--36,474,2278523085646,P5,LEAD_COORDINATE_ONLY,56,56,-1,-1
00000247--b657952782--36,485,2279622314042,P5,LEAD_COORDINATE_ONLY,56,56,-1,-1
00000247--b657952782--36,486,2279723181212,P5,LEAD_COORDINATE_ONLY,56,56,-1,-1
00000247--b657952782--39,150,2426134663327,P5,LEAD_COORDINATE_ONLY,45,45,-1,-1
00000247--b657952782--39,226,2433732879495,P5,LEAD_COORDINATE_ONLY,86,86,-1,-1
00000247--b657952782--39,227,2433833111366,P5,LEAD_COORDINATE_ONLY,86,86,-1,-1
00000247--b657952782--39,262,2437332936397,P5,LEAD_COORDINATE_ONLY,86,86,-1,-1
00000247--b657952782--39,263,2437434002472,P5,LEAD_COORDINATE_ONLY,86,86,-1,-1
00000247--b657952782--39,264,2437534185694,P5,LEAD_COORDINATE_ONLY,86,86,-1,-1
00000247--b657952782--39,265,2437632406225,P5,LEAD_COORDINATE_ONLY,86,86,-1,-1
00000247--b657952782--39,266,2437732339541,P5,LEAD_COORDINATE_ONLY,86,86,-1,-1
00000247--b657952782--39,267,2437832758399,P5,LEAD_COORDINATE_ONLY,86,86,-1,-1
00000247--b657952782--39,268,2437932909225,P5,LEAD_COORDINATE_ONLY,86,86,-1,-1
00000247--b657952782--39,269,2438033107500,P5,LEAD_COORDINATE_ONLY,86,86,-1,-1
00000247--b657952782--39,270,2438133196969,P5,LEAD_COORDINATE_ONLY,86,86,-1,-1
00000247--b657952782--39,271,2438233224074,P5,LEAD_COORDINATE_ONLY,86,86,-1,-1
00000247--b657952782--39,272,2438333089184,P5,LEAD_COORDINATE_ONLY,86,86,-1,-1
00000247--b657952782--39,273,2438432886947,P5,LEAD_COORDINATE_ONLY,86,86,-1,-1
00000247--b657952782--39,274,2438532418917,P5,LEAD_COORDINATE_ONLY,86,86,-1,-1
00000247--b657952782--39,275,2438632750715,P5,LEAD_COORDINATE_ONLY,86,86,-1,-1
00000247--b657952782--39,276,2438732675775,P5,LEAD_COORDINATE_ONLY,86,86,-1,-1
00000247--b657952782--39,277,2438832199724,P5,LEAD_COORDINATE_ONLY,86,86,-1,-1
00000247--b657952782--39,278,2438932872786,P5,LEAD_COORDINATE_ONLY,86,86,-1,-1
00000247--b657952782--39,279,2439034402033,P5,LEAD_COORDINATE_ONLY,86,86,-1,-1
00000247--b657952782--39,280,2439134750914,P5,LEAD_COORDINATE_ONLY,86,86,-1,-1
00000247--b657952782--39,281,2439232791812,P5,LEAD_COORDINATE_ONLY,86,86,-1,-1
00000247--b657952782--39,282,2439332932169,P5,LEAD_COORDINATE_ONLY,86,86,-1,-1
00000247--b657952782--39,283,2439433189719,P5,LEAD_COORDINATE_ONLY,86,86,-1,-1
00000247--b657952782--6,364,467532720322,P5,LEAD_COORDINATE_ONLY,77,77,-1,-1
00000247--b657952782--6,365,467632799032,P5,LEAD_COORDINATE_ONLY,77,77,-1,-1
00000247--b657952782--6,366,467732872273,P5,LEAD_COORDINATE_ONLY,77,77,-1,-1
00000247--b657952782--6,371,468232462938,P5,LEAD_COORDINATE_ONLY,77,77,-1,-1
00000247--b657952782--6,372,468332960560,P5,LEAD_COORDINATE_ONLY,77,77,-1,-1
00000247--b657952782--6,379,469033353722,P5,LEAD_COORDINATE_ONLY,77,77,-1,-1
00000247--b657952782--6,380,469133032067,P5,LEAD_COORDINATE_ONLY,77,77,-1,-1
00000247--b657952782--6,381,469233167665,P5,LEAD_COORDINATE_ONLY,77,77,-1,-1
00000247--b657952782--6,385,469633115158,P5,LEAD_COORDINATE_ONLY,77,77,-1,-1
00000247--b657952782--6,386,469733245799,P5,LEAD_COORDINATE_ONLY,77,77,-1,-1
00000247--b657952782--6,387,469832587629,P5,LEAD_COORDINATE_ONLY,77,77,-1,-1
00000247--b657952782--6,388,469932783788,P5,LEAD_COORDINATE_ONLY,77,77,-1,-1
00000247--b657952782--6,396,470732504441,P5,LEAD_COORDINATE_ONLY,77,77,-1,-1
00000247--b657952782--6,397,470832561471,P5,LEAD_COORDINATE_ONLY,77,77,-1,-1
00000247--b657952782--6,398,470933192062,P5,LEAD_COORDINATE_ONLY,77,77,-1,-1
00000247--b657952782--6,399,471032773024,P5,LEAD_COORDINATE_ONLY,77,77,-1,-1
00000247--b657952782--6,400,471132428201,P5,LEAD_COORDINATE_ONLY,77,77,-1,-1
00000247--b657952782--6,414,472532361812,P5,LEAD_COORDINATE_ONLY,77,77,-1,-1
00000247--b657952782--6,415,472633284010,P5,LEAD_COORDINATE_ONLY,77,77,-1,-1
00000247--b657952782--6,416,472732654265,P5,LEAD_COORDINATE_ONLY,77,77,-1,-1
00000247--b657952782--6,417,472832371374,P5,LEAD_COORDINATE_ONLY,77,77,-1,-1
00000247--b657952782--6,418,472933294145,P5,LEAD_COORDINATE_ONLY,77,77,-1,-1
00000247--b657952782--6,419,473033218535,P5,LEAD_COORDINATE_ONLY,77,77,-1,-1
00000247--b657952782--6,420,473132691857,P5,LEAD_COORDINATE_ONLY,77,77,-1,-1
00000247--b657952782--6,421,473234945529,P5,LEAD_COORDINATE_ONLY,77,77,-1,-1
00000250--8354d55131--0,42,57998447736,P5,LEAD_ID_CHANGED,33,32,-1,-1
00000250--8354d55131--0,43,58097754507,P5,LEAD_ID_CHANGED,33,32,-1,-1
00000250--8354d55131--0,44,58198397892,P5,LEAD_ID_CHANGED,33,32,-1,-1
00000250--8354d55131--0,45,58297867944,P5,LEAD_ID_CHANGED,33,32,-1,-1
00000250--8354d55131--0,46,58397794142,P5,LEAD_ID_CHANGED,33,32,-1,-1
00000250--8354d55131--0,47,58507859976,P5,LEAD_ID_CHANGED,33,32,-1,-1
00000250--8354d55131--0,48,58599109090,P5,LEAD_ID_CHANGED,33,32,-1,-1
00000250--8354d55131--0,49,58699762319,P5,LEAD_ID_CHANGED,33,32,-1,-1
00000250--8354d55131--0,50,58798438309,P5,LEAD_ID_CHANGED,33,32,-1,-1
00000250--8354d55131--0,51,58899101590,P5,LEAD_ID_CHANGED,33,32,-1,-1
00000250--8354d55131--0,52,58997927267,P5,LEAD_ID_CHANGED,33,32,-1,-1
00000250--8354d55131--0,53,59098179090,P5,LEAD_ID_CHANGED,33,32,-1,-1
00000250--8354d55131--0,54,59207544559,P5,LEAD_ID_CHANGED,33,32,-1,-1
00000250--8354d55131--0,55,59298171017,P5,LEAD_ID_CHANGED,33,32,-1,-1
00000250--8354d55131--0,56,59407400600,P5,LEAD_ID_CHANGED,33,32,-1,-1
00000250--8354d55131--0,57,59498082423,P5,LEAD_ID_CHANGED,33,32,-1,-1
00000250--8354d55131--0,58,59597896902,P5,LEAD_ID_CHANGED,33,32,-1,-1
00000250--8354d55131--0,59,59707856121,P5,LEAD_ID_CHANGED,33,32,-1,-1
00000250--8354d55131--0,60,59798463413,P5,LEAD_ID_CHANGED,33,32,-1,-1
00000250--8354d55131--0,61,59897744610,P5,LEAD_ID_CHANGED,33,32,-1,-1
00000250--8354d55131--0,62,59998281642,P5,LEAD_ID_CHANGED,33,32,-1,-1
00000250--8354d55131--0,63,60098196173,P5,LEAD_ID_CHANGED,33,32,-1,-1
00000250--8354d55131--0,64,60208116329,P5,LEAD_ID_CHANGED,33,32,-1,-1
00000250--8354d55131--0,65,60307941433,P5,LEAD_ID_CHANGED,33,32,-1,-1
00000250--8354d55131--0,66,60408176433,P5,LEAD_ID_CHANGED,33,32,-1,-1
00000250--8354d55131--1,501,166028232877,P5,LEAD_ID_CHANGED,93,78,-1,-1
00000250--8354d55131--1,530,168927808761,P5,LEAD_COORDINATE_ONLY,78,78,-1,-1
00000250--8354d55131--1,531,169028209605,P5,LEAD_COORDINATE_ONLY,78,78,-1,-1
00000250--8354d55131--1,532,169128484773,P5,LEAD_GAIN,-1,78,-1,-1
00000250--8354d55131--1,533,169228719244,P5,LEAD_COORDINATE_ONLY,78,78,-1,-1
00000250--8354d55131--1,535,169427540100,P5,LEAD_ID_CHANGED,68,78,-1,-1
00000250--8354d55131--1,536,169527287554,P5,LEAD_ID_CHANGED,72,78,-1,-1
00000250--8354d55131--1,552,171127770923,P5,LEAD_ID_CHANGED,78,66,-1,-1
00000250--8354d55131--1,553,171227419488,P5,LEAD_ID_CHANGED,78,63,-1,-1
00000250--8354d55131--1,554,171327688987,P5,LEAD_ID_CHANGED,78,63,-1,-1
00000250--8354d55131--1,555,171427758437,P5,LEAD_COORDINATE_ONLY,78,78,-1,-1
00000250--8354d55131--1,556,171528200174,P5,LEAD_COORDINATE_ONLY,78,78,-1,-1
00000250--8354d55131--1,557,171628297853,P5,LEAD_COORDINATE_ONLY,78,78,-1,-1
00000250--8354d55131--1,558,171727857414,P5,LEAD_COORDINATE_ONLY,78,78,-1,-1
00000250--8354d55131--1,559,171827850563,P5,LEAD_COORDINATE_ONLY,78,78,-1,-1
00000250--8354d55131--1,560,171928147250,P5,LEAD_COORDINATE_ONLY,78,78,-1,-1
00000250--8354d55131--1,561,172028163524,P5,LEAD_COORDINATE_ONLY,78,78,-1,-1
00000250--8354d55131--1,562,172127577983,P5,LEAD_COORDINATE_ONLY,78,78,-1,-1
00000250--8354d55131--1,563,172227610484,P5,LEAD_COORDINATE_ONLY,78,78,-1,-1
00000250--8354d55131--2,35,179327298383,P5,LEAD_COORDINATE_ONLY,33,33,-1,-1
00000250--8354d55131--2,36,179427590426,P5,LEAD_COORDINATE_ONLY,33,33,-1,-1
00000250--8354d55131--2,37,179528149237,P5,LEAD_COORDINATE_ONLY,33,33,-1,-1
00000252--d191bee66c--0,39,76518264136,P5,LEAD_COORDINATE_ONLY,34,34,-1,-1
00000252--d191bee66c--0,40,76617823668,P5,LEAD_COORDINATE_ONLY,34,34,-1,-1
00000252--d191bee66c--0,41,76718180855,P5,LEAD_COORDINATE_ONLY,34,34,-1,-1
00000252--d191bee66c--0,42,76817847470,P5,LEAD_COORDINATE_ONLY,34,34,-1,-1
00000252--d191bee66c--0,43,76918896845,P5,LEAD_COORDINATE_ONLY,34,34,-1,-1
00000252--d191bee66c--0,44,77018575699,P5,LEAD_COORDINATE_ONLY,34,34,-1,-1
00000252--d191bee66c--0,45,77118249032,P5,LEAD_COORDINATE_ONLY,34,34,-1,-1
00000252--d191bee66c--0,46,77217977417,P5,LEAD_COORDINATE_ONLY,34,34,-1,-1
00000252--d191bee66c--0,47,77318214449,P5,LEAD_COORDINATE_ONLY,34,34,-1,-1
00000252--d191bee66c--0,48,77418029240,P5,LEAD_COORDINATE_ONLY,34,34,-1,-1
00000252--d191bee66c--0,49,77518049813,P5,LEAD_COORDINATE_ONLY,34,34,-1,-1
00000252--d191bee66c--0,50,77618641375,P5,LEAD_COORDINATE_ONLY,34,34,-1,-1
00000252--d191bee66c--0,51,77718806115,P5,LEAD_COORDINATE_ONLY,34,34,-1,-1
00000252--d191bee66c--0,52,77818059657,P5,LEAD_COORDINATE_ONLY,34,34,-1,-1
00000252--d191bee66c--0,53,77918397782,P5,LEAD_COORDINATE_ONLY,34,34,-1,-1
00000252--d191bee66c--0,54,78018121063,P5,LEAD_COORDINATE_ONLY,34,34,-1,-1
00000252--d191bee66c--0,55,78117972834,P5,LEAD_COORDINATE_ONLY,34,34,-1,-1
00000252--d191bee66c--0,56,78218286479,P5,LEAD_COORDINATE_ONLY,34,34,-1,-1
00000252--d191bee66c--0,57,78317916375,P5,LEAD_COORDINATE_ONLY,34,34,-1,-1
00000252--d191bee66c--0,58,78419968094,P5,LEAD_COORDINATE_ONLY,34,34,-1,-1
00000252--d191bee66c--0,59,78518049083,P5,LEAD_COORDINATE_ONLY,34,34,-1,-1
00000252--d191bee66c--0,60,78618108927,P5,LEAD_COORDINATE_ONLY,34,34,-1,-1
00000252--d191bee66c--0,61,78717979135,P5,LEAD_COORDINATE_ONLY,34,34,-1,-1
00000252--d191bee66c--0,62,78817876896,P5,LEAD_COORDINATE_ONLY,34,34,-1,-1
00000252--d191bee66c--0,63,78917985385,P5,LEAD_COORDINATE_ONLY,34,34,-1,-1
00000252--d191bee66c--1,51,139458564811,P5,LEAD_COORDINATE_ONLY,55,55,-1,-1
00000252--d191bee66c--1,52,139558878689,P5,LEAD_COORDINATE_ONLY,55,55,-1,-1
00000252--d191bee66c--1,53,139658243030,P5,LEAD_COORDINATE_ONLY,55,55,-1,-1
00000252--d191bee66c--1,54,139758182771,P5,LEAD_COORDINATE_ONLY,55,55,-1,-1
00000252--d191bee66c--1,55,139857991514,P5,LEAD_COORDINATE_ONLY,55,55,-1,-1
00000252--d191bee66c--1,254,159748741091,P5,LEAD_COORDINATE_ONLY,83,83,-1,-1
00000252--d191bee66c--2,236,217938398500,P5,LEAD_COORDINATE_ONLY,33,33,-1,-1
00000252--d191bee66c--2,237,218038664643,P5,LEAD_COORDINATE_ONLY,33,33,-1,-1
00000252--d191bee66c--2,238,218139379866,P5,LEAD_COORDINATE_ONLY,33,33,-1,-1
00000254--0ac259250e--0,57,59190849507,P5,LEAD_COORDINATE_ONLY,33,33,-1,-1
00000254--0ac259250e--0,58,59290316018,P5,LEAD_COORDINATE_ONLY,33,33,-1,-1
00000254--0ac259250e--0,59,59391315966,P5,LEAD_COORDINATE_ONLY,33,33,-1,-1
00000254--0ac259250e--0,60,59490687840,P5,LEAD_COORDINATE_ONLY,33,33,-1,-1
00000254--0ac259250e--0,94,62890545339,P5,LEAD_ID_CHANGED,36,51,-1,-1
00000254--0ac259250e--0,119,65390603515,P5,LEAD_ID_CHANGED,36,51,-1,-1
00000254--0ac259250e--0,120,65491023567,P5,LEAD_ID_CHANGED,36,51,-1,-1
00000254--0ac259250e--0,121,65591203932,P5,LEAD_COORDINATE_ONLY,36,36,-1,-1
00000254--0ac259250e--0,122,65690334817,P5,LEAD_COORDINATE_ONLY,36,36,-1,-1
00000254--0ac259250e--0,123,65790555130,P5,LEAD_COORDINATE_ONLY,36,36,-1,-1
00000254--0ac259250e--0,124,65890698723,P5,LEAD_COORDINATE_ONLY,36,36,-1,-1
00000254--0ac259250e--0,125,65991001432,P5,LEAD_COORDINATE_ONLY,36,36,-1,-1
00000254--0ac259250e--0,126,66092924609,P5,LEAD_COORDINATE_ONLY,36,36,-1,-1
00000254--0ac259250e--0,127,66190627369,P5,LEAD_COORDINATE_ONLY,36,36,-1,-1
00000254--0ac259250e--0,128,66290977057,P5,LEAD_COORDINATE_ONLY,36,36,-1,-1
00000254--0ac259250e--0,129,66390685390,P5,LEAD_COORDINATE_ONLY,36,36,-1,-1
00000254--0ac259250e--0,130,66490377838,P5,LEAD_COORDINATE_ONLY,36,36,-1,-1
00000254--0ac259250e--0,131,66590875338,P5,LEAD_COORDINATE_ONLY,36,36,-1,-1
00000254--0ac259250e--0,168,70291776378,P5,LEAD_COORDINATE_ONLY,36,36,-1,-1
00000254--0ac259250e--0,171,70590448565,P5,LEAD_COORDINATE_ONLY,36,36,-1,-1
00000254--0ac259250e--0,172,70690151013,P5,LEAD_COORDINATE_ONLY,36,36,-1,-1
00000254--0ac259250e--0,173,70791287732,P5,LEAD_COORDINATE_ONLY,36,36,-1,-1
00000254--0ac259250e--0,175,70991214503,P5,LEAD_COORDINATE_ONLY,36,36,-1,-1
00000254--0ac259250e--0,176,71090797888,P5,LEAD_COORDINATE_ONLY,36,36,-1,-1
00000254--0ac259250e--0,178,71291013357,P5,LEAD_COORDINATE_ONLY,36,36,-1,-1
00000254--0ac259250e--1,33,118820624037,P5,LEAD_COORDINATE_ONLY,89,89,-1,-1
00000254--0ac259250e--1,34,118920171826,P5,LEAD_COORDINATE_ONLY,89,89,-1,-1
00000254--0ac259250e--1,35,119020908608,P5,LEAD_COORDINATE_ONLY,89,89,-1,-1
00000254--0ac259250e--1,106,126120475318,P5,LEAD_COORDINATE_ONLY,65,65,-1,-1
00000254--0ac259250e--1,115,127021242310,P5,LEAD_COORDINATE_ONLY,65,65,-1,-1
00000254--0ac259250e--1,116,127120599083,P5,LEAD_COORDINATE_ONLY,65,65,-1,-1
00000254--0ac259250e--1,117,127221188661,P5,LEAD_COORDINATE_ONLY,65,65,-1,-1
00000254--0ac259250e--1,118,127320649925,P5,LEAD_COORDINATE_ONLY,65,65,-1,-1
00000254--0ac259250e--1,119,127430168871,P5,LEAD_COORDINATE_ONLY,65,65,-1,-1
00000254--0ac259250e--1,120,127520433133,P5,LEAD_COORDINATE_ONLY,65,65,-1,-1
00000254--0ac259250e--1,121,127630157988,P5,LEAD_COORDINATE_ONLY,65,65,-1,-1
00000254--0ac259250e--1,122,127720962874,P5,LEAD_COORDINATE_ONLY,65,65,-1,-1
00000254--0ac259250e--1,123,127831030477,P5,LEAD_COORDINATE_ONLY,65,65,-1,-1
00000254--0ac259250e--1,363,151801034817,P5,LEAD_COORDINATE_ONLY,40,40,-1,-1
00000254--0ac259250e--1,366,152100468348,P5,LEAD_COORDINATE_ONLY,40,40,-1,-1
00000254--0ac259250e--1,367,152202120113,P5,LEAD_COORDINATE_ONLY,40,40,-1,-1
00000254--0ac259250e--1,368,152302882204,P5,LEAD_COORDINATE_ONLY,40,40,-1,-1
00000254--0ac259250e--1,369,152400777128,P5,LEAD_COORDINATE_ONLY,40,40,-1,-1
00000254--0ac259250e--1,370,152500306517,P5,LEAD_COORDINATE_ONLY,40,40,-1,-1
00000254--0ac259250e--1,479,163370744694,P5,LEAD_COORDINATE_ONLY,40,40,-1,-1
00000254--0ac259250e--11,332,748741033164,P5,LEAD_ID_CHANGED,64,32,-1,-1
00000254--0ac259250e--11,333,748840884085,P5,LEAD_ID_CHANGED,64,32,-1,-1
00000254--0ac259250e--11,334,748940172093,P5,LEAD_ID_CHANGED,64,32,-1,-1
00000254--0ac259250e--11,335,749041161704,P5,LEAD_COORDINATE_ONLY,64,64,-1,-1
00000254--0ac259250e--11,336,749141068292,P5,LEAD_COORDINATE_ONLY,64,64,-1,-1
00000254--0ac259250e--11,337,749241286071,P5,LEAD_COORDINATE_ONLY,64,64,-1,-1
00000254--0ac259250e--11,342,749740203556,P5,LEAD_COORDINATE_ONLY,64,64,-1,-1
00000254--0ac259250e--12,577,833231002319,P5,LEAD_COORDINATE_ONLY,75,75,-1,-1
00000254--0ac259250e--13,21,837630570842,P5,LEAD_COORDINATE_ONLY,40,40,-1,-1
00000254--0ac259250e--13,22,837730425741,P5,LEAD_COORDINATE_ONLY,40,40,-1,-1
00000254--0ac259250e--13,23,837831643256,P5,LEAD_COORDINATE_ONLY,40,40,-1,-1
00000254--0ac259250e--13,24,837930617642,P5,LEAD_COORDINATE_ONLY,40,40,-1,-1
00000254--0ac259250e--13,25,838032853941,P5,LEAD_COORDINATE_ONLY,40,40,-1,-1
00000254--0ac259250e--13,26,838130472274,P5,LEAD_COORDINATE_ONLY,40,40,-1,-1
00000254--0ac259250e--13,27,838231255443,P5,LEAD_COORDINATE_ONLY,40,40,-1,-1
00000254--0ac259250e--13,28,838330430597,P5,LEAD_COORDINATE_ONLY,40,40,-1,-1
00000254--0ac259250e--13,29,838430753902,P5,LEAD_COORDINATE_ONLY,40,40,-1,-1
00000254--0ac259250e--13,30,838530194776,P5,LEAD_COORDINATE_ONLY,40,40,-1,-1
00000254--0ac259250e--13,31,838631115915,P5,LEAD_COORDINATE_ONLY,40,40,-1,-1
00000254--0ac259250e--13,32,838730533719,P5,LEAD_COORDINATE_ONLY,40,40,-1,-1
00000254--0ac259250e--13,33,838831221905,P5,LEAD_COORDINATE_ONLY,40,40,-1,-1
00000254--0ac259250e--13,36,839130883970,P5,LEAD_COORDINATE_ONLY,40,40,-1,-1
00000254--0ac259250e--13,37,839230905639,P5,LEAD_COORDINATE_ONLY,40,40,-1,-1
