event_id,key,scan,scan_ns,pid,category,old_members,new_members,old_representative,new_representative,old_rep_still_member,required_change,delta_d,delta_y,delta_v,abs_delta_d,abs_delta_y,abs_delta_v,old_published,new_published,old_alias,new_alias,publication_effect,publication_delta_d,publication_delta_y,publication_delta_v,publication_delta_aLead,radarstate_effect,radarstate_affected,score_delta,old_cost,new_cost,best_vision,old_vision,best_oem,old_oem,support_superiority,group_size_before,group_size_after,old_d,old_y,old_v,old_age,new_d,new_y,new_v,new_age,old_aRel,new_aRel,old_member_current_d,old_member_current_y,old_member_current_v,old_member_current_age,old_member_current_slot,old_member_current_measurement_ns,new_member_current_d,new_member_current_y,new_member_current_v,new_member_current_age,new_member_current_slot,new_member_current_measurement_ns,old_published_aLead,new_published_aLead,lead_role_before,lead_role_after,previous_rep_dwell_scans,previous_rep_dwell_s
00000269--4014745f93--7:7:1000002,00000269--4014745f93--7,7,491536554413,1000002,R1_STABLE_GROUP_REP_CHANGE,3|6,3|6,3,6,1,0,-1.75,-0.09375,0.25,1.75,0.09375,0.25,1,1,34,34,P2_PUBLISHED_COORDINATE_CHANGE,-1.7608222961425781,-0.09375,0.25,0.40023786928899696,NO_DOWNSTREAM_EFFECT,0,1.3516895325448859,1.902407266272443,0.5507177337275571,0,0,0,0,0,2,2,37.75,-5.15625,-21.5,7,36.0,-5.25,-21.25,8,N/A_NAN,N/A_NAN,33.75,-5.09375,-21.5,8,6,491536554413,36.0,-5.25,-21.25,8,11,491536554413,-0.288547990784878,0.11168987850411899,,,7,0.600243802
00000269--4014745f93--7:8:1000002,00000269--4014745f93--7,8,491636617528,1000002,R1_STABLE_GROUP_REP_CHANGE,3|6,3|6,6,3,1,0,-2.25,0.15625,-0.25,2.25,0.15625,0.25,1,1,34,34,P2_PUBLISHED_COORDINATE_CHANGE,-2.223712921142578,0.15625,-0.25,-0.46899329948443724,NO_DOWNSTREAM_EFFECT,0,1.8135082128425495,2.1557217908111244,0.3422135779685749,0,0,0,0,0,2,2,36.0,-5.25,-21.25,8,33.75,-5.09375,-21.5,9,N/A_NAN,N/A_NAN,36.0,-5.25,-21.25,9,11,491636617528,33.75,-5.09375,-21.5,9,6,491636617528,0.11168987850411899,-0.35730342098031825,,,1,0.0
00000269--4014745f93--7:14:1000011,00000269--4014745f93--7,14,492236021905,1000011,R2_MEMBER_DISAPPEAR_REP_CHANGE,12|22,22,12,22,0,1,-3.0,0.03125,0.0,3.0,0.03125,0.0,1,1,43,43,P2_PUBLISHED_COORDINATE_CHANGE,-3.004566192626953,0.03125,0.0,-0.34885906989591137,NO_DOWNSTREAM_EFFECT,0,,,,0,0,0,0,0,2,1,46.0,-4.75,-20.75,14,43.0,-4.71875,-20.75,15,N/A_NAN,N/A_NAN,,,,,,,43.0,-4.71875,-20.75,8,23,492236021905,0.5914696751077222,0.24261060521181083,,,14,1.2998035170000002
00000269--4014745f93--7:19:1000028,00000269--4014745f93--7,19,492738338421,1000028,R2_MEMBER_DISAPPEAR_REP_CHANGE,29|30,30,29,30,0,1,-1.25,0.28125,0.25,1.25,0.28125,0.25,1,1,60,60,P2_PUBLISHED_COORDINATE_CHANGE,-1.1827926635742188,0.28125,0.25,0.0,LEAD_COORDINATE_ONLY,1,,,,0,0,0,0,0,2,1,105.75,3.75,-11.75,3,104.5,4.03125,-11.5,4,N/A_NAN,N/A_NAN,,,,,,,104.5,4.03125,-11.5,4,17,492738338421,0.0,0.0,lead_one,lead_one,3,0.201491846
00000269--4014745f93--7:39:1000045,00000269--4014745f93--7,39,494735685947,1000045,R1_STABLE_GROUP_REP_CHANGE,44|47,44|47,44,47,1,0,-1.75,0.28125,0.0,1.75,0.28125,0.0,1,1,77,77,P2_PUBLISHED_COORDINATE_CHANGE,-1.7539749145507812,0.28125,0.0,-0.05551127696167085,NO_DOWNSTREAM_EFFECT,0,1.609375,1.9952782567498626,0.3859032567498626,0,0,0,0,0,2,2,36.25,-5.75,-19.75,10,34.5,-5.46875,-19.75,11,N/A_NAN,N/A_NAN,36.25,-5.75,-19.75,11,18,494735685947,34.5,-5.46875,-19.75,10,22,494735685947,0.13877819240417713,0.08326691544250628,,,10,0.900805578
00000269--4014745f93--7:43:1000049,00000269--4014745f93--7,43,495136430599,1000049,R2_MEMBER_DISAPPEAR_REP_CHANGE,44|48,44,48,44,0,1,-4.5,-0.46875,0.0,4.5,0.46875,0.0,1,1,81,81,P2_PUBLISHED_COORDINATE_CHANGE,-4.464517593383789,-0.46875,0.0,-0.14580570199281162,NO_DOWNSTREAM_EFFECT,0,,,,0,0,0,0,0,2,1,32.25,-5.46875,-19.75,12,27.75,-5.9375,-19.75,13,N/A_NAN,N/A_NAN,,,,,,,27.75,-5.9375,-19.75,15,18,495136430599,0.11990124201125074,-0.02590445998156088,,,10,0.90011642
00000269--4014745f93--7:65:1000019,00000269--4014745f93--7,65,497335436440,1000019,R5_GROUP_MERGE_REP_CHANGE,20,20|91,20,91,1,0,-1.5,0.40625,0.25,1.5,0.40625,0.25,1,1,51,51,P2_PUBLISHED_COORDINATE_CHANGE,-1.4956245422363281,0.40625,0.25,0.3349147900416857,NO_DOWNSTREAM_EFFECT,0,1.171875,1.8325705721024672,0.6606955721024672,0,0,0,0,0,1,2,37.5,-3.71875,-18.25,59,36.0,-3.3125,-18.0,60,N/A_NAN,N/A_NAN,37.5,-3.71875,-18.25,60,30,497335436440,36.0,-3.3125,-18.0,3,0,497335436440,0.10190945879087773,0.43682424883256343,,,59,5.799570891
00000269--4014745f93--7:70:1000076,00000269--4014745f93--7,70,497835878903,1000076,R1_STABLE_GROUP_REP_CHANGE,75|78|98,75|78|98,75,98,1,0,-2.25,-0.40625,0.0,2.25,0.40625,0.0,1,1,58,58,P2_PUBLISHED_COORDINATE_CHANGE,-2.2337112426757812,-0.40625,0.0,-0.29124170063594845,NO_DOWNSTREAM_EFFECT,0,1.1595437445418475,1.8063343722709237,0.6467906277290763,0,0,0,0,0,3,3,102.75,2.71875,-17.75,22,100.5,2.3125,-17.75,23,N/A_NAN,N/A_NAN,102.75,2.71875,-17.75,23,26,497835878903,100.5,2.3125,-17.75,4,23,497835878903,0.23585573902325163,-0.05538596161269682,,,22,2.100248656
00000269--4014745f93--7:71:1000076,00000269--4014745f93--7,71,497935716608,1000076,R4_GROUP_SPLIT_REP_CHANGE,75|78|98,75|78,98,78,0,1,-0.5,0.3125,0.25,0.5,0.3125,0.25,1,1,58,58,P2_PUBLISHED_COORDINATE_CHANGE,-0.4778289794921875,0.3125,0.25,0.1851754768094892,NO_DOWNSTREAM_EFFECT,0,,,1.5836014755329784,0,0,0,0,0,3,2,100.5,2.3125,-17.75,23,100.0,2.625,-17.5,24,N/A_NAN,N/A_NAN,,,,,,,100.0,2.625,-17.5,18,4,497935716608,-0.05538596161269682,0.12978951519679238,,,1,0.0
00000269--4014745f93--7:72:1000076,00000269--4014745f93--7,72,498035659979,1000076,R1_STABLE_GROUP_REP_CHANGE,75|78,75|78,78,75,1,0,-1.75,-0.25,0.0,1.75,0.25,0.0,1,1,58,58,P2_PUBLISHED_COORDINATE_CHANGE,-1.731964111328125,-0.25,0.0,-0.17551390257463673,NO_DOWNSTREAM_EFFECT,0,0.39914091697647835,0.5063033503874268,0.10716243341094844,0,0,0,0,0,2,2,100.0,2.625,-17.5,24,98.25,2.375,-17.5,25,N/A_NAN,N/A_NAN,97.75,2.59375,-17.5,19,4,498035659979,98.25,2.375,-17.5,25,26,498035659979,0.12978951519679238,-0.045724387377844344,,,1,0.0
00000269--4014745f93--7:73:1000076,00000269--4014745f93--7,73,498135718307,1000076,R1_STABLE_GROUP_REP_CHANGE,75|78,75|78,75,78,1,0,-0.5,0.21875,0.0,0.5,0.21875,0.0,1,1,58,58,P2_PUBLISHED_COORDINATE_CHANGE,-0.5013580322265625,0.21875,0.0,-0.25709356479735296,NO_DOWNSTREAM_EFFECT,0,0.390625,1.782364641936009,1.391739641936009,0,0,0,0,0,2,2,98.25,2.375,-17.5,25,97.75,2.59375,-17.5,26,N/A_NAN,N/A_NAN,98.25,2.375,-17.5,26,26,498135718307,97.75,2.59375,-17.5,20,4,498135718307,-0.045724387377844344,-0.3028179521751973,,,1,0.0
00000269--4014745f93--7:74:1000087,00000269--4014745f93--7,74,498235586522,1000087,R2_MEMBER_DISAPPEAR_REP_CHANGE,86|101,101,86,101,0,1,-2.0,0.09375,0.75,2.0,0.09375,0.75,1,1,46,46,P2_PUBLISHED_COORDINATE_CHANGE,-1.9857940673828125,0.09375,0.75,1.094941847687597,NO_DOWNSTREAM_EFFECT,0,,,,0,0,0,0,0,2,1,114.75,-6.25,-18.0,12,112.75,-6.15625,-17.25,13,N/A_NAN,N/A_NAN,,,,,,,112.75,-6.15625,-17.25,6,3,498235586522,0.8212199889023396,1.9161618365899367,,,5,0.39950554800000004
00000269--4014745f93--7:75:1000019,00000269--4014745f93--7,75,498335948054,1000019,R1_STABLE_GROUP_REP_CHANGE,20|91,20|91,91,20,1,0,-1.25,-0.15625,0.25,1.25,0.15625,0.25,1,1,51,51,P2_PUBLISHED_COORDINATE_CHANGE,-1.2395038604736328,-0.15625,0.25,0.261390242556822,NO_DOWNSTREAM_EFFECT,0,0.41227215998231914,1.1201985799911596,0.7079264200088404,0,0,0,0,0,2,2,20.25,-3.625,-17.5,69,19.0,-3.78125,-17.25,70,N/A_NAN,N/A_NAN,17.5,-3.625,-17.25,13,0,498335948054,19.0,-3.78125,-17.25,70,30,498335948054,-0.31796685443768324,-0.05657661188086127,,,10,0.900150082
00000269--4014745f93--7:76:1000019,00000269--4014745f93--7,76,498435820491,1000019,R1_STABLE_GROUP_REP_CHANGE,20|91,20|91,20,91,1,0,-1.5,0.15625,0.0,1.5,0.15625,0.0,1,1,51,51,P2_PUBLISHED_COORDINATE_CHANGE,-1.4937763214111328,0.15625,0.0,-0.12484814074545314,NO_DOWNSTREAM_EFFECT,0,1.421875,1.7276120137697504,0.3057370137697504,0,0,0,0,0,2,2,19.0,-3.78125,-17.25,70,17.5,-3.625,-17.25,71,N/A_NAN,N/A_NAN,19.0,-3.78125,-17.25,71,30,498435820491,17.5,-3.625,-17.25,14,0,498435820491,-0.05657661188086127,-0.1814247526263144,,,1,0.0
00000269--4014745f93--7:77:1000019,00000269--4014745f93--7,77,498536040062,1000019,R1_STABLE_GROUP_REP_CHANGE,20|91,20|91,91,20,1,0,-1.0,-0.15625,0.25,1.0,0.15625,0.25,1,1,51,51,P2_PUBLISHED_COORDINATE_CHANGE,-0.9875564575195312,-0.15625,0.25,0.29997415454186127,NO_DOWNSTREAM_EFFECT,0,0.10189579116515901,1.0320314802585508,0.9301356890933918,0,0,0,0,0,2,2,17.5,-3.625,-17.25,71,16.5,-3.78125,-17.0,72,N/A_NAN,N/A_NAN,14.75,-3.65625,-17.25,15,0,498536040062,16.5,-3.78125,-17.0,72,30,498536040062,-0.1814247526263144,0.11854940191554686,,,1,0.0
00000269--4014745f93--7:80:1000019,00000269--4014745f93--7,80,498836030721,1000019,R1_STABLE_GROUP_REP_CHANGE,20|91,20|91,20,91,1,0,-2.0,0.46875,-0.5,2.0,0.46875,0.5,1,1,51,51,P2_PUBLISHED_COORDINATE_CHANGE,-2.035050392150879,0.46875,-0.5,-1.2000000000000002,NO_DOWNSTREAM_EFFECT,0,0.8125341382854172,1.6484545691427086,0.8359204308572914,0,0,0,0,0,2,2,12.0,-4.125,-16.5,74,10.0,-3.65625,-17.0,75,N/A_NAN,N/A_NAN,12.0,-4.125,-16.5,75,30,498836030721,10.0,-3.65625,-17.0,18,0,498836030721,0.8087579069504343,-0.3912420930495659,,,3,0.20008450400000002
00000269--4014745f93--7:82:1000019,00000269--4014745f93--7,82,499037701031,1000019,R2_MEMBER_DISAPPEAR_REP_CHANGE,20|91,20,91,20,0,1,-0.5,-0.46875,0.75,0.5,0.46875,0.75,1,1,51,51,P2_PUBLISHED_COORDINATE_CHANGE,-0.4811820983886719,-0.46875,0.75,1.2000000000000002,NO_DOWNSTREAM_EFFECT,0,,,,0,0,0,0,0,2,1,7.75,-3.65625,-17.0,76,7.25,-4.125,-16.25,77,N/A_NAN,N/A_NAN,,,,,,,7.25,-4.125,-16.25,77,30,499037701031,-0.8983250323755311,0.3016749676244691,,,2,0.101424094
00000269--4014745f93--7:82:1000103,00000269--4014745f93--7,82,499037701031,1000103,R1_STABLE_GROUP_REP_CHANGE,102|114,102|114,102,114,1,0,-2.5,0.15625,0.25,2.5,0.15625,0.25,1,1,50,50,P2_PUBLISHED_COORDINATE_CHANGE,-2.4943161010742188,0.15625,0.25,0.2574501595476697,NO_DOWNSTREAM_EFFECT,0,0.9375,1.9819665207226624,1.0444665207226624,0,0,0,0,0,2,2,125.75,-3.625,-16.75,13,123.25,-3.46875,-16.5,14,N/A_NAN,N/A_NAN,123.0,-2.09375,-16.5,14,11,499037701031,123.25,-3.46875,-16.5,6,20,499037701031,-0.21415243934483696,0.043297720202832735,,,13,1.2012420560000001
00000269--4014745f93--7:83:1000097,00000269--4014745f93--7,83,499147290377,1000097,R5_GROUP_MERGE_REP_CHANGE,96,96|119,96,119,1,0,-2.25,-0.40625,0.0,2.25,0.40625,0.0,1,1,82,82,P2_PUBLISHED_COORDINATE_CHANGE,-2.2791595458984375,-0.40625,0.0,-0.2980310124545461,NO_DOWNSTREAM_EFFECT,0,1.191049437714268,1.822087218857134,0.631037781142866,0,0,0,0,0,1,2,118.0,-4.375,-16.5,17,115.75,-4.78125,-16.5,18,N/A_NAN,N/A_NAN,118.0,-4.375,-16.5,18,16,499135658805,115.75,-4.78125,-16.5,3,29,499135658805,0.09532700142209127,-0.20270401103245483,,,17,1.601379013
00000269--4014745f93--7:89:1000109,00000269--4014745f93--7,89,499746627887,1000109,R1_STABLE_GROUP_REP_CHANGE,107|111|113,107|111|113,107,113,1,0,-0.25,0.5,0.0,0.25,0.5,0.0,1,1,35,35,P2_PUBLISHED_COORDINATE_CHANGE,-0.2863311767578125,0.5,0.0,-0.1288675633594838,NO_DOWNSTREAM_EFFECT,0,0.00210428150284514,1.7365366631098489,1.7344323816070037,0,0,0,0,0,3,3,52.25,3.625,-15.75,14,52.0,4.125,-15.75,15,N/A_NAN,N/A_NAN,52.25,3.625,-15.75,15,4,499735600162,52.0,4.125,-15.75,13,13,499735600162,0.2716482547599454,0.14278069140046162,,,8,0.6989931690000001
00000269--4014745f93--7:90:1000097,00000269--4014745f93--7,90,499846465159,1000097,R1_STABLE_GROUP_REP_CHANGE,96|119,96|119,119,96,1,0,-0.5,-0.1875,0.0,0.5,0.1875,0.0,1,1,82,82,P2_PUBLISHED_COORDINATE_CHANGE,-0.6528854370117188,-0.1875,0.0,-0.2717246875933987,NO_DOWNSTREAM_EFFECT,0,0.1732260582225562,1.336613029111278,1.163386970888722,0,0,0,0,0,2,2,106.25,-4.6875,-15.75,24,105.75,-4.875,-15.75,25,N/A_NAN,N/A_NAN,103.5,-4.625,-15.5,10,29,499846465159,105.75,-4.875,-15.75,25,16,499835820264,-0.08065468278880294,-0.35237937038220163,,,7,0.59933751
00000269--4014745f93--7:90:1000109,00000269--4014745f93--7,90,499846465159,1000109,R2_MEMBER_DISAPPEAR_REP_CHANGE,107|111|113,107|111,113,107,0,1,-2.5,-0.375,0.25,2.5,0.375,0.25,1,1,35,35,P2_PUBLISHED_COORDINATE_CHANGE,-2.4724273681640625,-0.375,0.25,0.18584677352270884,NO_DOWNSTREAM_EFFECT,0,,,1.2388235841171977,0,0,0,0,0,3,2,52.0,4.125,-15.75,15,49.5,3.75,-15.5,16,N/A_NAN,N/A_NAN,,,,,,,49.5,3.75,-15.5,16,4,499835820264,0.14278069140046162,0.32862746492317046,,,1,0.0
00000269--4014745f93--7:92:1000097,00000269--4014745f93--7,92,500045635369,1000097,R1_STABLE_GROUP_REP_CHANGE,96|119,96|119,96,119,1,0,-2.25,0.25,0.25,2.25,0.25,0.25,1,1,82,82,P2_PUBLISHED_COORDINATE_CHANGE,-2.1069869995117188,0.25,0.25,0.3449709714882702,NO_DOWNSTREAM_EFFECT,0,0.601680337288685,1.5508401686443425,0.9491598313556575,0,0,0,0,0,2,2,103.5,-4.875,-15.5,26,101.25,-4.625,-15.25,27,N/A_NAN,N/A_NAN,103.5,-4.875,-15.5,27,16,500035993832,101.25,-4.625,-15.25,12,29,500045635369,-0.08097806400371038,0.26399290748455984,,,2,0.099884278
00000269--4014745f93--7:92:1000103,00000269--4014745f93--7,92,500045635369,1000103,R2_MEMBER_DISAPPEAR_REP_CHANGE,114,102,114,102,0,1,0.0,0.0,0.0,0.0,0.0,0.0,1,1,50,50,P2_PUBLISHED_COORDINATE_CHANGE,-0.01094818115234375,0.0,0.0,-0.34477879234598086,NO_DOWNSTREAM_EFFECT,0,,,,0,0,0,0,0,1,1,109.25,-3.53125,-15.5,23,109.25,-3.53125,-15.5,24,N/A_NAN,N/A_NAN,,,,,,,109.25,-3.53125,-15.5,23,20,500035993832,0.11037803300518279,-0.23440075934079807,,,10,0.9086484060000001
00000269--4014745f93--7:93:1000103,00000269--4014745f93--7,93,500146353728,1000103,R2_MEMBER_DISAPPEAR_REP_CHANGE,102,114,102,114,0,1,-2.5,0.1875,0.25,2.5,0.1875,0.25,1,1,50,50,P2_PUBLISHED_COORDINATE_CHANGE,-2.5155410766601562,0.1875,0.25,0.18059726676075538,NO_DOWNSTREAM_EFFECT,0,,,,0,0,0,0,0,1,1,109.25,-3.53125,-15.5,24,106.75,-3.34375,-15.25,25,N/A_NAN,N/A_NAN,,,,,,,106.75,-3.34375,-15.25,16,20,500136431454,-0.23440075934079807,-0.05380349258004269,,,1,0.0
00000269--4014745f93--7:93:1000109,00000269--4014745f93--7,93,500146353728,1000109,R1_STABLE_GROUP_REP_CHANGE,107|111,107|111,107,111,1,0,-0.75,-0.28125,0.0,0.75,0.28125,0.0,1,1,35,35,P2_PUBLISHED_COORDINATE_CHANGE,-0.7724723815917969,-0.28125,0.0,-0.4123954996941182,NO_DOWNSTREAM_EFFECT,0,0.30181355438967117,1.2368442771948356,0.9350307228051644,0,0,0,0,0,2,2,47.5,3.5,-15.25,18,46.75,3.21875,-15.25,19,N/A_NAN,N/A_NAN,44.75,3.5625,-15.25,19,4,500136431454,46.75,3.21875,-15.25,15,10,500136431454,0.31019861655671555,-0.10219688313740266,,,3,0.19917021000000001
00000269--4014745f93--7:94:1000103,00000269--4014745f93--7,94,500246405341,1000103,R2_MEMBER_DISAPPEAR_REP_CHANGE,114,102,114,102,0,1,0.0,0.0,0.0,0.0,0.0,0.0,1,1,50,50,P2_PUBLISHED_COORDINATE_CHANGE,0.18787384033203125,0.0,0.0,-0.17344944153629735,NO_DOWNSTREAM_EFFECT,0,,,,0,0,0,0,0,1,1,106.75,-3.34375,-15.25,25,106.75,-3.34375,-15.25,26,N/A_NAN,N/A_NAN,,,,,,,106.75,-3.34375,-15.25,24,20,500246405341,-0.05380349258004269,-0.22725293411634004,,,1,0.0
00000269--4014745f93--7:94:1000109,00000269--4014745f93--7,94,500246405341,1000109,R1_STABLE_GROUP_REP_CHANGE,107|111,107|111,111,107,1,0,-2.0,0.34375,0.0,2.0,0.34375,0.0,1,1,35,35,P2_PUBLISHED_COORDINATE_CHANGE,-1.9759445190429688,0.34375,0.0,-0.3446928083382889,NO_DOWNSTREAM_EFFECT,0,0.8877040111689496,1.5297895055844748,0.6420854944155252,0,0,0,0,0,2,2,46.75,3.21875,-15.25,19,44.75,3.5625,-15.25,20,N/A_NAN,N/A_NAN,46.75,3.21875,-15.25,16,10,500235663264,44.75,3.5625,-15.25,20,4,500235663264,-0.10219688313740266,-0.4468896914756916,,,1,0.0
00000269--4014745f93--7:95:1000103,00000269--4014745f93--7,95,500346213739,1000103,R2_MEMBER_DISAPPEAR_REP_CHANGE,102,114,102,114,0,1,-2.75,-0.1875,0.25,2.75,0.1875,0.25,1,1,50,50,P2_PUBLISHED_COORDINATE_CHANGE,-2.8938980102539062,-0.1875,0.25,0.19836467542720126,NO_DOWNSTREAM_EFFECT,0,,,,0,0,0,0,0,1,1,106.75,-3.34375,-15.25,26,104.0,-3.53125,-15.0,27,N/A_NAN,N/A_NAN,,,,,,,104.0,-3.53125,-15.0,17,20,500336309132,-0.22725293411634004,-0.028888258689138774,,,1,0.0
00000269--4014745f93--7:95:1000109,00000269--4014745f93--7,95,500346213739,1000109,R1_STABLE_GROUP_REP_CHANGE,107|111,107|111,107,111,1,0,-0.5,-0.375,0.25,0.5,0.375,0.25,1,1,35,35,P2_PUBLISHED_COORDINATE_CHANGE,-0.48007965087890625,-0.375,0.25,0.19235932530222621,NO_DOWNSTREAM_EFFECT,0,0.12716003656008468,1.4637119222920263,1.3365518857319416,0,0,0,0,0,2,2,44.75,3.5625,-15.25,20,44.25,3.1875,-15.0,21,N/A_NAN,N/A_NAN,42.0,3.34375,-15.0,21,4,500336309132,44.25,3.1875,-15.0,17,10,500336309132,-0.4468896914756916,-0.25453036617346536,,,1,0.0
00000269--4014745f93--7:97:1000109,00000269--4014745f93--7,97,500546647108,1000109,R1_STABLE_GROUP_REP_CHANGE,107|111,107|111,111,107,1,0,-2.0,-0.375,0.0,2.0,0.375,0.0,1,1,35,35,P2_PUBLISHED_COORDINATE_CHANGE,-1.9948043823242188,-0.375,0.0,-0.2029685244850169,NO_DOWNSTREAM_EFFECT,0,0.7886146516186727,1.4970853620321563,0.7084707104134835,0,0,0,0,0,2,2,41.75,3.375,-14.75,22,39.75,3.0,-14.75,23,N/A_NAN,N/A_NAN,41.75,3.375,-14.75,19,10,500536732182,39.75,3.0,-14.75,23,4,500536732182,0.1287817620981847,-0.0741867623868322,,,2,0.09965101400000001
00000269--4014745f93--7:103:1000104,00000269--4014745f93--7,103,501146357384,1000104,R1_STABLE_GROUP_REP_CHANGE,75|98,75|98,98,75,1,0,-0.5,-0.25,0.25,0.5,0.25,0.25,1,1,84,84,P2_PUBLISHED_COORDINATE_CHANGE,-0.6603889465332031,-0.25,0.25,0.24905444410609534,NO_DOWNSTREAM_EFFECT,0,0.10892216400132781,1.2862015452294921,1.1772793812281643,0,0,0,0,0,2,2,50.5,1.53125,-14.25,32,50.0,1.28125,-14.0,33,N/A_NAN,N/A_NAN,48.0,1.34375,-14.0,37,23,501146357384,50.0,1.28125,-14.0,56,26,501136445169,-0.40795145812380673,-0.1588970140177114,,,32,3.1102844210000002
00000269--4014745f93--7:105:1000104,00000269--4014745f93--7,105,501346742142,1000104,R1_STABLE_GROUP_REP_CHANGE,75|98,75|98,75,98,1,0,-2.25,0.28125,0.0,2.25,0.28125,0.0,1,1,84,84,P2_PUBLISHED_COORDINATE_CHANGE,-2.2531166076660156,0.28125,0.0,-0.21137189591076289,NO_DOWNSTREAM_EFFECT,0,0.38526160248162,1.3977254435822113,1.0124638411005913,0,0,0,0,0,2,2,48.25,1.15625,-13.75,34,46.0,1.4375,-13.75,35,N/A_NAN,N/A_NAN,48.25,1.15625,-13.75,58,26,501346742142,46.0,1.4375,-13.75,39,23,501346742142,0.16693475707982092,-0.04443713883094197,,,2,0.099408617
00000269--4014745f93--7:105:1000150,00000269--4014745f93--7,105,501346742142,1000150,R1_STABLE_GROUP_REP_CHANGE,145|146,145|146,145,146,1,0,-2.5,0.0625,0.0,2.5,0.0625,0.0,1,1,67,67,P2_PUBLISHED_COORDINATE_CHANGE,-2.521129608154297,0.0625,0.0,0.0,NO_DOWNSTREAM_EFFECT,0,0.24351046178435354,1.392204752305068,1.1486942905207145,0,0,0,0,0,2,2,24.5,2.5,-13.75,4,22.0,2.5625,-13.75,5,N/A_NAN,N/A_NAN,24.5,2.5,-13.75,5,0,501335801726,22.0,2.5625,-13.75,5,15,501335801726,0.0,0.0,,,4,0.29975970700000004
00000269--4014745f93--7:107:1000087,00000269--4014745f93--7,107,501545843290,1000087,R2_MEMBER_DISAPPEAR_REP_CHANGE,99|101,99,101,99,0,1,-2.0,-0.65625,0.25,2.0,0.65625,0.25,1,1,46,46,P2_PUBLISHED_COORDINATE_CHANGE,-2.1369667053222656,-0.65625,0.25,0.31459772046924556,NO_DOWNSTREAM_EFFECT,0,,,,0,0,0,0,0,2,1,63.0,-4.03125,-13.5,45,61.0,-4.6875,-13.25,46,N/A_NAN,N/A_NAN,,,,,,,61.0,-4.6875,-13.25,39,3,501535935974,0.05815249706137132,0.3727502175306169,,,33,3.21047137
00000269--4014745f93--7:113:1000103,00000269--4014745f93--7,113,502146744028,1000103,R1_STABLE_GROUP_REP_CHANGE,114|154,114|154,114,154,1,0,-2.25,0.375,0.0,2.25,0.375,0.0,1,1,50,50,P2_PUBLISHED_COORDINATE_CHANGE,-2.2254257202148438,0.375,0.0,-0.15787326658403245,NO_DOWNSTREAM_EFFECT,0,0.03125,1.1182638688395454,1.0870138688395454,0,0,0,0,0,2,2,80.75,-3.03125,-13.5,44,78.5,-2.65625,-13.5,45,N/A_NAN,N/A_NAN,78.75,-2.59375,-13.0,35,20,502146744028,78.5,-2.65625,-13.5,10,28,502146744028,-0.7553746284596734,-0.9132478950437058,,,18,1.700132127
00000269--4014745f93--7:115:1000142,00000269--4014745f93--7,115,502347905198,1000142,R2_MEMBER_DISAPPEAR_REP_CHANGE,138|158,158,138,158,0,1,0.25,-1.125,0.5,0.25,1.125,0.5,1,1,34,34,P2_PUBLISHED_COORDINATE_CHANGE,0.4212517738342285,-1.125,0.5,0.715248412009871,NO_DOWNSTREAM_EFFECT,0,,,,0,0,0,0,0,2,1,6.0,3.34375,-12.5,19,6.25,2.21875,-12.0,20,N/A_NAN,N/A_NAN,,,,,,,6.25,2.21875,-12.0,9,30,502347905198,-0.240735761565967,0.474512650443904,,,19,1.8016154960000001
00000269--4014745f93--7:115:1000157,00000269--4014745f93--7,115,502347905198,1000157,R1_STABLE_GROUP_REP_CHANGE,152|159,152|159,152,159,1,0,-1.75,0.40625,-0.25,1.75,0.40625,0.25,1,1,41,41,P2_PUBLISHED_COORDINATE_CHANGE,-1.7485198974609375,0.40625,-0.25,-0.9340159561148187,NO_DOWNSTREAM_EFFECT,0,0.09667110468996176,0.9577318622706066,0.8610607575806448,0,0,0,0,0,2,2,102.0,-3.625,-12.25,11,100.25,-3.21875,-12.5,12,N/A_NAN,N/A_NAN,100.0,-4.03125,-12.25,12,6,502347905198,100.25,-3.21875,-12.5,8,1,502335461107,0.19210430661034483,-0.7419116495044739,,,11,1.001714248
00000269--4014745f93--7:116:1000103,00000269--4014745f93--7,116,502447078071,1000103,R1_STABLE_GROUP_REP_CHANGE,114|154,114|154,154,114,1,0,-1.25,0.15625,1.25,1.25,0.15625,1.25,1,1,50,50,P2_PUBLISHED_COORDINATE_CHANGE,-1.26959228515625,0.15625,1.25,1.2000000000000002,NO_DOWNSTREAM_EFFECT,0,0.4922922769551743,1.2930211384775872,0.8007288615224128,0,0,0,0,0,2,2,76.75,-2.8125,-13.5,47,75.5,-2.65625,-12.25,48,N/A_NAN,N/A_NAN,74.75,-3.34375,-12.75,13,28,502447078071,75.5,-2.65625,-12.25,38,20,502447078071,-1.1446816481609041,0.05531835183909606,,,3,0.20116117
00000269--4014745f93--7:117:1000103,00000269--4014745f93--7,117,502546373411,1000103,R1_STABLE_GROUP_REP_CHANGE,114|154,114|154,114,154,1,0,-0.75,-0.6875,-0.5,0.75,0.6875,0.5,1,1,50,50,P2_PUBLISHED_COORDINATE_CHANGE,-0.7592315673828125,-0.6875,-0.5,-0.2866016697137206,NO_DOWNSTREAM_EFFECT,0,0.19167814927704407,1.2353572963103006,1.0436791470332565,0,0,0,0,0,2,2,75.5,-2.65625,-12.25,48,74.75,-3.34375,-12.75,49,N/A_NAN,N/A_NAN,75.5,-2.65625,-12.25,39,20,502546373411,74.75,-3.34375,-12.75,14,28,502546373411,0.05531835183909606,-0.23128331787462453,,,1,0.0
00000269--4014745f93--7:117:1000129,00000269--4014745f93--7,117,502546373411,1000129,R1_STABLE_GROUP_REP_CHANGE,96|126,96|126,126,96,1,0,-1.75,1.0,0.0,1.75,1.0,0.0,1,1,40,40,P2_PUBLISHED_COORDINATE_CHANGE,-1.6130523681640625,1.0,0.0,-0.23194707928217995,NO_DOWNSTREAM_EFFECT,0,0.13838018752400671,1.2108964380724156,1.072516250548409,0,0,0,0,0,2,2,71.25,-5.53125,-12.0,32,69.5,-4.53125,-12.0,33,N/A_NAN,N/A_NAN,71.25,-5.53125,-12.0,33,9,502535463745,69.5,-4.53125,-12.0,52,16,502546373411,0.33014102283480706,0.09819394355262712,,,32,3.101146003
00000269--4014745f93--7:120:1000172,00000269--4014745f93--7,120,502845862228,1000172,R4_GROUP_SPLIT_REP_CHANGE,114|167,114,167,114,0,1,-4.75,2.40625,0.25,4.75,2.40625,0.25,1,1,66,66,P2_PUBLISHED_COORDINATE_CHANGE,-4.757713317871094,2.40625,0.25,0.3314935653810674,NO_DOWNSTREAM_EFFECT,0,,,,0,0,0,0,0,2,1,74.0,-2.625,-11.75,7,69.25,-0.21875,-11.5,8,N/A_NAN,N/A_NAN,,,,,,,69.25,-0.21875,-11.5,42,0,502836250341,-0.002543623264745387,0.328949942116322,,,7,0.599956896
00000269--4014745f93--7:125:1000109,00000269--4014745f93--7,125,503345962186,1000109,R2_MEMBER_DISAPPEAR_REP_CHANGE,107|111,111,107,111,0,1,1.0,0.0,0.25,1.0,0.0,0.25,1,1,35,35,P2_PUBLISHED_COORDINATE_CHANGE,1.0103673934936523,0.0,0.25,0.08691369884110367,NO_DOWNSTREAM_EFFECT,0,,,,0,0,0,0,0,2,1,4.75,2.5,-11.0,50,5.75,2.5,-10.75,51,N/A_NAN,N/A_NAN,,,,,,,5.75,2.5,-10.75,47,10,503336055019,-0.03225436680682853,0.05465933203427514,,,28,2.699063048
00000269--4014745f93--7:127:1000103,00000269--4014745f93--7,127,503546737076,1000103,R5_GROUP_MERGE_REP_CHANGE,154,154|173,154,173,1,0,-1.25,-0.46875,0.25,1.25,0.46875,0.25,1,1,50,50,P2_PUBLISHED_COORDINATE_CHANGE,-1.2319564819335938,-0.46875,0.25,0.10841288745956335,NO_DOWNSTREAM_EFFECT,0,0.4235577272469584,1.217543791899922,0.7939860646529635,0,0,0,0,0,1,2,67.0,-2.375,-10.25,58,65.75,-2.84375,-10.0,59,N/A_NAN,N/A_NAN,67.0,-2.375,-10.25,24,10,503535705361,65.75,-2.84375,-10.0,9,4,503546737076,0.7593676807628376,0.8677805682224009,,,10,0.8999034440000001
00000269--4014745f93--7:128:1000098,00000269--4014745f93--7,128,503646423887,1000098,R2_MEMBER_DISAPPEAR_REP_CHANGE,97|169,169,97,169,0,1,-3.0,-0.90625,0.0,3.0,0.90625,0.0,1,1,69,69,P2_PUBLISHED_COORDINATE_CHANGE,-2.9943065643310547,-0.90625,0.0,-0.13380141574704685,NO_DOWNSTREAM_EFFECT,0,,,,0,0,0,0,0,2,1,23.5,1.875,-10.5,62,20.5,0.96875,-10.5,63,N/A_NAN,N/A_NAN,,,,,,,20.5,0.96875,-10.5,16,24,503646423887,-0.7514926260048556,-0.8852940417519024,,,62,6.110415058
00000269--4014745f93--7:128:1000103,00000269--4014745f93--7,128,503646423887,1000103,R2_MEMBER_DISAPPEAR_REP_CHANGE,154|173,154,173,154,0,1,-0.25,1.09375,0.0,0.25,1.09375,0.0,1,1,50,50,P2_PUBLISHED_COORDINATE_CHANGE,-0.352691650390625,1.09375,0.0,-0.3471122272889604,NO_DOWNSTREAM_EFFECT,0,,,,0,0,0,0,0,2,1,65.75,-2.84375,-10.0,59,65.5,-1.75,-10.0,60,N/A_NAN,N/A_NAN,,,,,,,65.5,-1.75,-10.0,25,10,503635612610,0.8677805682224009,0.5206683409334405,,,1,0.0
00000269--4014745f93--7:129:1000103,00000269--4014745f93--7,129,503745833508,1000103,R2_MEMBER_DISAPPEAR_REP_CHANGE,154,173,154,173,0,1,-2.0,0.4375,0.5,2.0,0.4375,0.5,1,1,50,50,P2_PUBLISHED_COORDINATE_CHANGE,-1.9929771423339844,0.4375,0.5,0.44455637520582814,NO_DOWNSTREAM_EFFECT,0,,,,0,0,0,0,0,1,1,65.5,-1.75,-10.0,60,63.5,-1.3125,-9.5,61,N/A_NAN,N/A_NAN,,,,,,,63.5,-1.3125,-9.5,10,11,503735937806,0.5206683409334405,0.9652247161392686,,,1,0.0
00000269--4014745f93--7:130:1000175,00000269--4014745f93--7,130,503845985533,1000175,R1_STABLE_GROUP_REP_CHANGE,152|170,152|170,170,152,1,0,-1.75,0.15625,0.0,1.75,0.15625,0.0,1,1,71,71,P2_PUBLISHED_COORDINATE_CHANGE,-1.7719268798828125,0.15625,0.0,-0.29903582846147736,NO_DOWNSTREAM_EFFECT,0,0.30750770985412146,1.403592769840013,1.0960850599858916,0,0,0,0,0,2,2,85.75,-1.625,-10.0,15,84.0,-1.46875,-10.0,16,N/A_NAN,N/A_NAN,85.75,-1.625,-10.0,16,7,503838286919,84.0,-1.46875,-10.0,27,6,503838286919,0.2984475179309097,-0.0005883105305676817,,,15,1.3979283100000002
00000269--4014745f93--7:131:1000199,00000269--4014745f93--7,131,503946669163,1000199,R5_GROUP_MERGE_REP_CHANGE,191,191|192|193,191,192,1,0,-0.75,1.1875,0.0,0.75,1.1875,0.0,1,1,90,90,P2_PUBLISHED_COORDINATE_CHANGE,-0.7241363525390625,1.1875,0.0,0.0,NO_DOWNSTREAM_EFFECT,0,0.4423391300667401,0.97898206503337,0.53664293496663,0,0,0,0,0,1,3,135.5,3.625,-10.25,2,134.75,4.8125,-10.25,3,N/A_NAN,N/A_NAN,133.75,5.84375,-10.25,3,10,503935945749,134.75,4.8125,-10.25,3,15,503946669163,0.0,0.0,,,2,0.100152025
00000269--4014745f93--7:135:1000172,00000269--4014745f93--7,135,504346101602,1000172,R4_GROUP_SPLIT_REP_CHANGE,114|126,126,114,126,0,1,-2.25,0.0,0.25,2.25,0.0,0.25,1,1,66,66,P2_PUBLISHED_COORDINATE_CHANGE,-2.2431373596191406,0.0,0.25,0.2412733081470253,NO_DOWNSTREAM_EFFECT,0,,,,0,0,0,0,0,2,1,56.25,2.75,-9.75,22,54.0,2.75,-9.5,23,N/A_NAN,N/A_NAN,,,,,,,54.0,2.75,-9.5,50,28,504346101602,-0.6528301865842654,-0.4115568784372401,,,15,1.4001965550000002
00000269--4014745f93--7:138:1000202,00000269--4014745f93--7,138,504646111451,1000202,R1_STABLE_GROUP_REP_CHANGE,114|154,114|154,154,114,1,0,-2.0,0.46875,0.25,2.0,0.46875,0.25,1,1,49,49,P2_PUBLISHED_COORDINATE_CHANGE,-1.9972343444824219,0.46875,0.25,0.5658821623533705,NO_DOWNSTREAM_EFFECT,0,0.4446741052230152,1.734529143011292,1.2898550377882767,0,0,0,0,0,2,2,55.0,6.25,-10.25,8,53.0,6.71875,-10.0,9,N/A_NAN,N/A_NAN,55.0,6.25,-10.25,34,12,504646111451,53.0,6.71875,-10.0,60,20,504646111451,-1.6284042871222564,-1.0625221247688859,,,8,0.7001970700000001
00000269--4014745f93--7:149:1000175,00000269--4014745f93--7,149,505746135955,1000175,R2_MEMBER_DISAPPEAR_REP_CHANGE,152|170,170,152,170,0,1,-2.75,3.28125,-1.5,2.75,3.28125,1.5,1,1,71,71,P2_PUBLISHED_COORDINATE_CHANGE,-2.8102760314941406,3.28125,-1.5,-1.2000000000000002,NO_DOWNSTREAM_EFFECT,0,,,,0,0,0,0,0,2,1,62.0,26.28125,-15.5,34,59.25,29.5625,-17.0,35,N/A_NAN,N/A_NAN,,,,,,,59.25,29.5625,-17.0,35,6,505746135955,-5.943941191130143,-7.143941191130144,,,19,1.8022816380000002
00000269--4014745f93--7:171:1000217,00000269--4014745f93--7,171,507946589218,1000217,R2_MEMBER_DISAPPEAR_REP_CHANGE,207|223,223,207,223,0,1,0.75,-0.5,0.25,0.75,0.5,0.25,1,1,73,73,P2_PUBLISHED_COORDINATE_CHANGE,0.7708001136779785,-0.5,0.25,0.8630856176819739,NO_DOWNSTREAM_EFFECT,0,,,,0,0,0,0,0,2,1,7.0,3.9375,-9.5,25,7.75,3.4375,-9.25,26,N/A_NAN,N/A_NAN,,,,,,,7.75,3.4375,-9.25,11,19,507946589218,-1.208431664335875,-0.3453460466539011,,,25,2.3993369540000002
00000269--4014745f93--7:171:1000240,00000269--4014745f93--7,171,507946589218,1000240,R1_STABLE_GROUP_REP_CHANGE,229|230,229|230,229,230,1,0,-0.75,0.59375,-0.25,0.75,0.59375,0.25,1,1,86,86,P2_PUBLISHED_COORDINATE_CHANGE,-0.7436790466308594,0.59375,-0.25,0.0,NO_DOWNSTREAM_EFFECT,0,1.4887812155889701,1.7339535151670953,0.24517229957812503,0,0,0,0,0,2,2,14.75,-0.28125,-8.0,3,14.0,0.3125,-8.25,4,N/A_NAN,N/A_NAN,15.25,-0.4375,-7.75,4,0,507946589218,14.0,0.3125,-8.25,4,27,507946589218,0.0,0.0,,,3,0.199641791
00000269--4014745f93--7:176:1000236,00000269--4014745f93--7,176,508445680367,1000236,R2_MEMBER_DISAPPEAR_REP_CHANGE,225|226,226,225,226,0,1,0.5,-0.4375,0.0,0.5,0.4375,0.0,1,1,60,60,P2_PUBLISHED_COORDINATE_CHANGE,0.485929012298584,-0.4375,0.0,0.349044589332396,NO_DOWNSTREAM_EFFECT,0,,,,0,0,0,0,0,2,1,6.75,3.3125,-9.25,15,7.25,2.875,-9.25,16,N/A_NAN,N/A_NAN,,,,,,,7.25,2.875,-9.25,14,22,508445680367,-0.45291143596474925,-0.10386684663235324,,,15,1.399774694
00000269--4014745f93--7:176:1000240,00000269--4014745f93--7,176,508445680367,1000240,R1_STABLE_GROUP_REP_CHANGE,229|230,229|230,230,229,1,0,-0.5,0.03125,0.0,0.5,0.03125,0.0,1,1,86,86,P2_PUBLISHED_COORDINATE_CHANGE,-0.5144519805908203,0.03125,0.0,0.6022263182468839,NO_DOWNSTREAM_EFFECT,0,0.453349552976952,1.070424776488476,0.617075223511524,0,0,0,0,0,2,2,11.25,2.03125,-9.5,8,10.75,2.0625,-9.5,9,N/A_NAN,N/A_NAN,9.5,2.6875,-9.75,9,27,508445680367,10.75,2.0625,-9.5,9,0,508445680367,-1.9962325885766508,-1.3940062703297669,,,5,0.39976388900000004
00000269--4014745f93--7:176:1000244,00000269--4014745f93--7,176,508445680367,1000244,R5_GROUP_MERGE_REP_CHANGE,233,233|235,233,235,1,0,-0.5,0.6875,-0.25,0.5,0.6875,0.25,1,1,33,33,P2_PUBLISHED_COORDINATE_CHANGE,-0.5198574066162109,0.6875,-0.25,-1.463478903533796,NO_DOWNSTREAM_EFFECT,0,0.023793802939923836,0.7059781257832132,0.6821843228432893,0,0,0,0,0,1,2,14.25,0.5,-8.75,5,13.75,1.1875,-9.0,6,N/A_NAN,N/A_NAN,13.0,1.28125,-9.0,6,31,508445680367,13.75,1.1875,-9.0,3,2,508445680367,0.0,-1.463478903533796,,,5,0.39976388900000004
00000269--4014745f93--7:179:1000240,00000269--4014745f93--7,179,508746826182,1000240,R2_MEMBER_DISAPPEAR_REP_CHANGE,229|230,230,229,230,0,1,-2.25,0.75,-0.5,2.25,0.75,0.5,1,1,86,86,P2_PUBLISHED_COORDINATE_CHANGE,-2.176469326019287,0.75,-0.5,-0.6711409078385415,NO_DOWNSTREAM_EFFECT,0,,,,0,0,0,0,0,2,1,9.25,2.5625,-9.75,11,7.0,3.3125,-10.25,12,N/A_NAN,N/A_NAN,,,,,,,7.0,3.3125,-10.25,12,27,508746826182,-0.693200116934199,-1.3643410247727406,,,3,0.20063217200000003
00000269--4014745f93--7:179:1000244,00000269--4014745f93--7,179,508746826182,1000244,R2_MEMBER_DISAPPEAR_REP_CHANGE,233|235,233,235,233,0,1,-2.0,0.5625,-0.5,2.0,0.5625,0.5,1,1,33,33,P2_PUBLISHED_COORDINATE_CHANGE,-2.0096521377563477,0.5625,-0.5,-0.6473349573272451,NO_DOWNSTREAM_EFFECT,0,,,,0,0,0,0,0,2,1,14.0,1.28125,-8.75,8,12.0,1.84375,-9.25,9,N/A_NAN,N/A_NAN,,,,,,,12.0,1.84375,-9.25,9,31,508746826182,0.005934342072716259,-0.6414006152545288,,,3,0.20063217200000003
00000269--4014745f93--7:188:1000244,00000269--4014745f93--7,188,509645759973,1000244,R2_MEMBER_DISAPPEAR_REP_CHANGE,233|235,235,233,235,0,1,1.0,0.28125,-0.5,1.0,0.28125,0.5,1,1,33,33,P2_PUBLISHED_COORDINATE_CHANGE,0.9812374114990234,0.28125,-0.5,-1.0191586466778852,NO_DOWNSTREAM_EFFECT,0,,,,0,0,0,0,0,2,1,4.5,2.53125,-9.5,17,5.5,2.8125,-10.0,18,N/A_NAN,N/A_NAN,,,,,,,5.5,2.8125,-10.0,14,15,509645759973,0.5300287783602599,-0.4891298683176254,,,9,0.7993262280000001
00000269--4014745f93--7:234:1000304,00000269--4014745f93--7,234,514246019208,1000304,R1_STABLE_GROUP_REP_CHANGE,289|290,289|290,289,290,1,0,-2.0,0.3125,0.0,2.0,0.3125,0.0,1,1,92,92,P2_PUBLISHED_COORDINATE_CHANGE,-2.0011672973632812,0.3125,0.0,-0.01789436299457665,NO_DOWNSTREAM_EFFECT,0,0.2874203808298921,1.221835190414946,0.934414809585054,0,0,0,0,0,2,2,73.25,-6.15625,-12.0,15,71.25,-5.84375,-12.0,16,N/A_NAN,N/A_NAN,73.25,-6.15625,-12.0,16,29,514246019208,71.25,-5.84375,-12.0,15,0,514246019208,0.04473590748644163,0.026841544491864978,,,15,1.3995126070000001
00000269--4014745f93--7:246:1000314,00000269--4014745f93--7,246,515446088149,1000314,R2_MEMBER_DISAPPEAR_REP_CHANGE,298|308,308,298,308,0,1,-3.5,-0.25,-0.5,3.5,0.25,0.5,1,1,39,39,P2_PUBLISHED_COORDINATE_CHANGE,-3.5236892700195312,-0.25,-0.5,-0.961272696625831,NO_DOWNSTREAM_EFFECT,0,,,,0,0,0,0,0,2,1,64.0,-5.78125,-11.75,16,60.5,-6.03125,-12.25,17,N/A_NAN,N/A_NAN,,,,,,,60.5,-6.03125,-12.25,9,6,515446088149,0.014350982092202471,-0.9469217145336286,,,13,1.200503195
00000269--4014745f93--7:253:1000340,00000269--4014745f93--7,253,516147346904,1000340,R1_STABLE_GROUP_REP_CHANGE,322|323,322|323,322,323,1,0,-2.0,0.15625,0.0,2.0,0.15625,0.0,1,1,76,76,P2_PUBLISHED_COORDINATE_CHANGE,-1.965362548828125,0.15625,0.0,0.0,NO_DOWNSTREAM_EFFECT,0,0.4255379953556657,1.2518314976778329,0.8262935023221671,0,0,0,0,0,2,2,40.75,-5.375,-12.25,3,38.75,-5.21875,-12.25,4,N/A_NAN,N/A_NAN,40.75,-5.375,-12.25,4,12,516147346904,38.75,-5.21875,-12.25,4,15,516147346904,0.0,0.0,,,3,0.200564289
00000269--4014745f93--7:255:1000304,00000269--4014745f93--7,255,516346141586,1000304,R2_MEMBER_DISAPPEAR_REP_CHANGE,289|290,289,290,289,0,1,0.5,0.09375,0.0,0.5,0.09375,0.0,1,1,92,92,P2_PUBLISHED_COORDINATE_CHANGE,0.4803733825683594,0.09375,0.0,0.0030768995904614784,NO_DOWNSTREAM_EFFECT,0,,,,0,0,0,0,0,2,1,47.0,-5.21875,-12.25,36,47.5,-5.125,-12.25,37,N/A_NAN,N/A_NAN,,,,,,,47.5,-5.125,-12.25,37,29,516346141586,-0.007692248976153696,-0.004615349385692217,,,21,2.001626739
00000269--4014745f93--7:262:1000340,00000269--4014745f93--7,262,517045702433,1000340,R2_MEMBER_DISAPPEAR_REP_CHANGE,322|323,322,323,322,0,1,0.25,-0.03125,-0.75,0.25,0.03125,0.75,1,1,76,76,P2_PUBLISHED_COORDINATE_CHANGE,0.23706626892089844,-0.03125,-0.75,-1.2000000000000002,NO_DOWNSTREAM_EFFECT,0,,,,0,0,0,0,0,2,1,28.75,-4.90625,-12.0,12,29.0,-4.9375,-12.75,13,N/A_NAN,N/A_NAN,,,,,,,29.0,-4.9375,-12.75,13,12,517045702433,0.13103340040312741,-1.0689665995968727,,,9,0.798232901
00000269--4014745f93--7:264:1000292,00000269--4014745f93--7,264,517246245521,1000292,R1_STABLE_GROUP_REP_CHANGE,279|342,279|342,279,342,1,0,-1.75,0.0,0.0,1.75,0.0,0.0,1,1,56,56,P2_PUBLISHED_COORDINATE_CHANGE,-1.7773303985595703,0.0,0.0,0.012598872750241845,NO_DOWNSTREAM_EFFECT,0,0.8057357104172667,1.3505763310553276,0.5448406206380609,0,0,0,0,0,2,2,18.75,2.5,-12.5,56,17.0,2.5,-12.5,57,N/A_NAN,N/A_NAN,18.75,2.5,-12.5,57,8,517246245521,17.0,2.5,-12.5,5,18,517246245521,-0.031497181875604616,-0.01889830912536277,,,56,5.497785853000001
00000269--4014745f93--7:264:1000297,00000269--4014745f93--7,264,517246245521,1000297,R1_STABLE_GROUP_REP_CHANGE,284|344,284|344,284,344,1,0,-2.25,0.3125,0.25,2.25,0.3125,0.25,1,1,35,35,P2_PUBLISHED_COORDINATE_CHANGE,-2.2700119018554688,0.3125,0.25,0.6173567420440011,NO_DOWNSTREAM_EFFECT,0,0.31868143025728557,1.522353200707554,1.2036717704502684,0,0,0,0,0,2,2,62.25,1.21875,-12.5,47,60.0,1.53125,-12.25,48,N/A_NAN,N/A_NAN,62.25,1.21875,-12.5,48,21,517246245521,60.0,1.53125,-12.25,5,23,517246245521,-0.1074012064776041,0.5099555355663971,,,22,2.0994562830000003
00000269--4014745f93--7:266:1000292,00000269--4014745f93--7,266,517445872918,1000292,R2_MEMBER_DISAPPEAR_REP_CHANGE,279|342,279,342,279,0,1,0.5,0.1875,-0.25,0.5,0.1875,0.25,1,1,56,56,P2_PUBLISHED_COORDINATE_CHANGE,0.4965505599975586,0.1875,-0.25,-0.4384482228141928,NO_DOWNSTREAM_EFFECT,0,,,,0,0,0,0,0,2,1,15.5,2.65625,-12.5,58,16.0,2.84375,-12.75,59,N/A_NAN,N/A_NAN,,,,,,,16.0,2.84375,-12.75,59,8,517445872918,-0.011338985475217663,-0.4497872082894105,,,2,0.100043872
00000269--4014745f93--7:268:1000297,00000269--4014745f93--7,268,517645993440,1000297,R2_MEMBER_DISAPPEAR_REP_CHANGE,284|344,284,344,284,0,1,0.25,-0.09375,0.0,0.25,0.09375,0.0,1,1,35,35,P2_PUBLISHED_COORDINATE_CHANGE,0.2342987060546875,-0.09375,0.0,-0.07500954150606898,NO_DOWNSTREAM_EFFECT,0,,,,0,0,0,0,0,2,1,55.75,2.8125,-12.75,51,56.0,2.71875,-12.75,52,N/A_NAN,N/A_NAN,,,,,,,56.0,2.71875,-12.75,52,21,517645993440,-0.5568116174580154,-0.6318211589640844,,,4,0.300121715
00000269--4014745f93--7:277:1000381,00000269--4014745f93--7,277,518546123531,1000381,R5_GROUP_MERGE_REP_CHANGE,362,362|364,362,364,1,0,-2.25,-0.03125,0.0,2.25,0.03125,0.0,1,1,41,41,P2_PUBLISHED_COORDINATE_CHANGE,-2.2553253173828125,-0.03125,0.0,0.0,NO_DOWNSTREAM_EFFECT,0,0.1878605415612924,1.3483141418021205,1.160453600240828,0,0,0,0,0,1,2,91.5,5.03125,-12.25,3,89.25,5.0,-12.25,4,N/A_NAN,N/A_NAN,91.5,5.03125,-12.25,4,17,518546123531,89.25,5.0,-12.25,3,20,518546123531,0.0,0.0,,,3,0.18963349100000002
00000269--4014745f93--7:281:1000392,00000269--4014745f93--7,281,518956038793,1000392,R5_GROUP_MERGE_REP_CHANGE,373,373|375,373,375,1,0,-2.25,0.03125,0.0,2.25,0.03125,0.0,1,1,54,54,P2_PUBLISHED_COORDINATE_CHANGE,-2.266815185546875,0.03125,0.0,0.0,NO_DOWNSTREAM_EFFECT,0,0.08678482963841816,1.362046935191421,1.275262105553003,0,0,0,0,0,1,2,92.75,5.0625,-12.0,2,90.5,5.09375,-12.0,3,N/A_NAN,N/A_NAN,92.75,5.0625,-12.0,3,11,518946143841,90.5,5.09375,-12.0,3,22,518946143841,0.0,0.0,,,2,0.099855155
00000269--4014745f93--7:284:1000283,00000269--4014745f93--7,284,519246283790,1000283,R2_MEMBER_DISAPPEAR_REP_CHANGE,270|275,275,270,275,0,1,0.5,-0.09375,0.25,0.5,0.09375,0.25,1,1,38,38,P2_PUBLISHED_COORDINATE_CHANGE,0.5261087417602539,-0.09375,0.25,0.3655167908718628,NO_DOWNSTREAM_EFFECT,0,,,,0,0,0,0,0,2,1,4.75,2.625,-12.0,80,5.25,2.53125,-11.75,81,N/A_NAN,N/A_NAN,,,,,,,5.25,2.53125,-11.75,80,30,519246283790,0.07601515697217641,0.4415319478440392,,,77,7.6085387980000005
00000269--4014745f93--7:288:1000361,00000269--4014745f93--7,288,519656993360,1000361,R2_MEMBER_DISAPPEAR_REP_CHANGE,343|360,360,343,360,0,1,0.0,-0.1875,0.0,0.0,0.1875,0.0,1,1,84,84,P2_PUBLISHED_COORDINATE_CHANGE,0.0012118816375732422,-0.1875,0.0,-0.035793872657524185,NO_DOWNSTREAM_EFFECT,0,,,,0,0,0,0,0,2,1,4.0,2.4375,-11.75,28,4.0,2.25,-11.75,29,N/A_NAN,N/A_NAN,,,,,,,4.0,2.25,-11.75,15,7,519645934793,0.08948468164381046,0.053690808986286274,,,28,2.7115305100000002
00000269--4014745f93--7:290:1000339,00000269--4014745f93--7,290,519856356066,1000339,R2_MEMBER_DISAPPEAR_REP_CHANGE,321|336,336,321,336,0,1,0.0,-0.1875,0.0,0.0,0.1875,0.0,1,1,43,43,P2_PUBLISHED_COORDINATE_CHANGE,-0.001130819320678711,-0.1875,0.0,-0.006901541464589624,NO_DOWNSTREAM_EFFECT,0,,,,0,0,0,0,0,2,1,4.0,2.25,-11.75,41,4.0,2.0625,-11.75,42,N/A_NAN,N/A_NAN,,,,,,,4.0,2.0625,-11.75,34,9,519845562690,0.01725385366147406,0.010352312196884435,,,41,4.009619303
00000269--4014745f93--7:293:1000380,00000269--4014745f93--7,293,520156167793,1000380,R1_STABLE_GROUP_REP_CHANGE,361|383,361|383,361,383,1,0,-2.0,0.0625,0.0,2.0,0.0625,0.0,1,1,68,68,P2_PUBLISHED_COORDINATE_CHANGE,-2.0288619995117188,0.0625,0.0,0.1262173128011228,NO_DOWNSTREAM_EFFECT,0,0.36800727332740735,1.4300954074393895,1.062088134111982,0,0,0,0,0,2,2,66.5,-0.40625,-12.0,19,64.5,-0.34375,-12.0,20,N/A_NAN,N/A_NAN,66.5,-0.40625,-12.0,20,14,520146197261,64.5,-0.34375,-12.0,8,6,520146197261,-0.315543282002807,-0.1893259692016842,,,19,1.8001642210000002
00000269--4014745f93--7:294:1000344,00000269--4014745f93--7,294,520255995054,1000344,R1_STABLE_GROUP_REP_CHANGE,326|396,326|396,326,396,1,0,0.0,-0.21875,-1.0,0.0,0.21875,1.0,1,1,42,42,P2_PUBLISHED_COORDINATE_CHANGE,0.022251129150390625,-0.21875,-1.0,-1.2000000000000002,NO_DOWNSTREAM_EFFECT,0,1.1519791726224435,2.755614827625889,1.6036356550034456,0,0,0,0,0,2,2,42.5,0.5625,-10.75,40,42.5,0.34375,-11.75,41,N/A_NAN,N/A_NAN,43.0,-0.84375,-12.0,41,1,520246396644,42.5,0.34375,-11.75,4,19,520246396644,0.17286941291060384,-1.0271305870893963,,,34,3.310295259
00000269--4014745f93--7:294:1000411,00000269--4014745f93--7,294,520255995054,1000411,R2_MEMBER_DISAPPEAR_REP_CHANGE,391|392,392,391,392,0,1,0.25,0.09375,0.0,0.25,0.09375,0.0,1,1,83,83,P2_PUBLISHED_COORDINATE_CHANGE,0.30370330810546875,0.09375,0.0,0.0,NO_DOWNSTREAM_EFFECT,0,,,,0,0,0,0,0,2,1,80.5,-2.84375,-12.0,3,80.75,-2.75,-12.0,4,N/A_NAN,N/A_NAN,,,,,,,80.75,-2.75,-12.0,4,9,520246396644,0.0,0.0,,,3,0.199972635
00000269--4014745f93--7:296:1000344,00000269--4014745f93--7,296,520455842073,1000344,R5_GROUP_MERGE_REP_CHANGE,326|396,326|389|396,396,389,1,0,-1.75,-0.4375,1.0,1.75,0.4375,1.0,1,1,42,42,P2_PUBLISHED_COORDINATE_CHANGE,-1.7306671142578125,-0.4375,1.0,1.2000000000000002,NO_DOWNSTREAM_EFFECT,0,0.15733912756497626,1.3130445637824881,1.1557054362175119,0,0,0,0,0,2,3,41.0,-0.21875,-11.75,42,39.25,-0.65625,-10.75,43,N/A_NAN,N/A_NAN,41.0,-0.21875,-11.75,6,19,520446070760,39.25,-0.65625,-10.75,5,16,520446070760,-1.5979518630316627,-0.3979518630316625,,,2,0.100216944
00000269--4014745f93--7:297:1000344,00000269--4014745f93--7,297,520555906646,1000344,R2_MEMBER_DISAPPEAR_REP_CHANGE,326|389|396,326|396,389,396,0,1,0.0,0.03125,-1.0,0.0,0.03125,1.0,1,1,42,42,P2_PUBLISHED_COORDINATE_CHANGE,-0.000354766845703125,0.03125,-1.0,-0.9697582293081113,NO_DOWNSTREAM_EFFECT,0,,,1.7340183318847748,0,0,0,0,0,3,2,39.25,-0.65625,-10.75,43,39.25,-0.625,-11.75,44,N/A_NAN,N/A_NAN,,,,,,,39.25,-0.625,-11.75,7,19,520545997552,-0.3979518630316625,-1.3677100923397738,,,1,0.0
00000269--4014745f93--7:299:1000385,00000269--4014745f93--7,299,520756442567,1000385,R1_STABLE_GROUP_REP_CHANGE,366|387,366|387,366,387,1,0,-1.5,-0.25,0.0,1.5,0.25,0.0,1,1,39,39,P2_PUBLISHED_COORDINATE_CHANGE,-1.497955322265625,-0.25,0.0,0.11638083285954426,NO_DOWNSTREAM_EFFECT,0,0.056683621070636736,0.6363586572181481,0.5796750361475114,0,0,0,0,0,2,2,109.5,3.6875,-11.5,21,108.0,3.4375,-11.5,22,N/A_NAN,N/A_NAN,108.0,2.71875,-11.75,22,24,520746419820,108.0,3.4375,-11.5,10,5,520746419820,0.0008279003493666144,0.11720873320891087,,,21,2.000500032
00000269--4014745f93--7:303:1000344,00000269--4014745f93--7,303,521147247781,1000344,R2_MEMBER_DISAPPEAR_REP_CHANGE,389|396,389,396,389,0,1,-4.5,0.0,-0.25,4.5,0.0,0.25,1,1,42,42,P2_PUBLISHED_COORDINATE_CHANGE,-4.508934020996094,0.0,-0.25,-0.24446724712603707,NO_DOWNSTREAM_EFFECT,0,,,,0,0,0,0,0,2,1,33.0,-2.40625,-12.0,49,28.5,-2.40625,-12.25,50,N/A_NAN,N/A_NAN,,,,,,,28.5,-2.40625,-12.25,11,16,521147247781,-0.5782998345824254,-0.8227670817084625,,,6,0.49128635200000004
00000269--4014745f93--7:305:1000385,00000269--4014745f93--7,305,521356468876,1000385,R2_MEMBER_DISAPPEAR_REP_CHANGE,366|387,366,387,366,0,1,-1.5,-1.15625,-0.25,1.5,1.15625,0.25,1,1,39,39,P2_PUBLISHED_COORDINATE_CHANGE,-1.4078750610351562,-1.15625,-0.25,-0.5164280625680888,NO_DOWNSTREAM_EFFECT,0,,,,0,0,0,0,0,2,1,102.0,-0.28125,-11.75,27,100.5,-1.4375,-12.0,28,N/A_NAN,N/A_NAN,,,,,,,100.5,-1.4375,-12.0,28,24,521356468876,-0.24149649343995314,-0.757924556008042,,,6,0.500639374
00000269--4014745f93--7:306:1000353,00000269--4014745f93--7,306,521456089631,1000353,R2_MEMBER_DISAPPEAR_REP_CHANGE,335,392,335,392,0,1,0.0,0.0,0.0,0.0,0.0,0.0,1,1,52,52,P2_PUBLISHED_COORDINATE_CHANGE,-0.00154876708984375,0.0,0.0,0.35563921513480024,NO_DOWNSTREAM_EFFECT,0,,,,0,0,0,0,0,1,1,68.0,-9.53125,-12.75,50,68.0,-9.53125,-12.75,51,N/A_NAN,N/A_NAN,,,,,,,68.0,-9.53125,-12.75,15,31,521456089631,-0.1386850811972382,0.21695413393756202,,,50,4.91061486
00000269--4014745f93--7:310:1000384,00000269--4014745f93--7,310,521856590110,1000384,R1_STABLE_GROUP_REP_CHANGE,362|365,362|365,365,362,1,0,-1.75,0.5,0.25,1.75,0.5,0.25,1,1,46,46,P2_PUBLISHED_COORDINATE_CHANGE,-1.7528419494628906,0.5,0.25,0.6730229355048917,NO_DOWNSTREAM_EFFECT,0,0.52826769719168,1.3864863372334284,0.8582186400417484,0,0,0,0,0,2,2,53.0,-8.75,-13.0,35,51.25,-8.25,-12.75,36,N/A_NAN,N/A_NAN,53.0,-8.75,-13.0,36,23,521856590110,51.25,-8.25,-12.75,37,17,521856590110,-0.22845773319384866,0.444565202311043,,,35,3.399621106
00000269--4014745f93--7:311:1000380,00000269--4014745f93--7,311,521956429990,1000380,R2_MEMBER_DISAPPEAR_REP_CHANGE,361|383,361,383,361,0,1,0.5,-1.09375,0.25,0.5,1.09375,0.25,1,1,68,68,P2_PUBLISHED_COORDINATE_CHANGE,0.529998779296875,-1.09375,0.25,0.6831228629034579,NO_DOWNSTREAM_EFFECT,0,,,,0,0,0,0,0,2,1,43.25,-6.21875,-13.0,37,43.75,-7.3125,-12.75,38,N/A_NAN,N/A_NAN,,,,,,,43.75,-7.3125,-12.75,38,14,521946422891,0.03785255045540917,0.7209754133588671,,,18,1.7004223170000001
00000269--4014745f93--7:353:1000508,00000269--4014745f93--7,353,526156089216,1000508,R1_STABLE_GROUP_REP_CHANGE,481|488,481|488,481,488,1,0,-2.0,-0.125,0.0,2.0,0.125,0.0,1,1,60,60,P2_PUBLISHED_COORDINATE_CHANGE,-2.0164794921875,-0.125,0.0,0.14444543291553608,NO_DOWNSTREAM_EFFECT,0,0.8153564129140562,1.4530823403389803,0.6377259274249241,0,0,0,0,0,2,2,45.75,-5.875,-14.5,9,43.75,-6.0,-14.5,10,N/A_NAN,N/A_NAN,45.75,-5.875,-14.5,10,25,526156089216,43.75,-6.0,-14.5,5,7,526156089216,-0.36111358228884016,-0.2166681493733041,,,9,0.800261153
00000269--4014745f93--7:361:1000522,00000269--4014745f93--7,361,526955996929,1000522,R2_MEMBER_DISAPPEAR_REP_CHANGE,495|497,497,495,497,0,1,0.0,0.75,0.0,0.0,0.75,0.0,1,1,36,36,P2_PUBLISHED_COORDINATE_CHANGE,0.17682647705078125,0.75,0.0,0.09032542437497604,NO_DOWNSTREAM_EFFECT,0,,,,0,0,0,0,0,2,1,109.75,-10.9375,-15.0,6,109.75,-10.1875,-15.0,7,N/A_NAN,N/A_NAN,,,,,,,109.75,-10.1875,-15.0,7,23,526955996929,-0.22581356093744004,-0.135488136562464,,,6,0.49977418100000004
00000269--4014745f93--7:363:1000519,00000269--4014745f93--7,363,527156783906,1000519,R5_GROUP_MERGE_REP_CHANGE,492,492|509,492,509,1,0,-1.75,-0.1875,0.0,1.75,0.1875,0.0,1,1,78,78,P2_PUBLISHED_COORDINATE_CHANGE,-1.8834686279296875,-0.1875,0.0,0.012098391186080363,NO_DOWNSTREAM_EFFECT,0,1.1616061168203657,1.5600643321204788,0.39845821530011305,0,0,0,0,0,1,2,66.0,-6.5,-15.0,11,64.25,-6.6875,-15.0,12,N/A_NAN,N/A_NAN,66.0,-6.5,-15.0,12,20,527156783906,64.25,-6.6875,-15.0,3,12,527156783906,-0.030245977965200906,-0.018147586779120543,,,11,0.9992464400000001
00000269--4014745f93--7:364:1000519,00000269--4014745f93--7,364,527255606662,1000519,R2_MEMBER_DISAPPEAR_REP_CHANGE,492|509,492,509,492,0,1,-0.5,0.5,0.0,0.5,0.5,0.0,1,1,78,78,P2_PUBLISHED_COORDINATE_CHANGE,-0.5048599243164062,0.5,0.0,0.007259034711648217,NO_DOWNSTREAM_EFFECT,0,,,,0,0,0,0,0,2,1,64.25,-6.6875,-15.0,12,63.75,-6.1875,-15.0,13,N/A_NAN,N/A_NAN,,,,,,,63.75,-6.1875,-15.0,13,20,527255606662,-0.018147586779120543,-0.010888552067472326,,,1,0.0
00000269--4014745f93--7:365:1000522,00000269--4014745f93--7,365,527355972974,1000522,R2_MEMBER_DISAPPEAR_REP_CHANGE,495|497,495,497,495,0,1,-4.0,0.34375,-0.25,4.0,0.34375,0.25,1,1,36,36,P2_PUBLISHED_COORDINATE_CHANGE,-3.8491744995117188,0.34375,-0.25,-0.22495242310152042,NO_DOWNSTREAM_EFFECT,0,,,,0,0,0,0,0,2,1,105.5,-9.5625,-14.75,10,101.5,-9.21875,-15.0,11,N/A_NAN,N/A_NAN,,,,,,,101.5,-9.21875,-15.0,10,17,527355972974,0.562381057753801,0.33742863465228057,,,4,0.29960973300000004
00000269--4014745f93--7:366:1000508,00000269--4014745f93--7,366,527458381639,1000508,R2_MEMBER_DISAPPEAR_REP_CHANGE,481|488,481,488,481,0,1,-0.5,-0.125,-0.25,0.5,0.125,0.25,1,1,60,60,P2_PUBLISHED_COORDINATE_CHANGE,-0.4392070770263672,-0.125,-0.25,-0.37987748151459316,NO_DOWNSTREAM_EFFECT,0,,,,0,0,0,0,0,2,1,26.0,-4.375,-15.0,22,25.5,-4.5,-15.25,23,N/A_NAN,N/A_NAN,,,,,,,25.5,-4.5,-15.25,23,25,527458381639,-0.03082269345710201,-0.4107001749716952,,,13,1.1998837580000001
00000269--4014745f93--7:370:1000546,00000269--4014745f93--7,370,527856617775,1000546,R1_STABLE_GROUP_REP_CHANGE,498|518,498|518,518,498,1,0,-2.0,0.09375,0.25,2.0,0.09375,0.25,1,1,37,37,P2_PUBLISHED_COORDINATE_CHANGE,-1.9947090148925781,0.09375,0.25,0.6276362802314759,NO_DOWNSTREAM_EFFECT,0,0.9666264831515576,1.5883918849145586,0.621765401763001,0,0,0,0,0,2,2,43.25,-4.25,-15.25,6,41.25,-4.15625,-15.0,7,N/A_NAN,N/A_NAN,43.25,-4.25,-15.25,7,9,527856617775,41.25,-4.15625,-15.0,14,26,527856617775,-0.05699045104980467,0.5706458291816712,,,6,0.500314944
00000269--4014745f93--7:377:1000562,00000269--4014745f93--7,377,528556205115,1000562,R5_GROUP_MERGE_REP_CHANGE,534,534|546,534,546,1,0,-2.0,0.53125,0.0,2.0,0.53125,0.0,1,1,73,73,P2_PUBLISHED_COORDINATE_CHANGE,-1.9926681518554688,0.53125,0.0,0.09262659072875978,NO_DOWNSTREAM_EFFECT,0,0.8786682796955736,1.5721466398477868,0.6934783601522132,0,0,0,0,0,1,2,88.0,-6.65625,-15.5,6,86.0,-6.125,-15.5,7,N/A_NAN,N/A_NAN,88.0,-6.65625,-15.5,7,30,528556205115,86.0,-6.125,-15.5,3,26,528556205115,-0.2315664768218994,-0.13893988609313962,,,6,0.49904876600000003
00000269--4014745f93--7:382:1000557,00000269--4014745f93--7,382,529058632389,1000557,R1_STABLE_GROUP_REP_CHANGE,529|549,529|549,529,549,1,0,-2.0,0.9375,0.0,2.0,0.9375,0.0,1,1,45,45,P2_PUBLISHED_COORDINATE_CHANGE,-1.8315963745117188,0.9375,0.0,0.1100812758419874,NO_DOWNSTREAM_EFFECT,0,0.7860331407249674,1.6273915703624837,0.8413584296375163,0,0,0,0,0,2,2,76.0,-5.4375,-15.75,13,74.0,-4.5,-15.75,14,N/A_NAN,N/A_NAN,76.0,-5.4375,-15.75,14,11,529058632389,74.0,-4.5,-15.75,7,31,529058632389,-0.27520318960496853,-0.16512191376298113,,,13,1.200726237
00000269--4014745f93--7:391:1000562,00000269--4014745f93--7,391,529956628726,1000562,R1_STABLE_GROUP_REP_CHANGE,529|546,529|546,546,529,1,0,-2.0,0.78125,0.0,2.0,0.78125,0.0,1,1,73,73,P2_PUBLISHED_COORDINATE_CHANGE,-2.0214576721191406,0.78125,0.0,-0.008700983747093794,NO_DOWNSTREAM_EFFECT,0,0.8177963516954474,1.6042106758477237,0.7864143241522763,0,0,0,0,0,2,2,64.0,-4.65625,-15.75,20,62.0,-3.875,-15.75,21,N/A_NAN,N/A_NAN,64.0,-4.65625,-15.75,17,26,529956628726,62.0,-3.875,-15.75,23,11,529956628726,0.021752459367734484,0.01305147562064069,,,14,1.300362744
00000269--4014745f93--7:395:1000557,00000269--4014745f93--7,395,530356135217,1000557,R2_MEMBER_DISAPPEAR_REP_CHANGE,549,555,549,555,0,1,0.0,0.0,0.0,0.0,0.0,0.0,1,1,45,45,P2_PUBLISHED_COORDINATE_CHANGE,0.009815216064453125,0.0,0.0,0.036077622519553654,NO_DOWNSTREAM_EFFECT,0,,,,0,0,0,0,0,1,1,52.25,-3.34375,-15.75,26,52.25,-3.34375,-15.75,27,N/A_NAN,N/A_NAN,,,,,,,52.25,-3.34375,-15.75,13,21,530356135217,-0.09019405629888413,-0.05411643377933048,,,13,1.1975011370000002
00000269--4014745f93--7:395:1000590,00000269--4014745f93--7,395,530356135217,1000590,R1_STABLE_GROUP_REP_CHANGE,556|560,556|560,560,556,1,0,-2.0,1.3125,-0.25,2.0,1.3125,0.25,1,1,85,85,P2_PUBLISHED_COORDINATE_CHANGE,-1.9969100952148438,1.3125,-0.25,-0.584347041323781,NO_DOWNSTREAM_EFFECT,0,0.44651635399321066,1.6138831769966053,1.1673668230033947,0,0,0,0,0,2,2,81.75,-6.125,-15.75,11,79.75,-4.8125,-16.0,12,N/A_NAN,N/A_NAN,81.75,-6.125,-15.75,12,27,530356135217,79.75,-4.8125,-16.0,12,8,530356135217,0.0,-0.584347041323781,,,11,0.9999016350000001
00000269--4014745f93--7:399:1000612,00000269--4014745f93--7,399,530755956730,1000612,R5_GROUP_MERGE_REP_CHANGE,580,580|581,580,581,1,0,-2.0,1.15625,0.0,2.0,1.15625,0.0,1,1,39,39,P2_PUBLISHED_COORDINATE_CHANGE,-2.0282745361328125,1.15625,0.0,0.0,NO_DOWNSTREAM_EFFECT,0,0.6404909730818726,1.6093079865409363,0.9688170134590637,0,0,0,0,0,1,2,112.75,-8.53125,-15.5,2,110.75,-7.375,-15.5,3,N/A_NAN,N/A_NAN,112.75,-8.53125,-15.5,3,1,530755956730,110.75,-7.375,-15.5,3,4,530755956730,0.0,0.0,,,2,0.100335455
00000269--4014745f93--7:405:1000614,00000269--4014745f93--7,405,531356611144,1000614,R2_MEMBER_DISAPPEAR_REP_CHANGE,546|582,546,582,546,0,1,-3.75,-0.75,0.25,3.75,0.75,0.25,1,1,64,64,P2_PUBLISHED_COORDINATE_CHANGE,-3.756702423095703,-0.75,0.25,0.4954728637938069,NO_DOWNSTREAM_EFFECT,0,,,,0,0,0,0,0,2,1,44.75,-2.5,-15.75,8,41.0,-3.25,-15.5,9,N/A_NAN,N/A_NAN,,,,,,,41.0,-3.25,-15.5,31,26,531356611144,-0.30136204567800917,0.19411081811579772,,,8,0.700021014
00000269--4014745f93--7:409:1000610,00000269--4014745f93--7,409,531755820626,1000610,R1_STABLE_GROUP_REP_CHANGE,560|578,560|578,578,560,1,0,-2.0,-0.46875,0.0,2.0,0.46875,0.0,1,1,77,77,P2_PUBLISHED_COORDINATE_CHANGE,-2.0344085693359375,-0.46875,0.0,0.0,NO_DOWNSTREAM_EFFECT,0,0.8871364227404683,1.5869662978220846,0.6998298750816163,0,0,0,0,0,2,2,63.75,-4.375,-15.75,13,61.75,-4.84375,-15.75,14,N/A_NAN,N/A_NAN,63.75,-4.375,-15.75,14,14,531755820626,61.75,-4.84375,-15.75,26,29,531755820626,0.0,0.0,,,13,1.200331813
00000269--4014745f93--7:409:1000623,00000269--4014745f93--7,409,531755820626,1000623,R5_GROUP_MERGE_REP_CHANGE,589,589|593,589,593,1,0,-2.0,-0.375,0.0,2.0,0.375,0.0,1,1,57,57,P2_PUBLISHED_COORDINATE_CHANGE,-2.0344161987304688,-0.375,0.0,0.0,NO_DOWNSTREAM_EFFECT,0,0.932363706844086,1.60879702200873,0.676433315164644,0,0,0,0,0,1,2,117.5,-5.375,-15.75,8,115.5,-5.75,-15.75,9,N/A_NAN,N/A_NAN,117.5,-5.375,-15.75,9,24,531755820626,115.5,-5.75,-15.75,5,7,531755820626,0.0,0.0,,,8,0.700715694
00000269--4014745f93--7:413:1000616,00000269--4014745f93--7,413,532156406685,1000616,R2_MEMBER_DISAPPEAR_REP_CHANGE,584|597,597,584,597,0,1,0.0,0.0,0.0,0.0,0.0,0.0,1,1,44,44,P2_PUBLISHED_COORDINATE_CHANGE,-0.02019500732421875,0.0,0.0,0.06043861620734649,NO_DOWNSTREAM_EFFECT,0,,,,0,0,0,0,0,2,1,74.75,-4.59375,-16.0,16,74.75,-4.59375,-16.0,17,N/A_NAN,N/A_NAN,,,,,,,74.75,-4.59375,-16.0,9,13,532156406685,-0.1510965405183662,-0.09065792431101972,,,16,1.5017476140000001
00000269--4014745f93--7:414:1000571,00000269--4014745f93--7,414,532256320003,1000571,R5_GROUP_MERGE_REP_CHANGE,543,543|595,543,595,1,0,-2.25,0.34375,0.0,2.25,0.34375,0.0,1,1,50,50,P2_PUBLISHED_COORDINATE_CHANGE,-2.2581939697265625,0.34375,0.0,0.0103107295032195,NO_DOWNSTREAM_EFFECT,0,0.5625,1.362595582588385,0.8000955825883851,0,0,0,0,0,1,2,49.25,-2.28125,-16.0,38,47.0,-1.9375,-16.0,39,N/A_NAN,N/A_NAN,47.0,-0.8125,-16.0,39,27,532256320003,47.0,-1.9375,-16.0,10,4,532256320003,-0.02577682375804875,-0.01546609425482925,,,16,1.4995907370000001
00000269--4014745f93--7:416:1000615,00000269--4014745f93--7,416,532455921784,1000615,R1_STABLE_GROUP_REP_CHANGE,583|605,583|605,583,605,1,0,-2.0,0.15625,0.0,2.0,0.15625,0.0,1,1,37,37,P2_PUBLISHED_COORDINATE_CHANGE,-2.0248184204101562,0.15625,0.0,0.0009166148086212158,NO_DOWNSTREAM_EFFECT,0,1.1394734140026914,1.6087992070013457,0.4693257929986543,0,0,0,0,0,2,2,62.25,-4.15625,-16.0,19,60.25,-4.0,-16.0,20,N/A_NAN,N/A_NAN,62.25,-4.15625,-16.0,20,17,532455921784,60.25,-4.0,-16.0,6,9,532455921784,-0.0022915370215530395,-0.0013749222129318236,,,19,1.7997255740000002
00000269--4014745f93--7:417:1000571,00000269--4014745f93--7,417,532556238902,1000571,R5_GROUP_MERGE_REP_CHANGE,595,595|615,595,615,1,0,-2.25,-0.03125,0.0,2.25,0.03125,0.0,1,1,50,50,P2_PUBLISHED_COORDINATE_CHANGE,-2.1673965454101562,-0.03125,0.0,-0.040492664646577525,NO_DOWNSTREAM_EFFECT,0,0.9384897216774135,1.6395522798919937,0.7010625582145802,0,0,0,0,0,1,2,44.75,-2.125,-15.75,41,42.5,-2.15625,-15.75,42,N/A_NAN,N/A_NAN,44.25,-2.96875,-16.0,13,2,532556238902,42.5,-2.15625,-15.75,3,4,532556238902,0.7383761004016949,0.6978834357551174,,,3,0.199601781
00000269--4014745f93--7:419:1000653,00000269--4014745f93--7,419,532756602010,1000653,R1_STABLE_GROUP_REP_CHANGE,612|616,612|616,612,616,1,0,-2.25,-0.5,0.0,2.25,0.5,0.0,1,1,38,38,P2_PUBLISHED_COORDINATE_CHANGE,-2.2725448608398438,-0.5,0.0,-0.21430449485778807,NO_DOWNSTREAM_EFFECT,0,0.7631400271135647,1.6681528823918406,0.9050128552782759,0,0,0,0,0,2,2,85.5,-5.03125,-16.25,5,83.25,-5.53125,-16.25,6,N/A_NAN,N/A_NAN,85.5,-5.03125,-16.25,6,6,532756602010,83.25,-5.53125,-16.25,5,12,532756602010,0.0,-0.21430449485778807,,,5,0.399609551
00000269--4014745f93--7:419:1000656,00000269--4014745f93--7,419,532756602010,1000656,R5_GROUP_MERGE_REP_CHANGE,543,543|595,543,595,1,0,-1.75,0.15625,0.25,1.75,0.15625,0.25,1,1,54,54,P2_PUBLISHED_COORDINATE_CHANGE,-1.7645492553710938,0.15625,0.25,0.0,NO_DOWNSTREAM_EFFECT,0,1.3506508746299728,1.6518879373149864,0.3012370626850136,0,0,0,0,0,1,2,43.75,-2.78125,-16.25,4,42.0,-2.625,-16.0,5,N/A_NAN,N/A_NAN,43.75,-2.78125,-16.25,44,8,532756602010,42.0,-2.625,-16.0,15,2,532756602010,0.0,0.0,,,4,0.299723487
00000269--4014745f93--7:420:1000607,00000269--4014745f93--7,420,532855756659,1000607,R2_MEMBER_DISAPPEAR_REP_CHANGE,575|586,586,575,586,0,1,-2.75,-0.59375,0.0,2.75,0.59375,0.0,1,1,47,47,P2_PUBLISHED_COORDINATE_CHANGE,-2.7202529907226562,-0.59375,0.0,0.022249011636293572,NO_DOWNSTREAM_EFFECT,0,,,,0,0,0,0,0,2,1,63.5,-4.21875,-16.25,25,60.75,-4.8125,-16.25,26,N/A_NAN,N/A_NAN,,,,,,,60.75,-4.8125,-16.25,20,0,532855756659,-0.05562252909073394,-0.033373517454440366,,,24,2.3004415490000003
00000269--4014745f93--7:420:1000608,00000269--4014745f93--7,420,532855756659,1000608,R1_STABLE_GROUP_REP_CHANGE,576|603|610,576|603|610,576,603,1,0,-0.75,0.46875,0.0,0.75,0.46875,0.0,1,1,63,63,P2_PUBLISHED_COORDINATE_CHANGE,-0.7202529907226562,0.46875,0.0,0.018313797859013548,NO_DOWNSTREAM_EFFECT,0,0.11194496421535405,1.1816960676558343,1.0697511034404803,0,0,0,0,0,3,3,67.5,-4.625,-16.25,27,66.75,-4.15625,-16.25,28,N/A_NAN,N/A_NAN,64.75,-4.5,-16.25,28,31,532855756659,66.75,-4.15625,-16.25,11,5,532855756659,-0.04578449464753387,-0.02747069678852032,,,27,2.5998440730000003
00000269--4014745f93--7:420:1000615,00000269--4014745f93--7,420,532855756659,1000615,R1_STABLE_GROUP_REP_CHANGE,583|605,583|605,605,583,1,0,-0.75,-0.15625,0.0,0.75,0.15625,0.0,1,1,37,37,P2_PUBLISHED_COORDINATE_CHANGE,-0.7202529907226562,-0.15625,0.0,0.08433318821526661,NO_DOWNSTREAM_EFFECT,0,0.2298829523058732,1.1852539761529366,0.9553710238470634,0,0,0,0,0,2,2,55.5,-3.78125,-16.25,23,54.75,-3.9375,-16.25,24,N/A_NAN,N/A_NAN,52.75,-3.65625,-16.25,10,9,532855756659,54.75,-3.9375,-16.25,24,17,532855756659,-0.2108329705381665,-0.12649978232289988,,,4,0.300680226
00000269--4014745f93--7:420:1000638,00000269--4014745f93--7,420,532855756659,1000638,R5_GROUP_MERGE_REP_CHANGE,601,601|620,601,620,1,0,-0.75,0.90625,0.0,0.75,0.90625,0.0,1,1,62,62,P2_PUBLISHED_COORDINATE_CHANGE,-0.7202529907226562,0.90625,0.0,0.0837606918811798,NO_DOWNSTREAM_EFFECT,0,0.1598522319525273,1.4464582202911314,1.286605988338604,0,0,0,0,0,1,2,71.5,-5.375,-16.25,10,70.75,-4.46875,-16.25,11,N/A_NAN,N/A_NAN,68.75,-4.71875,-16.25,11,7,532855756659,70.75,-4.46875,-16.25,3,11,532855756659,-0.2094017297029495,-0.12564103782176972,,,7,0.6001953250000001
00000269--4014745f93--7:421:1000638,00000269--4014745f93--7,421,532956474554,1000638,R2_MEMBER_DISAPPEAR_REP_CHANGE,601|620,601,620,601,0,1,-4.25,-0.03125,0.0,4.25,0.03125,0.0,1,1,62,62,P2_PUBLISHED_COORDINATE_CHANGE,-4.203575134277344,-0.03125,0.0,0.05025641512870789,NO_DOWNSTREAM_EFFECT,0,,,,0,0,0,0,0,2,1,70.75,-4.46875,-16.25,11,66.5,-4.5,-16.25,12,N/A_NAN,N/A_NAN,,,,,,,66.5,-4.5,-16.25,12,7,532956474554,-0.12564103782176972,-0.07538462269306183,,,1,0.0
00000269--4014745f93--7:422:1000610,00000269--4014745f93--7,422,533056476468,1000610,R5_GROUP_MERGE_REP_CHANGE,560|608,543|608,560,608,0,1,-2.0,0.84375,0.0,2.0,0.84375,0.0,1,1,77,77,P2_PUBLISHED_COORDINATE_CHANGE,-1.9922866821289062,0.84375,0.0,0.031087385464102807,NO_DOWNSTREAM_EFFECT,0,,,0.78598995534501,0,0,0,0,0,2,2,40.75,-4.46875,-16.25,26,38.75,-3.625,-16.25,27,N/A_NAN,N/A_NAN,,,,,,,38.75,-3.625,-16.25,12,29,533056476468,-0.077718463660257,-0.046631078196154196,,,13,1.2006539280000001
00000269--4014745f93--7:422:1000615,00000269--4014745f93--7,422,533056476468,1000615,R2_MEMBER_DISAPPEAR_REP_CHANGE,583|605,605,583,605,0,1,-4.0,0.71875,0.0,4.0,0.71875,0.0,1,1,37,37,P2_PUBLISHED_COORDINATE_CHANGE,-3.9922866821289062,0.71875,0.0,0.030359947757495967,NO_DOWNSTREAM_EFFECT,0,,,,0,0,0,0,0,2,1,52.5,-3.875,-16.25,25,48.5,-3.15625,-16.25,26,N/A_NAN,N/A_NAN,,,,,,,48.5,-3.15625,-16.25,12,9,533056476468,-0.07589986939373992,-0.04553992163624396,,,2,0.100717895
00000269--4014745f93--7:423:1000608,00000269--4014745f93--7,423,533155825941,1000608,R1_STABLE_GROUP_REP_CHANGE,576|603|610,576|603|610,603,576,1,0,-2.0,-0.34375,-0.25,2.0,0.34375,0.25,1,1,63,63,P2_PUBLISHED_COORDINATE_CHANGE,-2.0825233459472656,-0.34375,-0.25,-0.3822340039250347,NO_DOWNSTREAM_EFFECT,0,0.9246639670837027,1.638380473978688,0.7137165068949853,0,0,0,0,0,3,3,62.5,-4.0625,-16.25,30,60.5,-4.40625,-16.5,31,N/A_NAN,N/A_NAN,62.5,-4.0625,-16.25,14,5,533155825941,60.5,-4.40625,-16.5,31,31,533155825941,-0.009889450843867314,-0.39212345476890204,,,3,0.200719809
00000269--4014745f93--7:423:1000615,00000269--4014745f93--7,423,533155825941,1000615,R2_MEMBER_DISAPPEAR_REP_CHANGE,605,583,605,583,0,1,0.0,0.0,0.0,0.0,0.0,0.0,1,1,37,37,P2_PUBLISHED_COORDINATE_CHANGE,-0.07466888427734375,0.0,0.0,0.018215968654497584,NO_DOWNSTREAM_EFFECT,0,,,,0,0,0,0,0,1,1,48.5,-3.15625,-16.25,26,48.5,-3.15625,-16.25,27,N/A_NAN,N/A_NAN,,,,,,,48.5,-3.15625,-16.25,26,9,533155825941,-0.04553992163624396,-0.027323952981746374,,,1,0.0
00000269--4014745f93--7:424:1000615,00000269--4014745f93--7,424,533256155311,1000615,R2_MEMBER_DISAPPEAR_REP_CHANGE,583,605,583,605,0,1,-2.5,0.09375,0.0,2.5,0.09375,0.0,1,1,37,37,P2_PUBLISHED_COORDINATE_CHANGE,-2.6213302612304688,0.09375,0.0,0.010929581192698549,NO_DOWNSTREAM_EFFECT,0,,,,0,0,0,0,0,1,1,48.5,-3.15625,-16.25,27,46.0,-3.0625,-16.25,28,N/A_NAN,N/A_NAN,,,,,,,46.0,-3.0625,-16.25,13,9,533256155311,-0.027323952981746374,-0.016394371789047825,,,1,0.0
00000269--4014745f93--7:425:1000638,00000269--4014745f93--7,425,533355527914,1000638,R2_MEMBER_DISAPPEAR_REP_CHANGE,601|620,620,601,620,0,1,-0.25,0.375,-0.25,0.25,0.375,0.25,1,1,62,62,P2_PUBLISHED_COORDINATE_CHANGE,-0.07225418090820312,0.375,-0.25,-0.36567660340063435,NO_DOWNSTREAM_EFFECT,0,,,,0,0,0,0,0,2,1,62.0,-4.375,-16.25,15,61.75,-4.0,-16.5,16,N/A_NAN,N/A_NAN,,,,,,,61.75,-4.0,-16.5,7,25,533355527914,-0.016283078501701354,-0.3819596819023357,,,4,0.299680757
00000269--4014745f93--7:426:1000608,00000269--4014745f93--7,426,533456538459,1000608,R4_GROUP_SPLIT_REP_CHANGE,576|603|610,603,576,603,0,1,2.0,0.65625,0.0,2.0,0.65625,0.0,1,1,63,63,P2_PUBLISHED_COORDINATE_CHANGE,1.9580078125,0.65625,0.0,0.056465777486721894,NO_DOWNSTREAM_EFFECT,0,,,,0,0,0,0,0,3,1,55.75,-4.21875,-16.5,33,57.75,-3.5625,-16.5,34,N/A_NAN,N/A_NAN,,,,,,,57.75,-3.5625,-16.5,17,5,533456538459,-0.14116444371680473,-0.08469866623008283,,,3,0.199701973
00000269--4014745f93--7:429:1000673,00000269--4014745f93--7,429,533757422943,1000673,R5_GROUP_MERGE_REP_CHANGE,601,576|601,601,576,1,0,-2.0,0.21875,0.0,2.0,0.21875,0.0,1,1,39,39,P2_PUBLISHED_COORDINATE_CHANGE,-1.9812812805175781,0.21875,0.0,0.0,NO_DOWNSTREAM_EFFECT,0,1.257188538304192,1.683281769152096,0.42609323084790396,0,0,0,0,0,1,2,53.0,-3.75,-16.5,3,51.0,-3.53125,-16.5,4,N/A_NAN,N/A_NAN,53.0,-3.75,-16.5,19,30,533757422943,51.0,-3.53125,-16.5,36,31,533757422943,0.0,0.0,,,3,0.19985045
00000269--4014745f93--7:430:1000625,00000269--4014745f93--7,430,533855947124,1000625,R4_GROUP_SPLIT_REP_CHANGE,588|619,619,588,619,0,1,1.5,-0.34375,0.0,1.5,0.34375,0.0,1,1,55,55,P2_PUBLISHED_COORDINATE_CHANGE,1.4613876342773438,-0.34375,0.0,0.005047235636422893,NO_DOWNSTREAM_EFFECT,0,,,,0,0,0,0,0,2,1,61.0,-4.15625,-16.5,27,62.5,-4.5,-16.5,28,N/A_NAN,N/A_NAN,,,,,,,62.5,-4.5,-16.5,13,14,533855947124,-0.012618089091057232,-0.007570853454634339,,,27,2.600966509
00000269--4014745f93--7:432:1000670,00000269--4014745f93--7,432,534055608669,1000670,R5_GROUP_MERGE_REP_CHANGE,583,583|628,583,628,1,0,-2.0,1.5,0.25,2.0,1.5,0.25,1,1,87,87,P2_PUBLISHED_COORDINATE_CHANGE,-2.052501678466797,1.5,0.25,0.4988856597793898,NO_DOWNSTREAM_EFFECT,0,0.4694067860074047,1.6722033930037024,1.2027966069962976,1,0,0,0,1,1,2,38.25,-2.1875,-16.75,7,36.25,-0.6875,-16.5,8,N/A_NAN,N/A_NAN,38.25,-2.1875,-16.75,34,11,534055608669,36.25,-0.6875,-16.5,6,17,534055608669,0.5829500550451143,1.0818357148245041,,,7,0.601078719
00000269--4014745f93--7:432:1000673,00000269--4014745f93--7,432,534055608669,1000673,R2_MEMBER_DISAPPEAR_REP_CHANGE,576|601,601,576,601,0,1,0.0,0.0,0.0,0.0,0.0,0.0,1,1,39,39,P2_PUBLISHED_COORDINATE_CHANGE,-0.059307098388671875,0.0,0.0,0.0,NO_DOWNSTREAM_EFFECT,0,,,,0,0,0,0,0,2,1,46.25,-3.125,-16.5,6,46.25,-3.125,-16.5,7,N/A_NAN,N/A_NAN,,,,,,,46.25,-3.125,-16.5,22,31,534055608669,0.0,0.0,,,3,0.19918369000000002
00000269--4014745f93--7:432:1000677,00000269--4014745f93--7,432,534055608669,1000677,R5_GROUP_MERGE_REP_CHANGE,629,629|638,629,638,1,0,-2.0,0.875,-0.25,2.0,0.875,0.25,1,1,81,81,P2_PUBLISHED_COORDINATE_CHANGE,-2.0670089721679688,0.875,-0.25,-0.3911774158477783,NO_DOWNSTREAM_EFFECT,0,0.7772047149026093,1.6698523574513047,0.8926476425486953,0,0,0,0,0,1,2,103.75,-9.03125,-16.5,5,101.75,-8.15625,-16.75,6,N/A_NAN,N/A_NAN,103.75,-9.03125,-16.5,6,18,534055608669,101.75,-8.15625,-16.75,3,19,534055608669,0.0,-0.3911774158477783,,,5,0.400125736
00000269--4014745f93--7:433:1000670,00000269--4014745f93--7,433,534156333020,1000670,R2_MEMBER_DISAPPEAR_REP_CHANGE,583|628,583,628,583,0,1,-0.5,-1.46875,-0.25,0.5,1.46875,0.25,1,1,87,87,P2_PUBLISHED_COORDINATE_CHANGE,-0.5162467956542969,-1.46875,-0.25,-0.4327342859298017,NO_DOWNSTREAM_EFFECT,0,,,,0,0,0,0,0,2,1,36.25,-0.6875,-16.5,8,35.75,-2.15625,-16.75,9,N/A_NAN,N/A_NAN,,,,,,,35.75,-2.15625,-16.75,35,11,534156333020,1.0818357148245041,0.6491014288947025,,,1,0.0
00000269--4014745f93--7:434:1000653,00000269--4014745f93--7,434,534255847057,1000653,R2_MEMBER_DISAPPEAR_REP_CHANGE,612|616,612,616,612,0,1,-0.5,0.15625,-0.25,0.5,0.15625,0.25,1,1,38,38,P2_PUBLISHED_COORDINATE_CHANGE,-0.48236846923828125,0.15625,-0.25,-0.3614211889184119,NO_DOWNSTREAM_EFFECT,0,,,,0,0,0,0,0,2,1,59.75,-3.78125,-16.5,20,59.25,-3.625,-16.75,21,N/A_NAN,N/A_NAN,,,,,,,59.25,-3.625,-16.75,21,6,534255847057,-0.0016352773006109958,-0.3630564662190229,,,15,1.39973101
00000269--4014745f93--7:435:1000608,00000269--4014745f93--7,435,534356606361,1000608,R1_STABLE_GROUP_REP_CHANGE,601|603,601|603,603,601,1,0,-2.0,-0.0625,0.25,2.0,0.0625,0.25,1,1,63,63,P2_PUBLISHED_COORDINATE_CHANGE,-1.9209861755371094,-0.0625,0.25,0.6162377652731935,NO_DOWNSTREAM_EFFECT,0,1.2126951936183161,1.7080124731264723,0.4953172795081562,0,0,0,0,0,2,2,43.5,-2.90625,-16.75,41,41.5,-2.96875,-16.5,42,N/A_NAN,N/A_NAN,43.5,-2.90625,-16.75,25,30,534356606361,41.5,-2.96875,-16.5,25,31,534356606361,-0.22948096715313027,0.38675679812006325,,,3,0.20023838800000002
00000269--4014745f93--7:435:1000681,00000269--4014745f93--7,435,534356606361,1000681,R2_MEMBER_DISAPPEAR_REP_CHANGE,633,635,633,635,0,1,0.0,0.0,0.0,0.0,0.0,0.0,1,1,69,69,P2_PUBLISHED_COORDINATE_CHANGE,0.0726470947265625,0.0,0.0,0.03653791809082031,NO_DOWNSTREAM_EFFECT,0,,,,0,0,0,0,0,1,1,111.0,-7.96875,-16.75,7,111.0,-7.96875,-16.75,8,N/A_NAN,N/A_NAN,,,,,,,111.0,-7.96875,-16.75,7,3,534356606361,-0.09134479522705077,-0.05480687713623046,,,7,0.5994581480000001
00000269--4014745f93--7:437:1000608,00000269--4014745f93--7,437,534556306364,1000608,R1_STABLE_GROUP_REP_CHANGE,601|603,601|603,601,603,1,0,-0.75,0.21875,-0.25,0.75,0.21875,0.25,1,1,63,63,P2_PUBLISHED_COORDINATE_CHANGE,-0.72381591796875,0.21875,-0.25,-0.5100270242344938,NO_DOWNSTREAM_EFFECT,0,0.2151002269601463,1.3280149832939967,1.1129147563338504,0,0,0,0,0,2,2,39.0,-2.90625,-16.5,43,38.25,-2.6875,-16.75,44,N/A_NAN,N/A_NAN,36.25,-2.65625,-16.75,27,31,534556306364,38.25,-2.6875,-16.75,27,30,534556306364,0.5501900848090961,0.040163060574602394,,,2,0.09948074100000001
00000269--4014745f93--7:437:1000677,00000269--4014745f93--7,437,534556306364,1000677,R2_MEMBER_DISAPPEAR_REP_CHANGE,629|638,629,638,629,0,1,-0.5,-0.53125,0.25,0.5,0.53125,0.25,1,1,81,81,P2_PUBLISHED_COORDINATE_CHANGE,-0.45977020263671875,-0.53125,0.25,0.5311588829123282,NO_DOWNSTREAM_EFFECT,0,,,,0,0,0,0,0,2,1,94.5,-7.4375,-17.0,10,94.0,-7.96875,-16.75,11,N/A_NAN,N/A_NAN,,,,,,,94.0,-7.96875,-16.75,11,18,534556306364,-0.4552297715858499,0.07592911132647828,,,5,0.400478433
00000269--4014745f93--7:438:1000608,00000269--4014745f93--7,438,534655971735,1000608,R1_STABLE_GROUP_REP_CHANGE,601|603,601|603,603,601,1,0,-2.0,0.03125,0.0,2.0,0.03125,0.0,1,1,63,63,P2_PUBLISHED_COORDINATE_CHANGE,-1.8463935852050781,0.03125,0.0,-0.016065224229840958,NO_DOWNSTREAM_EFFECT,0,1.3473558483006371,1.6901062002664762,0.34275035196583903,0,0,0,0,0,2,2,38.25,-2.6875,-16.75,44,36.25,-2.65625,-16.75,45,N/A_NAN,N/A_NAN,38.25,-2.6875,-16.75,28,30,534655971735,36.25,-2.65625,-16.75,28,31,534655971735,0.040163060574602394,0.024097836344761436,,,1,0.0
00000269--4014745f93--7:438:1000691,00000269--4014745f93--7,438,534655971735,1000691,R5_GROUP_MERGE_REP_CHANGE,643,633|643,643,633,1,0,-2.25,-0.90625,0.0,2.25,0.90625,0.0,1,1,82,82,P2_PUBLISHED_COORDINATE_CHANGE,-2.0963973999023438,-0.90625,0.0,0.0,NO_DOWNSTREAM_EFFECT,0,0.6236687345052871,1.731206743948289,1.1075380094430018,0,0,0,0,0,1,2,104.0,-4.59375,-16.75,5,101.75,-5.5,-16.75,6,N/A_NAN,N/A_NAN,104.0,-4.59375,-16.75,6,2,534655971735,101.75,-5.5,-16.75,10,11,534655971735,0.0,0.0,,,5,0.399973344
00000269--4014745f93--7:440:1000608,00000269--4014745f93--7,440,534856159399,1000608,R2_MEMBER_DISAPPEAR_REP_CHANGE,601|603,603,601,603,0,1,-0.25,0.25,0.0,0.25,0.25,0.0,1,1,63,63,P2_PUBLISHED_COORDINATE_CHANGE,-0.2422637939453125,0.25,0.0,-0.005783480722742745,NO_DOWNSTREAM_EFFECT,0,,,,0,0,0,0,0,2,1,33.75,-2.53125,-16.75,46,33.5,-2.28125,-16.75,47,N/A_NAN,N/A_NAN,,,,,,,33.5,-2.28125,-16.75,30,30,534856159399,0.01445870180685686,0.008675221084114115,,,2,0.100105631
00000269--4014745f93--7:442:1000695,00000269--4014745f93--7,442,535056082926,1000695,R1_STABLE_GROUP_REP_CHANGE,646|654,646|654,646,654,1,0,-0.75,0.3125,-0.25,0.75,0.3125,0.25,1,1,95,95,P2_PUBLISHED_COORDINATE_CHANGE,-0.7328453063964844,0.3125,-0.25,-0.30471694469451904,NO_DOWNSTREAM_EFFECT,0,0.03977981918075724,1.1917649095903786,1.1519850904096214,0,0,0,0,0,2,2,59.25,-1.78125,-16.75,6,58.5,-1.46875,-17.0,7,N/A_NAN,N/A_NAN,56.75,-2.15625,-17.0,7,22,535056082926,58.5,-1.46875,-17.0,4,25,535056082926,0.0,-0.30471694469451904,,,6,0.499775528
00000269--4014745f93--7:444:1000653,00000269--4014745f93--7,444,535256232268,1000653,R2_MEMBER_DISAPPEAR_REP_CHANGE,612,642,612,642,0,1,0.0,0.0,0.0,0.0,0.0,0.0,1,1,38,38,P2_PUBLISHED_COORDINATE_CHANGE,0.010009765625,0.0,0.0,0.20056530200067602,NO_DOWNSTREAM_EFFECT,0,,,,0,0,0,0,0,1,1,44.5,-2.21875,-17.0,30,44.5,-2.21875,-17.0,31,N/A_NAN,N/A_NAN,,,,,,,44.5,-2.21875,-17.0,11,6,535247628159,-0.5014132550016901,-0.3008479530010141,,,10,0.9001929630000001
00000269--4014745f93--7:444:1000695,00000269--4014745f93--7,444,535256232268,1000695,R1_STABLE_GROUP_REP_CHANGE,646|654,646|654,654,646,1,0,-2.0,-0.375,0.0,2.0,0.375,0.0,1,1,95,95,P2_PUBLISHED_COORDINATE_CHANGE,-2.157623291015625,-0.375,0.0,0.172465196169733,NO_DOWNSTREAM_EFFECT,0,1.2188635358605069,1.7045546356951244,0.48569109983461745,0,0,0,0,0,2,2,56.25,-1.71875,-17.0,8,54.25,-2.09375,-17.0,9,N/A_NAN,N/A_NAN,56.25,-1.71875,-17.0,6,25,535247628159,54.25,-2.09375,-17.0,9,22,535247628159,-0.43116299042433237,-0.2586977942545994,,,2,0.09995709400000001
00000269--4014745f93--7:445:1000653,00000269--4014745f93--7,445,535347626235,1000653,R2_MEMBER_DISAPPEAR_REP_CHANGE,642,612,642,612,0,1,-2.75,0.125,0.0,2.75,0.125,0.0,1,1,38,38,P2_PUBLISHED_COORDINATE_CHANGE,-2.7612571716308594,0.125,0.0,0.12033918120040565,NO_DOWNSTREAM_EFFECT,0,,,,0,0,0,0,0,1,1,44.5,-2.21875,-17.0,31,41.75,-2.09375,-17.0,32,N/A_NAN,N/A_NAN,,,,,,,41.75,-2.09375,-17.0,31,6,535347626235,-0.3008479530010141,-0.18050877180060843,,,1,0.0
00000269--4014745f93--7:445:1000691,00000269--4014745f93--7,445,535347626235,1000691,R2_MEMBER_DISAPPEAR_REP_CHANGE,633|643,643,633,643,0,1,-0.75,0.28125,-0.25,0.75,0.28125,0.25,1,1,82,82,P2_PUBLISHED_COORDINATE_CHANGE,-0.7676010131835938,0.28125,-0.25,-0.22026044197566086,NO_DOWNSTREAM_EFFECT,0,,,,0,0,0,0,0,2,1,92.25,-4.625,-17.0,12,91.5,-4.34375,-17.25,13,N/A_NAN,N/A_NAN,,,,,,,91.5,-4.34375,-17.25,13,2,535347626235,-0.2575082374234686,-0.4777686793991295,,,7,0.600260533
00000269--4014745f93--7:449:1000677,00000269--4014745f93--7,449,535746056604,1000677,R5_GROUP_MERGE_REP_CHANGE,629,629|665,629,665,1,0,-1.0,-0.71875,0.0,1.0,0.71875,0.0,1,1,81,81,P2_PUBLISHED_COORDINATE_CHANGE,-1.0203094482421875,-0.71875,0.0,0.05426359559816653,NO_DOWNSTREAM_EFFECT,0,0.04450048215841029,0.9597502410792051,0.9152497589207949,0,0,0,0,0,1,2,76.5,-7.0625,-17.25,22,75.5,-7.78125,-17.25,23,N/A_NAN,N/A_NAN,74.0,-7.03125,-17.25,23,18,535746056604,75.5,-7.78125,-17.25,3,9,535746056604,-0.1356589889954163,-0.08139539339724979,,,12,1.100249437
00000269--4014745f93--7:450:1000695,00000269--4014745f93--7,450,535845999536,1000695,R2_MEMBER_DISAPPEAR_REP_CHANGE,646,654,646,654,0,1,-0.5,0.5,0.0,0.5,0.5,0.0,1,1,95,95,P2_PUBLISHED_COORDINATE_CHANGE,-0.466522216796875,0.5,0.0,0.033706967015028046,NO_DOWNSTREAM_EFFECT,0,,,,0,0,0,0,0,1,1,44.0,-2.28125,-17.25,14,43.5,-1.78125,-17.25,15,N/A_NAN,N/A_NAN,,,,,,,43.5,-1.78125,-17.25,11,31,535845999536,-0.08426741753757011,-0.050560450522542065,,,6,0.489824336
00000269--4014745f93--7:455:1000721,00000269--4014745f93--7,455,536346612507,1000721,R1_STABLE_GROUP_REP_CHANGE,671|672,671|672,671,672,1,0,-1.0,0.46875,0.0,1.0,0.46875,0.0,1,1,94,94,P2_PUBLISHED_COORDINATE_CHANGE,-0.9429473876953125,0.46875,0.0,0.022201831054687496,NO_DOWNSTREAM_EFFECT,0,0.25759106091078365,1.240489099370834,0.9828980384600503,0,0,0,0,0,2,2,88.0,-6.8125,-17.5,6,87.0,-6.34375,-17.5,7,N/A_NAN,N/A_NAN,85.0,-6.78125,-17.5,7,9,536346612507,87.0,-6.34375,-17.5,5,16,536346612507,-0.05550457763671875,-0.03330274658203125,,,6,0.499760034
00000269--4014745f93--7:457:1000691,00000269--4014745f93--7,457,536545656137,1000691,R2_MEMBER_DISAPPEAR_REP_CHANGE,643,679,643,679,0,1,0.0,0.0,0.0,0.0,0.0,0.0,1,1,82,82,P2_PUBLISHED_COORDINATE_CHANGE,-0.02506256103515625,0.0,0.0,0.007115296918202823,NO_DOWNSTREAM_EFFECT,0,,,,0,0,0,0,0,1,1,74.75,-3.375,-17.5,24,74.75,-3.375,-17.5,25,N/A_NAN,N/A_NAN,,,,,,,74.75,-3.375,-17.5,4,25,536545656137,-0.01778824229550706,-0.010672945377304236,,,12,1.098448077
00000269--4014745f93--7:457:1000721,00000269--4014745f93--7,457,536545656137,1000721,R1_STABLE_GROUP_REP_CHANGE,671|672,671|672,672,671,1,0,-2.25,-0.625,0.0,2.25,0.625,0.0,1,1,94,94,P2_PUBLISHED_COORDINATE_CHANGE,-2.2750625610351562,-0.625,0.0,0.0079926591796875,NO_DOWNSTREAM_EFFECT,0,0.9286711327405737,1.7455855663702868,0.8169144336297132,0,0,0,0,0,2,2,84.75,-6.125,-17.5,8,82.5,-6.75,-17.5,9,N/A_NAN,N/A_NAN,84.75,-6.125,-17.5,7,16,536545656137,82.5,-6.75,-17.5,9,9,536545656137,-0.01998164794921875,-0.01198898876953125,,,2,0.099461805
00000269--4014745f93--7:460:1000737,00000269--4014745f93--7,460,536846270389,1000737,R1_STABLE_GROUP_REP_CHANGE,672|684,672|684,684,672,1,0,-1.75,1.15625,0.0,1.75,1.15625,0.0,1,1,83,83,P2_PUBLISHED_COORDINATE_CHANGE,-1.9241714477539062,1.15625,0.0,-0.053843444824218746,NO_DOWNSTREAM_EFFECT,0,1.171875,1.7960341930514008,0.6241591930514008,0,0,0,0,0,2,2,81.25,-6.84375,-17.75,5,79.5,-5.6875,-17.75,6,N/A_NAN,N/A_NAN,81.25,-6.84375,-17.75,6,24,536846270389,79.5,-5.6875,-17.75,10,16,536846270389,0.0,-0.053843444824218746,,,5,0.399408662
00000269--4014745f93--7:466:1000748,00000269--4014745f93--7,466,537445712756,1000748,R2_MEMBER_DISAPPEAR_REP_CHANGE,690|694,690,694,690,0,1,-4.5,0.0625,0.0,4.5,0.0625,0.0,1,1,61,61,P2_PUBLISHED_COORDINATE_CHANGE,-4.506584167480469,0.0625,0.0,-0.09047035217285156,NO_DOWNSTREAM_EFFECT,0,,,,0,0,0,0,0,2,1,83.5,-5.0625,-18.0,5,79.0,-5.0,-18.0,6,N/A_NAN,N/A_NAN,,,,,,,79.0,-5.0,-18.0,5,22,537445712756,0.0,-0.09047035217285156,,,5,0.399682809
00000269--4014745f93--7:467:1000748,00000269--4014745f93--7,467,537546130708,1000748,R2_MEMBER_DISAPPEAR_REP_CHANGE,690,694,690,694,0,1,0.0,0.0,0.0,0.0,0.0,0.0,1,1,61,61,P2_PUBLISHED_COORDINATE_CHANGE,0.02001190185546875,0.0,0.0,0.03618814086914062,NO_DOWNSTREAM_EFFECT,0,,,,0,0,0,0,0,1,1,79.0,-5.0,-18.0,6,79.0,-5.0,-18.0,7,N/A_NAN,N/A_NAN,,,,,,,79.0,-5.0,-18.0,6,22,537546130708,-0.09047035217285156,-0.054282211303710935,,,1,0.0
00000269--4014745f93--7:474:1000691,00000269--4014745f93--7,474,538245782412,1000691,R2_MEMBER_DISAPPEAR_REP_CHANGE,679|706,706,679,706,0,1,-0.25,0.875,0.0,0.25,0.875,0.0,1,1,82,82,P2_PUBLISHED_COORDINATE_CHANGE,-0.2766571044921875,0.875,0.0,0.002430459884706102,NO_DOWNSTREAM_EFFECT,0,,,,0,0,0,0,0,2,1,47.25,-1.875,-18.0,41,47.0,-1.0,-18.0,42,N/A_NAN,N/A_NAN,,,,,,,47.0,-1.0,-18.0,6,25,538236049171,-0.006076149711765255,-0.0036456898270591526,,,17,1.600462478
00000269--4014745f93--7:499:1000774,00000269--4014745f93--7,499,540736378228,1000774,R1_STABLE_GROUP_REP_CHANGE,712|715,712|715,715,712,1,0,-2.25,0.5625,-0.25,2.25,0.5625,0.25,1,1,95,95,P2_PUBLISHED_COORDINATE_CHANGE,-2.2515945434570312,0.5625,-0.25,-0.4531661757325187,NO_DOWNSTREAM_EFFECT,0,1.0698683089696708,1.8630591544848354,0.7931908455151646,0,0,0,0,0,2,2,59.5,-6.75,-18.5,25,57.25,-6.1875,-18.75,26,N/A_NAN,N/A_NAN,59.5,-6.75,-18.5,26,24,540736378228,57.25,-6.1875,-18.75,27,19,540736378228,1.8848397782250518e-06,-0.4531642908927405,,,25,2.3907291990000004
00000269--4014745f93--7:502:1000774,00000269--4014745f93--7,502,541036227532,1000774,R2_MEMBER_DISAPPEAR_REP_CHANGE,712|715,715,712,715,0,1,0.5,-0.53125,0.25,0.5,0.53125,0.25,1,1,95,95,P2_PUBLISHED_COORDINATE_CHANGE,0.5209159851074219,-0.53125,0.25,0.6196281610111467,NO_DOWNSTREAM_EFFECT,0,,,,0,0,0,0,0,2,1,52.75,-6.0625,-18.75,28,53.25,-6.59375,-18.5,29,N/A_NAN,N/A_NAN,,,,,,,53.25,-6.59375,-18.5,29,24,541036227532,-0.16313914472138658,0.45648901628976013,,,3,0.19956943600000002
00000269--4014745f93--7:584:1000853,00000269--4014745f93--7,584,549217218683,1000853,R5_GROUP_MERGE_REP_CHANGE,788,788|815,788,815,1,0,-1.75,-0.8125,0.0,1.75,0.8125,0.0,1,1,65,65,P2_PUBLISHED_COORDINATE_CHANGE,-1.7468795776367188,-0.8125,0.0,-0.22937073246994322,NO_DOWNSTREAM_EFFECT,0,1.3581888520505405,1.9852952885694437,0.6271064365189032,0,0,0,0,0,1,2,66.25,9.21875,-19.75,42,64.5,8.40625,-19.75,43,N/A_NAN,N/A_NAN,66.25,9.21875,-19.75,43,23,549217218683,64.5,8.40625,-19.75,3,6,549217218683,0.5734268311748579,0.3440560987049147,,,42,4.090647506
00000269--4014745f93--7:585:1000853,00000269--4014745f93--7,585,549316685810,1000853,R2_MEMBER_DISAPPEAR_REP_CHANGE,788|815,788,815,788,0,1,-0.5,0.78125,0.0,0.5,0.78125,0.0,1,1,65,65,P2_PUBLISHED_COORDINATE_CHANGE,-0.5384674072265625,0.78125,0.0,-0.1376224394819659,NO_DOWNSTREAM_EFFECT,0,,,,0,0,0,0,0,2,1,64.5,8.40625,-19.75,43,64.0,9.1875,-19.75,44,N/A_NAN,N/A_NAN,,,,,,,64.0,9.1875,-19.75,44,23,549316685810,0.3440560987049147,0.20643365922294882,,,1,0.0
00000269--4014745f93--7:591:1000462,00000269--4014745f93--7,591,549916133268,1000462,R2_MEMBER_DISAPPEAR_REP_CHANGE,436|482,482,436,482,0,1,-1.0,-0.40625,0.0,1.0,0.40625,0.0,1,1,93,93,P2_PUBLISHED_COORDINATE_CHANGE,-0.24721145629882812,-0.25,0.0,0.0049583190688844425,A_LEAD_CHANGED,1,,,,0,0,0,0,0,2,1,31.25,0.375,-2.5,274,30.25,-0.03125,-2.5,275,N/A_NAN,N/A_NAN,,,,,,,30.25,-0.03125,-2.5,247,28,549916133268,-0.23259853197533464,-0.2276402129064502,lead_one,lead_one,274,27.259533196000003
