scan,scan_ns,pid,alias,anchor_rep,published_raw,d,y,v,a,member_age_s
0,3365390867699,1000004,36,5,5,71.32020568847656,-6.5,-7.25,0.0,0.024799192
1,3365490669097,1000004,36,5,5,70.58119201660156,-6.46875,-7.0,0.0,0.024115768000000003
2,3365590539812,1000004,36,5,5,70.06591796875,-6.40625,-7.0,0.0,0.026297018000000002
3,3365691521097,1000004,36,5,5,69.33667755126953,-5.90625,-6.75,0.0,0.024195865
4,3365791519039,1000004,36,5,5,68.5832748413086,-6.40625,-6.75,0.0,0.024700348
5,3365890487288,1000004,36,5,5,67.82958221435547,-6.34375,-6.5,1.0571557825443367,0.026218692000000002
6,3365990618863,1000004,36,5,5,67.32344055175781,-6.15625,-6.5,0.8853633891169199,0.027163393
7,3366090700911,1000004,36,5,5,66.5890884399414,-6.09375,-6.25,1.136507803563581,0.025745769
8,3366190523037,1000004,36,5,5,66.09207153320312,-6.0625,-6.0,1.341928546214173,0.026321859000000003
9,3366291035513,1000004,36,5,5,65.35469055175781,-6.09375,-6.0,1.1650393803195656,0.024218727000000002
10,3366390173537,1000004,36,5,5,64.85055541992188,-6.03125,-5.75,1.3577868214978754,0.025990693000000002
11,3366490488949,1000004,36,5,5,64.35301971435547,-5.875,-5.75,1.075625250981695,0.025561463000000003
12,3366590903153,1000004,36,5,5,63.86334228515625,-5.65625,-5.5,1.2379641563883088,0.024846635000000002
13,3366690659972,1000004,36,5,5,63.36428451538086,-5.625,-5.5,0.9654493395060659,0.024675402000000003
14,3366790114945,1000004,36,5,5,62.861881256103516,-5.71875,-5.25,1.1900785983175202,0.026308631000000002
15,3366890150279,1000004,36,5,5,62.614986419677734,-5.65625,-5.25,1.0186658286607373,0.025716605
16,3366989976102,1000004,36,5,5,62.11134338378906,-5.4375,-5.25,0.6759576217659888,0.026410445
17,3367090585080,1000004,36,5,5,61.370609283447266,-5.34375,-5.0,0.843671428894297,0.025878099
18,3367190347731,1000004,36,5,5,60.62392044067383,-5.15625,-4.75,1.1889582554687697,0.026542724
19,3367292319131,1000004,36,5,5,60.63679122924805,-5.15625,-4.75,0.9729922458532205,0.023833242
20,3367391015062,1000004,36,5,5,59.64287185668945,-5.03125,-4.5,1.194797536278387,0.023806110000000002
21,3367490381762,1000004,36,5,5,59.37828826904297,-5.15625,-4.5,0.9501940997928391,0.027047415
22,3367590164568,1000004,36,5,5,58.872825622558594,-5.0625,-4.5,0.6387923575450833,0.02826058
23,3367691187360,1000004,36,5,5,58.37929153442383,-5.03125,-4.25,0.8802055353457994,0.028402389
24,3367789801580,1000004,36,5,5,57.88266372680664,-4.875,-4.5,0.22588342556216423,0.026074331000000003
25,3367891056589,1000004,36,5,5,57.639556884765625,-4.875,-4.5,-0.08455373685441281,0.024543227
26,3367990717688,1000004,36,5,5,57.14289093017578,-4.71875,-4.25,0.28975889991367587,0.025202019000000003
27,3368090264267,1000004,36,5,5,56.640750885009766,-4.65625,-4.25,0.2523002109084769,0.025705252
28,3368190157740,1000004,36,5,5,56.14238739013672,-4.65625,-4.0,0.5796864292351995,0.026903054000000003
29,3368290534448,1000004,36,5,5,55.89583206176758,-4.6875,-4.0,0.5509443484857894,0.026041729000000003
30,3368390120085,1000004,36,5,5,55.394432067871094,-4.71875,-4.0,0.33732236872396415,0.026392113000000002
31,3368491031169,1000004,36,5,5,54.90169906616211,-4.84375,-4.0,0.16259954409574112,0.024574943000000002
32,3368590466717,1000004,36,5,5,54.65446090698242,-4.84375,-3.75,0.5265743450348239,0.025477304000000003
33,3368690764266,1000004,36,5,5,54.407623291015625,-4.59375,-3.75,0.4287291990244242,0.024633999
34,3368790472808,1000004,36,5,5,53.900718688964844,-4.53125,-3.75,0.2730185483265757,0.026474605000000002
35,3368891259373,1000004,36,5,5,53.40781021118164,-4.625,-3.75,0.04231681929746886,0.024583692
36,3368991419851,1000004,36,5,5,52.90633773803711,-4.59375,-3.75,-0.09647172914780894,0.024976832
37,3369090775771,1000004,36,5,5,52.651580810546875,-4.40625,-3.75,-0.1700024743471586,0.026245148000000003
38,3369190205538,1000004,36,5,5,52.40049362182617,-4.5,-3.5,0.29424695067839807,0.028430095000000002
39,3369291182033,1000004,36,5,5,51.908390045166016,-4.5625,-3.5,0.2779659976695315,0.026174321
40,3369390562586,1000004,36,5,5,51.66118240356445,-4.28125,-3.5,0.14646647854155376,0.025376637
41,3369490758061,1000004,36,5,5,51.17041015625,-4.21875,-3.25,0.4695346979444524,0.024488857000000003
42,3369589999617,1000004,36,5,5,50.91458511352539,-4.1875,-3.25,0.39453385039713723,0.02628155
43,3369690905545,1000004,36,5,5,50.67031478881836,-4.21875,-3.25,0.23528838611210873,0.024518281000000003
44,3369790297920,1000004,36,5,5,50.164527893066406,-4.21875,-3.25,0.036840433138959766,0.02629884
45,3369890133533,1000004,36,5,5,49.9173583984375,-4.0625,-3.25,-0.07704670773941745,0.025428559
46,3369990414209,1000004,36,5,5,49.670650482177734,-4.09375,-3.0,0.36771536765810975,0.026449242
47,3370090348459,1000004,36,5,5,49.42306137084961,-4.03125,-3.0,0.39399774623719797,0.025645725
48,3370190133817,1000004,36,5,5,49.171844482421875,-4.03125,-3.0,0.2744529140666012,0.026052458
49,3370290197221,1000004,36,5,5,48.921112060546875,-3.96875,-3.0,0.18412994163535237,0.026295716
50,3370391176267,1000004,36,5,5,48.67441940307617,-3.90625,-3.0,0.06927551959131267,0.025193530000000002
51,3370491356796,1000004,36,5,5,47.93301773071289,-4.15625,-2.75,0.4236593100336113,0.024357359000000002
52,3370591621952,1000004,36,5,5,47.682071685791016,-4.15625,-2.75,0.42191952607754973,0.024701649000000003
53,3370690536768,1000004,36,5,5,47.425350189208984,-4.09375,-2.75,0.2677960037904559,0.027145583
54,3370790479924,1000004,36,5,5,47.17298126220703,-4.125,-2.75,0.15692149619083573,0.028007375
55,3370890935426,1000004,36,5,5,47.18362808227539,-4.125,-2.5,0.5342781693377773,0.026548869000000003
56,3370990605951,1000004,36,5,5,46.68738555908203,-4.15625,-2.5,0.5458748043395646,0.025045367000000002
57,3371090736954,1000004,36,5,5,46.43831253051758,-4.09375,-2.5,0.4208878823386003,0.024675089
58,3371190549965,1000004,36,5,5,45.93417739868164,-4.125,-2.5,0.20003812206279456,0.026329254000000003
59,3371290054048,1000004,36,5,5,45.68681335449219,-4.125,-2.5,0.1273746182808826,0.025275032000000003
60,3371390102923,1000004,36,5,5,45.43376541137695,-4.03125,-2.5,0.037525793550056225,0.026493197000000003
61,3371490170233,1000004,36,5,5,45.436927795410156,-4.03125,-2.5,-0.057906932467226765,0.025228578
62,3371590722862,1000004,36,5,5,45.187992095947266,-4.03125,-2.5,-0.10486133287873353,0.024802421
63,3371690613626,1000004,36,5,5,44.93912887573242,-4.03125,-2.5,-0.1484566924570004,0.024349131000000003
64,3371790484966,1000004,36,5,5,44.687416076660156,-4.0,-2.5,-0.184582198680573,0.025034169000000002
65,3371890152470,1000004,36,5,5,44.43557357788086,-4.0,-2.5,-0.24005672626801827,0.025771183000000003
66,3371990445749,1000004,36,5,5,44.18642807006836,-4.0,-2.5,-0.19819745111559245,0.025429392000000002
67,3372091614777,1000004,36,5,5,43.6845703125,-3.78125,-2.5,-0.2036669577193918,0.0261713
68,3372191561994,1000004,36,5,5,43.68871307373047,-3.84375,-2.5,-0.23452079758309707,0.024514324
69,3372290171996,1000004,36,5,5,43.434783935546875,-3.84375,-2.5,-0.2618563192610989,0.0260861
70,3372390566983,1000004,36,5,5,43.18199920654297,-4.0,-2.5,-0.2858659094265941,0.02719964
71,3372490483058,1000004,36,5,5,42.94057846069336,-3.9375,-2.25,0.1975456570205158,0.026409976
72,3372589966310,1000004,36,5,5,42.690547943115234,-4.09375,-2.25,0.25633482167119653,0.026423255000000003
73,3372690776934,1000004,36,5,5,42.44416809082031,-4.15625,-2.25,0.17595198138379048,0.02481492
74,3372790492768,1000004,36,5,5,42.193328857421875,-4.25,-2.25,0.05413910362627733,0.025187696000000002
75,3372890464618,1000004,36,5,5,42.191932678222656,-4.25,-2.25,-0.015290500316327213,0.025807846000000002
76,3372989862722,1000004,36,5,5,41.93982696533203,-4.3125,-2.25,-0.06750233829395186,0.026743694000000002
77,3373091025865,1000004,36,5,5,41.6943473815918,-4.3125,-2.25,-0.12890516455920265,0.024735084
78,3373190848719,1000004,36,5,5,41.198028564453125,-4.40625,-2.0,0.33069039264360767,0.025986215
79,3373290973004,1000004,36,5,5,40.95048141479492,-4.4375,-2.0,0.3365092140976547,0.024759456000000003
80,3373390449693,1000004,36,5,5,40.946250915527344,-4.5,-2.0,0.2907818063945929,0.026875192000000003
81,3373490794060,1000004,36,5,5,40.69883728027344,-4.3125,-2.0,0.22658620840045712,0.025581201
82,3373590367876,1000004,36,5,5,40.44734191894531,-4.3125,-2.0,0.15578468081983246,0.026328525000000002
83,3373690689016,1000004,36,5,5,40.44968032836914,-4.15625,-2.0,0.16855758420883163,0.025158897000000003
84,3373790676542,1000004,36,5,5,40.19807434082031,-3.90625,-2.0,0.11327938057300971,0.025962779000000002
85,3373890746144,1000004,36,5,5,39.9389762878418,-3.75,-2.25,-0.45998852856428385,0.027120949000000002
86,3373990084513,1000004,36,5,5,39.6861572265625,-3.6875,-2.25,-0.5011612273871,0.028374111
87,3374091080433,1000004,36,5,5,39.43976593017578,-3.84375,-2.25,-0.40450932883993485,0.026769941000000002
88,3374190219654,1000004,36,5,5,39.190120697021484,-3.78125,-2.25,-0.29105278095897,0.026612196
89,3374290501632,1000004,36,5,5,38.94199752807617,-3.9375,-2.25,-0.2535919169338504,0.025778317000000002
90,3374390673932,1000004,36,5,5,38.6942253112793,-3.9375,-2.25,-0.28572860921878684,0.024789193
91,3374490700256,1000004,36,5,5,38.44426345825195,-3.9375,-2.25,-0.25903306864449205,0.024772007000000002
92,3374589933375,1000004,36,5,5,38.445899963378906,-3.6875,-2.0,0.3316594469947677,0.027049863
93,3374690089323,1000004,36,5,5,38.19936752319336,-3.75,-2.0,0.5148159793976149,0.025316278
94,3374789839684,1000004,36,5,5,37.94786071777344,-3.8125,-2.0,0.5030068501820936,0.026068706
95,3374890725250,1000004,36,5,5,37.69523239135742,-4.0,-2.25,-0.064153768628752,0.024341319
96,3374990378953,1000004,36,5,5,37.441497802734375,-4.03125,-2.25,-0.22081311610378182,0.026000276000000003
97,3375090671555,1000004,36,5,5,37.19346237182617,-4.03125,-2.25,-0.21155522814793445,0.025128066
98,3375190349162,1000004,36,5,5,36.942291259765625,-4.0625,-2.25,-0.24357793739542363,0.025649111000000002
99,3375292165212,1000004,36,5,5,36.70333480834961,-4.0625,-2.25,-0.12393288051195303,0.020740882000000002
100,3375392281267,1000004,36,5,5,36.448238372802734,-4.03125,-2.25,-0.01158982333858874,0.023005562
101,3375490432354,1000004,36,5,5,36.44239044189453,-4.0625,-2.25,0.04674618593605504,0.025604688
102,3375590197923,1000004,36,5,5,36.18891143798828,-4.21875,-2.25,0.06338785465392113,0.027150998000000003
103,3375690543852,1000004,36,5,5,35.94280242919922,-4.125,-2.25,0.059406804678619446,0.02542132
104,3375790291974,1000004,36,5,5,35.69309616088867,-4.15625,-2.25,0.050096234951478275,0.025289874
105,3375890091393,1000004,36,5,5,35.444366455078125,-4.0,-2.25,0.07216923705406134,0.024725501
106,3375990379255,1000004,36,5,5,35.19282150268555,-3.96875,-2.25,0.0569109948087875,0.025412102000000002
107,3376091016875,1000004,36,5,5,34.94718551635742,-3.96875,-2.25,0.11070689659373481,0.023472601000000003
108,3376189898518,1000004,36,5,5,34.69385528564453,-3.96875,-2.25,0.08854140639130217,0.024952927000000003
109,3376290074776,1000004,36,5,5,34.69544219970703,-3.96875,-2.25,0.04896665065973063,0.024248255
110,3376390376699,1000004,36,5,5,34.193328857421875,-3.875,-2.25,0.06049638941378002,0.025186759000000003
111,3376490726430,1000004,36,5,5,33.94747543334961,-3.875,-2.25,0.0696210783232534,0.023343915
112,3376590097765,1000004,36,5,5,33.687721252441406,-3.75,-2.5,-0.40084383735800877,0.024912254
113,3376690167263,1000004,36,5,5,33.687469482421875,-3.875,-2.5,-0.44548849409879765,0.025011776000000003
114,3376790604277,1000004,36,5,5,33.46384048461914,-3.53125,-2.5,-0.33326990718789873,0.014463357000000001
115,3376891763202,1000004,36,5,5,33.21685791015625,-3.375,-2.5,-0.24034704767509496,0.013257535
116,3376991849052,1000004,36,5,5,32.94062042236328,-3.53125,-2.5,-0.14007153596377353,0.023752521000000002
117,3377091002178,1000004,36,5,5,32.685325622558594,-3.625,-2.5,-0.05357544835167896,0.025869299000000002
118,3377190283210,1000004,36,5,5,32.43305969238281,-3.78125,-2.5,0.016668991490638982,0.026775565
119,3377289982638,1000004,36,5,5,32.18180847167969,-3.75,-2.5,0.06965393362679964,0.027276352
120,3377389935793,1000004,36,5,5,31.68645668029785,-3.46875,-2.5,0.12014187390810509,0.025417674
121,3377490524980,1000004,36,5,5,31.688133239746094,-3.71875,-2.5,0.18198914418398737,0.024746801000000002
122,3377590074475,1000004,36,5,5,31.43695640563965,-3.65625,-2.5,0.21859657103532645,0.025217538
123,3377690935512,1000004,36,5,5,31.190837860107422,-3.8125,-2.5,0.23359864888765092,0.023665186
124,3377789964327,1000004,36,5,5,30.934879302978516,-3.78125,-2.5,0.26012864646282763,0.026048292
125,3377890531538,1000004,36,5,5,30.687999725341797,-3.8125,-2.5,0.22792145883245807,0.024800390000000002
126,3377990427927,1000004,36,5,5,30.43634605407715,-3.84375,-2.5,0.19867980203662539,0.025461733
127,3378091073984,1000004,36,5,5,30.4405460357666,-3.875,-2.5,0.20205885679758095,0.023781216
128,3378190058845,1000004,36,5,5,30.18648338317871,-3.9375,-2.5,0.19967862412602694,0.025406478000000003
129,3378290150528,1000004,36,5,5,29.68720245361328,-3.96875,-2.5,0.20908910171897072,0.025118693
130,3378391169622,1000004,36,5,5,29.438383102416992,-3.96875,-2.5,0.20359891073704,0.024646603000000003
131,3378491604345,1000004,36,5,5,29.190874099731445,-3.96875,-2.5,0.15165717500120146,0.023650709000000002
132,3378590120554,1000004,36,5,5,29.187776565551758,-3.9375,-2.5,0.14447765074657581,0.024889444
133,3378690814992,1000004,36,5,5,28.93474578857422,-3.96875,-2.5,0.0846211630568829,0.026101567000000003
134,3378789899531,1000004,36,5,5,28.68625831604004,-3.96875,-2.25,0.5683644373900405,0.028329532
135,3378890377375,1000004,36,5,5,28.443958282470703,-4.0,-2.25,0.6384663238979529,0.024907723000000003
136,3378990135236,1000004,36,5,5,27.936683654785156,-3.875,-2.5,0.0788452635921233,0.025326589
137,3379090431691,1000004,36,5,5,27.688199996948242,-3.875,-2.5,-0.06689453256632105,0.024719772
138,3379190064459,1000004,36,5,5,27.43690299987793,-4.0625,-2.5,-0.05350789595477834,0.025238421
139,3379290603859,1000004,36,5,5,27.1878662109375,-4.09375,-2.5,-0.005514721532312583,0.024853510000000002
140,3379390178456,1000004,36,5,5,26.937116622924805,-4.03125,-2.5,0.07070852617510526,0.025153690000000003
141,3379490532562,1000004,36,5,5,26.687164306640625,-4.09375,-2.5,0.13604796999354107,0.025133952
142,3379590302921,1000004,36,5,5,26.4359130859375,-4.09375,-2.5,0.16043025886080053,0.025635050000000003
143,3379690640310,1000004,36,5,5,26.19390869140625,-4.1875,-2.25,0.6702879845782856,0.024929648000000002
144,3379789992845,1000004,36,5,5,25.943239212036133,-4.0625,-2.25,0.7749204525626133,0.025226807
145,3379890999440,1000004,36,5,5,25.695388793945312,-4.15625,-2.25,0.6754887511421565,0.024271691
146,3379991755539,1000004,36,5,5,25.696727752685547,-4.15625,-2.25,0.5595193151946155,0.023676487000000003
147,3380092115113,1000004,36,5,5,25.453996658325195,-4.1875,-2.25,0.45549926091650295,0.020445754
148,3380190454515,1000004,36,5,5,25.193819046020508,-4.1875,-2.25,0.4053541260077704,0.024969540000000002
149,3380290969751,1000004,36,5,5,24.943159103393555,-4.125,-2.25,0.3566930529078552,0.025262586
150,3380390213911,1000004,36,5,5,24.442729949951172,-4.15625,-2.25,0.2923947303445727,0.025453192000000003
151,3380490204458,1000004,36,5,5,24.43841552734375,-4.1875,-2.5,-0.2465106312997925,0.024634051
152,3380590642930,1000004,36,5,5,24.188610076904297,-4.1875,-2.5,-0.2784689545929691,0.024555726
153,3380690539371,1000004,36,5,5,23.93782615661621,-4.1875,-2.5,-0.19822954417186872,0.024869186
154,3380790144122,1000004,36,5,5,23.686473846435547,-4.15625,-2.5,-0.07697473335374633,0.025410696
155,3380890383655,1000004,36,5,5,23.43654441833496,-4.15625,-2.5,0.014958284706777375,0.025382105000000002
156,3380990200364,1000004,36,5,5,23.18695068359375,-4.0625,-2.5,0.08196265661249497,0.025219412
157,3381090172683,1000004,36,5,5,22.687946319580078,-4.09375,-2.5,0.1475172510919259,0.024821326
158,3381190164324,1000004,36,5,5,22.686054229736328,-4.09375,-2.5,0.14748783187186318,0.025578596000000002
159,3381290351206,1000004,36,5,5,22.437829971313477,-4.0,-2.5,0.28876332458443865,0.024868248000000003
160,3381391774845,1000004,36,5,5,22.191604614257812,-4.03125,-2.5,0.23780057222973194,0.023358288
161,3381492064946,1000004,36,5,5,21.94247055053711,-4.15625,-2.5,0.23858841186762308,0.023011915
162,3381591933213,1000004,36,5,5,21.696224212646484,-4.125,-2.25,0.7423722365834278,0.023900163000000002
163,3381690499208,1000004,36,5,5,21.444917678833008,-4.0,-2.25,0.7570738819589155,0.024480837000000002
164,3381790445020,1000004,36,5,5,21.19065284729004,-4.09375,-2.25,0.6915780031059159,0.026376228
165,3381890464366,1000004,36,5,5,21.191387176513672,-4.09375,-2.25,0.5960144566999249,0.026050478000000002
166,3381990844146,1000004,36,5,5,20.9448184967041,-4.03125,-2.25,0.5002586449291496,0.024525312
167,3382090504412,1000004,36,5,5,20.693315505981445,-4.09375,-2.25,0.4378140256293654,0.025193269
168,3382190165719,1000004,36,5,5,20.4359130859375,-3.875,-2.5,-0.16461407775917586,0.025634737
169,3382290354893,1000004,36,5,5,20.187620162963867,-3.9375,-2.5,-0.25445454889540875,0.024951833000000003
170,3382390283935,1000004,36,5,5,19.935657501220703,-3.90625,-2.5,-0.2098800294367168,0.025736654
171,3382490851978,1000004,36,5,5,19.689861297607422,-3.9375,-2.5,-0.08119029808285794,0.024055566
172,3382590652960,1000004,36,5,5,19.437837600708008,-3.90625,-2.5,0.014811449738695415,0.024865175000000003
173,3382690261199,1000004,36,5,5,19.187475204467773,-3.9375,-2.5,0.06172663707158494,0.025009589000000002
174,3382790099052,1000004,36,5,5,18.936134338378906,-3.9375,-2.5,0.13012511970805174,0.025546256000000003
175,3382890646889,1000004,36,5,5,18.68767547607422,-4.0,-2.5,0.12923354847989255,0.024929649
176,3382992030376,1000004,36,5,5,18.463857650756836,-4.0,-2.5,0.0434155405111738,0.014456847
177,3383092439685,1000004,36,5,5,18.19818878173828,-3.9375,-2.5,-0.02288588564110748,0.020724217
178,3383191552138,1000004,36,5,5,17.939617156982422,-3.90625,-2.5,-0.04197149548515594,0.024152796
179,3383290147766,1000004,36,5,5,17.68659210205078,-3.90625,-2.5,-0.07408195986090714,0.025363253000000002
180,3383390307151,1000004,36,5,5,17.44062614440918,-3.9375,-2.25,0.397478815663559,0.026388207
181,3383490660163,1000004,36,5,5,17.19125747680664,-3.9375,-2.25,0.4811430453384121,0.026107504
182,3383589867295,1000004,36,5,5,17.19258689880371,-3.9375,-2.25,0.4011420679381731,0.025516780000000003
183,3383691048197,1000004,36,5,5,16.945314407348633,-3.9375,-2.25,0.2380335088355482,0.024305072
184,3383789981709,1000004,36,5,5,16.69141960144043,-3.65625,-2.25,0.1873874919640819,0.026035793
185,3383890791084,1000004,36,5,5,16.44548797607422,-3.625,-2.25,0.08166453406414911,0.024227788
186,3383990411666,1000004,36,5,5,16.19020652770996,-3.5625,-2.25,0.012263041323510915,0.026574751
187,3384089992199,1000004,36,5,5,16.193586349487305,-3.5625,-2.25,-0.07559439188693715,0.025072708000000003
188,3384190090340,1000004,36,5,5,15.442351341247559,-3.78125,-2.25,-0.10232027944609015,0.025621822000000002
189,3384291063293,1000004,36,5,5,15.4461088180542,-3.78125,-2.25,-0.10048559857212794,0.023951617
190,3384390871149,1000004,36,5,5,15.194229125976562,-3.75,-2.25,-0.10427121192429821,0.024786849000000003
191,3384490371951,1000004,36,5,5,14.943913459777832,-3.75,-2.25,-0.12066262831773754,0.024927252
192,3384591456768,1000004,36,5,5,14.718671798706055,-3.75,-2.25,-0.12261144387912938,0.013923513
193,3384691802020,1000004,36,5,5,14.703704833984375,-3.71875,-2.0,0.3098879068085557,0.023147631000000002
194,3384791615969,1000004,36,5,5,14.451888084411621,-3.46875,-2.0,0.3107007496359744,0.024055722
195,3384889999690,1000004,36,5,5,14.200514793395996,-3.46875,-2.0,0.32377104679733343,0.024742739000000003
196,3384990163970,1000004,36,5,5,14.196060180664062,-3.4375,-2.0,0.19361717037247012,0.026969818000000003
197,3385090739721,1000004,36,5,5,14.44943618774414,-4.03125,-2.0,0.16612143322467054,0.025282063
198,3385190305777,1000004,36,5,5,14.204666137695312,-4.03125,-1.75,0.5929406785364539,0.02590492
199,3385290554216,1000004,36,5,5,13.699878692626953,-4.0625,-2.0,0.1226925058758217,0.025060521000000002
200,3385390453782,1000004,36,5,5,13.45037841796875,-4.28125,-2.0,-0.1345516351080035,0.024810806
201,3385491144887,1000004,36,5,5,13.451944351196289,-4.3125,-2.0,-0.2435793121665789,0.024027963000000003
202,3385590136623,1000004,36,5,5,12.949090957641602,-4.40625,-2.0,-0.2691336345079118,0.025454754000000003
203,3385690857100,1000004,36,5,5,12.69644832611084,-4.40625,-2.25,-0.7742400327349332,0.023800693
204,3385790129121,1000004,36,5,5,12.44168472290039,-4.15625,-2.25,-0.9135362105375959,0.025917887
205,3385890850223,1000004,36,5,5,12.19610595703125,-4.15625,-2.25,-0.9796196032914156,0.023953023
206,3385989838366,1000004,36,5,5,11.948689460754395,-4.1875,-2.0,-0.6099900970895266,0.025655412000000002
207,3386090480256,1000004,36,5,5,11.949158668518066,-4.21875,-2.0,-0.6244214936333182,0.025420852
208,3386191976701,1000004,36,5,5,11.722501754760742,-4.21875,-2.0,-0.7542175660182312,0.013748998
209,3386292328723,1000004,36,5,5,11.720321655273438,-4.1875,-2.25,-1.3871974740729107,0.01319025
210,3386391830983,1000004,36,5,5,11.453743934631348,-4.1875,-2.0,-0.8349609389081372,0.023128154
211,3386490200643,1000004,36,5,5,11.19448471069336,-4.125,-2.25,-1.1882757263680879,0.024673267000000002
212,3386590319615,1000004,36,5,5,10.938838005065918,-4.0625,-2.25,-1.1767665371078428,0.027183183000000003
213,3386690804542,1000004,36,5,5,10.941381454467773,-4.03125,-2.25,-1.1434124382402309,0.026052666000000002
214,3386790344611,1000004,36,5,5,10.685639381408691,-3.9375,-2.5,-1.4989249518901837,0.025744310000000003
215,3386890417077,1000004,36,5,5,10.187949180603027,-3.78125,-2.5,-1.5611285104269128,0.024820492000000003
216,3386990425122,1000004,36,5,5,9.962450981140137,-3.75,-2.5,-1.5977208748516702,0.01501971
217,3387090992176,1000004,36,5,5,9.94067096710205,-3.6875,-2.5,-1.618255747206921,0.023731533000000003
218,3387190697073,1000004,36,5,5,9.687216758728027,-3.65625,-2.5,-1.6449233112565884,0.025113328
219,3387290586431,1000004,36,5,5,9.184170722961426,-3.5625,-2.75,-2.2095200855192045,0.023937868
220,3387390197274,1000004,36,5,5,8.922103881835938,-3.40625,-2.5,-1.9498317100404803,0.031158636000000003
221,3387490666994,1000004,36,5,5,8.713086128234863,-3.40625,-2.5,-1.9944292719874808,0.01476562
222,3387590305543,1000004,36,5,5,8.215960502624512,-3.3125,-2.25,-1.6657043738604669,0.015128554
223,3387690602415,1000004,36,5,5,8.204075813293457,-3.3125,-2.25,-1.7235242767205845,0.020410654
224,3387792199214,1000004,36,5,5,7.9774556159973145,-3.1875,-1.75,-0.7434450695032162,0.012882415000000001
225,3387892468641,1000004,36,5,5,7.969027519226074,-3.15625,-1.5,-0.14479856438391292,0.020648338000000002
226,3387992263268,1000004,36,5,5,7.728479862213135,-3.15625,-1.5,-0.21434480179989035,0.01434665
227,3388089991323,1000004,36,5,5,7.718796730041504,-3.09375,-1.25,0.012842931948992775,0.024962458
228,3388190506247,1000004,36,5,5,7.716427326202393,-3.0625,-1.25,-0.19973135549263332,0.02685811
229,3388290219424,1000004,36,5,5,7.485409736633301,-2.59375,-1.0,0.13967876335923407,0.014590168
230,3388390174922,1000004,36,5,5,7.488009929656982,-2.25,-0.75,0.5379722716077466,0.015986597
231,3388490887483,1000004,36,5,5,7.488047122955322,-2.03125,-0.5,0.790553559982367,0.023905632000000003
232,3388590179399,1000004,36,5,5,7.491993427276611,-1.90625,-0.5,0.6422594968073161,0.016013104
233,3388690759420,1000004,36,5,5,7.238035202026367,-1.875,-0.5,0.27433112776091284,0.023929692000000002
234,3388790105081,1000004,36,5,5,7.241824626922607,-1.8125,-0.5,0.06651729719520533,0.016350364000000003
235,3388890581987,1000004,36,5,5,7.2462239265441895,-1.59375,-0.25,0.4406959981729564,0.015104806
236,3388990348389,1000004,36,5,5,7.2461981773376465,-1.53125,-0.25,0.47466783949890257,0.015207192000000001
237,3389090631459,1000004,36,5,5,7.246316909790039,-1.53125,-0.25,0.3467585899288004,0.01473229
238,3389190338856,1000004,36,5,5,7.246131420135498,-1.53125,-0.25,0.2363893703764645,0.015474719000000001
239,3389290680984,1000004,36,5,5,6.992032527923584,-1.34375,-0.25,0.12299000180182894,0.031870443000000005
240,3389392409125,1000004,36,5,5,7.0,-1.3125,0.0,0.5959722105665625,0.013338256000000001
241,3389492486122,1000004,36,5,5,7.0,-1.28125,0.0,0.5744219428014196,0.023089095
242,3389591721168,1000004,36,5,5,6.75,-1.28125,0.0,0.4519356941264382,0.014524913
243,3389690149624,1000004,36,5,5,6.75,-1.21875,0.0,0.3220751169675416,0.025471732
244,3389789954616,1000004,36,5,5,6.754436016082764,-1.1875,0.25,0.7202430842625083,0.017743876000000002
245,3389890269194,1000004,36,5,5,6.7564849853515625,-1.15625,0.25,0.6551213285457627,0.025939343
246,3389990886972,1000004,36,5,5,6.762333869934082,-1.0625,0.5,1.0101335829397593,0.024667747
247,3390090287002,1000004,36,5,5,6.762430191040039,-1.0,0.5,0.9020018705649386,0.024860280000000002
248,3390189829050,1000004,36,5,5,6.762722015380859,-0.9375,0.5,0.6556727554445851,0.025444391
249,3390289963750,1000004,36,5,5,6.7689619064331055,-0.90625,0.75,0.9866921736769791,0.025282687
250,3390389949610,1000004,36,5,5,7.012229919433594,-0.875,0.75,0.8650732912179473,0.016306514
251,3390490265073,1000004,36,5,5,7.018928050994873,-0.78125,0.75,0.6562634284417266,0.025237536
252,3390590497003,1000004,36,5,5,7.27495002746582,-0.75,1.0,0.9602086652681701,0.024950063
253,3390690998022,1000004,36,5,5,7.274378299713135,-0.78125,1.0,0.8665030606355169,0.024378503000000003
254,3390789952209,1000004,36,5,5,7.270650386810303,-0.78125,1.25,1.1539460205425862,0.016520244
255,3390890349279,1000004,36,5,5,7.531774997711182,-0.6875,1.25,1.011238980500695,0.025420175000000003
256,3390991802811,1000004,36,5,5,7.770643711090088,-0.6875,1.5,1.3096016401438337,0.013762435000000002
257,3391091885589,1000004,36,5,5,7.785783290863037,-0.65625,1.5,1.246470005506163,0.023855428
258,3391189917729,1000004,36,5,5,8.030608177185059,-0.59375,1.75,1.4894055857002937,0.017490307
259,3391290572848,1000004,36,5,5,8.046161651611328,-0.59375,1.75,1.3224093921602926,0.026377999000000003
260,3391389803259,1000004,36,5,5,8.283212661743164,-0.5625,2.0,1.5694383767617688,0.016606537
261,3391489988943,1000004,36,5,5,8.549886703491211,-0.59375,2.0,1.3670766442525157,0.024943553
262,3391590837272,1000004,36,5,5,8.780088424682617,-0.5,2.0,1.0706755977973608,0.015044448
263,3391690850213,1000004,36,5,5,8.804621696472168,-0.40625,2.25,1.341598536932039,0.024276377000000002
264,3391789915483,1000004,36,5,5,9.037712097167969,-0.40625,2.25,1.1931871504950131,0.01676095
265,3391891075085,1000004,36,5,5,9.2871732711792,-0.34375,2.5,1.4741628095918522,0.014869151
266,3391990359241,1000004,36,5,5,9.538959503173828,-0.5,2.5,1.3212477622970689,0.015583614
267,3392091052689,1000004,36,5,5,9.810815811157227,-0.46875,2.5,1.1237211456332488,0.024326477000000003
268,3392190800863,1000004,36,5,5,10.043055534362793,-0.59375,2.75,1.3651634213664834,0.01565642
269,3392290681524,1000004,36,5,5,10.31769847869873,-0.59375,2.75,1.2954380536022199,0.024617543000000002
270,3392389904905,1000004,36,5,5,10.798360824584961,-0.46875,2.75,1.0705323186443483,0.017585767000000002
271,3392489964768,1000004,36,5,5,11.091087341308594,-0.625,2.75,0.9102270095808123,0.033122564
272,3392590049420,1000004,36,5,5,11.31871509552002,-0.5,2.75,0.7147821421265628,0.024987455000000002
273,3392692608159,1000004,36,5,5,11.598085403442383,-0.46875,2.75,0.6507621875284086,0.035667528000000004
274,3392791568856,1000004,36,5,5,11.795592308044434,-0.4375,3.0,1.0533002282593613,0.015197297
275,3392891006799,1000004,36,5,5,12.324936866760254,-0.5,3.0,1.109154214785269,0.024978863
276,3392990060508,1000004,36,5,5,12.306577682495117,-0.5,3.0,0.974489127084537,0.018859135000000003
277,3393090933679,1000004,36,5,5,12.830320358276367,-0.65625,3.0,0.7565041068818023,0.026773378
278,3393189991919,1000004,36,5,5,12.80082893371582,-0.65625,3.0,0.5542327104611646,0.01694286
279,3393290784472,1000004,36,5,5,13.32460880279541,-0.5625,3.0,0.3088785774411096,0.02486955
280,3393389964315,1000004,36,5,5,13.55752944946289,-0.5625,3.25,0.8336334906228191,0.017701381000000002
281,3393490165779,1000004,36,5,5,13.803759574890137,-0.53125,3.25,0.7330590049781622,0.016541284
282,3393590451923,1000004,36,5,5,14.049888610839844,-0.46875,3.25,0.862543094838271,0.015350303000000001
283,3393691164380,1000004,36,5,5,14.588099479675293,-0.4375,3.5,1.4563708049544148,0.025171188
284,3393790288811,1000004,36,5,5,14.805317878723145,-0.21875,3.5,1.4391774718220747,0.015805104
285,3393890116821,1000004,36,5,5,15.333983421325684,-0.21875,3.25,0.6445169548128762,0.025840968000000002
286,3393990067059,1000004,36,5,5,15.554099082946777,-0.3125,3.25,0.3009174566610437,0.016645753000000003
287,3394090725719,1000004,36,5,5,15.834824562072754,-0.28125,3.25,0.22362126685672498,0.026100006000000002
288,3394190430252,1000004,36,5,5,16.049816131591797,-0.28125,3.25,0.28399392675381585,0.015328274000000001
289,3394290832009,1000004,36,5,5,16.33131217956543,-0.1875,3.25,0.3545064632979591,0.02501938
290,3394390818025,1000004,36,5,5,16.556640625,-0.1875,3.25,0.4434727682715336,0.017427813
291,3394491103856,1000004,36,5,5,17.083189010620117,-0.125,3.25,0.5277318381094334,0.025596876
292,3394589990185,1000004,36,5,5,17.30382537841797,-0.125,3.25,0.5634224001889165,0.016561594000000002
293,3394690849295,1000004,36,5,5,17.545019149780273,-0.0625,3.0,0.08142479088018884,0.015006066
294,3394790596063,1000004,36,5,5,18.04656982421875,-0.0625,3.0,0.027774378841891684,0.015523360000000002
295,3394890933399,1000004,36,5,5,18.324777603149414,0.09375,3.0,0.1457159290522739,0.024925847
296,3394990202817,1000004,36,5,5,18.546396255493164,0.0,3.0,0.3269697041545442,0.015465345
297,3395090719876,1000004,36,5,5,18.794681549072266,0.125,3.0,0.5060246648278012,0.014893732000000002
298,3395190117302,1000004,36,5,5,19.045516967773438,0.15625,2.75,-0.02114929700556145,0.016551439
299,3395290441150,1000004,36,5,5,19.542009353637695,0.03125,2.75,-0.03680422463272964,0.015275988
300,3395390063347,1000004,36,5,5,19.796457290649414,-0.09375,2.75,0.10544759909221096,0.016893854
301,3395490440940,1000004,36,5,5,20.0622501373291,-0.09375,2.5,-0.3073955423099169,0.02490012
302,3395589937732,1000004,36,5,5,20.310733795166016,-0.125,2.5,-0.23605279301662324,0.024293667
303,3395690305117,1000004,36,5,5,20.53765296936035,-0.125,2.5,-0.09253401411749468,0.015061009
304,3395792037841,1000004,36,5,5,20.78573226928711,-0.1875,2.5,0.12073990627157377,0.014292697
305,3395891742842,1000004,36,5,5,21.035837173461914,-0.125,2.5,0.2498157369495426,0.014334516
306,3395990311077,1000004,36,5,5,21.2908878326416,-0.1875,2.5,0.3569378419989161,0.016354843
307,3396090562641,1000004,36,5,5,21.284507751464844,0.0625,2.25,-0.06572225685618094,0.015336919000000001
308,3396189969701,1000004,36,5,5,21.53648567199707,-0.0625,2.25,-0.12599840425749476,0.016216159
309,3396290912292,1000004,36,5,5,22.032114028930664,-0.03125,2.25,-0.03752294094447761,0.014272699000000002
310,3396390463610,1000004,36,5,5,22.28331756591797,-0.03125,2.25,0.04774041172659993,0.014807387000000002
311,3396490898281,1000004,36,5,5,22.279788970947266,-0.03125,2.0,-0.2820462307353614,0.014894566000000001
312,3396590142910,1000004,36,5,5,22.536203384399414,-0.0625,2.25,0.3051229150071032,0.016090337
313,3396690362497,1000004,36,5,5,22.800317764282227,-0.375,2.0,0.06661138041592041,0.025158533
314,3396790413819,1000004,36,5,5,23.02931785583496,-0.40625,2.0,0.048408922763975126,0.014659276
315,3396891080655,1000004,36,5,5,23.27811050415039,-0.21875,2.0,0.1358588691773116,0.014055167
316,3396990665512,1000004,36,5,5,23.53010368347168,-0.0625,2.0,0.2302943662941877,0.015051426000000001
317,3397090501021,1000004,36,5,5,23.529199600219727,-0.0625,2.0,0.27698880040187573,0.014599490000000001
318,3397189741744,1000004,36,5,5,24.04096221923828,-0.125,1.75,-0.1560520405850649,0.023407346000000002
319,3397290048302,1000004,36,5,5,24.040611267089844,-0.125,1.75,-0.1179550261215549,0.023206689000000003
320,3397390969332,1000004,36,5,5,24.291688919067383,-0.09375,1.75,-0.0007739668511614339,0.023822619000000003
321,3397491461029,1000004,36,5,5,24.27390480041504,-0.09375,1.75,0.21302540873734024,0.013660361000000001
322,3397589923441,1000004,36,5,5,24.533327102661133,-0.09375,1.75,0.4004578738509117,0.019044377
323,3397690227759,1000004,36,5,5,24.52192497253418,-0.1875,1.5,-0.05532516904638318,0.014617093000000001
324,3397790167842,1000004,36,5,5,24.77404022216797,-0.125,1.5,0.029118477284328703,0.016026541000000002
325,3397890181928,1000004,36,5,5,25.037565231323242,-0.09375,1.5,0.2371311411075332,0.025042971
326,3397990459218,1000004,36,5,5,25.02178382873535,0.0625,1.5,0.3471833914497786,0.014522519000000001
327,3398090644538,1000004,36,5,5,25.2862548828125,0.03125,1.5,0.4626157318035432,0.024169877000000003
328,3398190447915,1000004,36,5,5,25.272104263305664,0.03125,1.5,0.5018283331480745,0.014736092000000001
329,3398290737756,1000004,36,5,5,25.780437469482422,-0.0625,1.25,0.08012227342528744,0.024349548000000002
330,3398389910725,1000004,36,5,5,25.77040672302246,-0.125,1.25,0.03563930984341162,0.016325523
331,3398490101617,1000004,36,5,5,25.77486228942871,-0.09375,1.0,-0.3498197544784187,0.024862363000000002
332,3398590362763,1000004,36,5,5,25.77473258972168,0.0,1.0,-0.30575484916281076,0.024733521
333,3398690536365,1000004,36,5,5,26.026479721069336,0.28125,1.0,-0.21045697853635054,0.026480490000000002
334,3398789645433,1000004,36,5,5,26.02362823486328,0.375,1.0,-0.05320548189504953,0.023628991000000002
335,3398889822681,1000004,36,5,5,26.033445358276367,0.21875,1.0,0.08757603146480308,0.033444720000000004
336,3398991009259,1000004,36,5,5,26.268217086791992,0.25,0.75,-0.30162485573907416,0.024289189000000003
337,3399091598290,1000004,36,5,5,26.267894744873047,-0.09375,0.75,-0.23628356994187838,0.023858553
338,3399189981751,1000004,36,5,5,26.263671875,-0.09375,0.75,-0.10047000244090354,0.018229976000000002
339,3399290513027,1000004,36,5,5,26.520061492919922,0.15625,0.75,-0.07345677475059793,0.026749162
340,3399390077573,1000004,36,5,5,26.51205825805664,0.1875,0.75,-0.08575288840067137,0.01607789
341,3399490514848,1000004,36,5,5,26.518491744995117,0.125,0.75,-0.0019818418889645945,0.02465681
342,3399590483105,1000004,36,5,5,26.518470764160156,0.0,0.75,-0.016619399626096196,0.024626813
343,3399690840283,1000004,36,5,5,26.76824951171875,-0.03125,0.75,0.05647599520216194,0.024332883000000003
344,3399789917220,1000004,36,5,5,26.763084411621094,0.09375,0.75,0.08446227196392181,0.017446822
345,3399890599940,1000004,36,5,5,26.767208099365234,0.0,0.5,-0.41415060488076,0.034417439
346,3399990150789,1000004,36,5,5,27.01244354248047,0.125,0.75,0.05451511715331486,0.016591435
347,3400090656338,1000004,36,5,5,27.025651931762695,0.125,0.75,0.2296423624778992,0.034202356
348,3400190857386,1000004,36,5,5,27.011825561523438,-0.0625,0.75,0.26570080034903476,0.015768441
349,3400290204296,1000004,36,5,5,27.26951789855957,-0.0625,0.75,0.28828115974567664,0.026024648
350,3400390510281,1000004,36,5,5,27.265445709228516,-0.09375,0.75,0.2271641284315224,0.020593865000000003
351,3400490784395,1000004,36,5,5,27.275888442993164,0.125,0.75,0.19771702464980206,0.034516961
352,3400591930821,1000004,36,5,5,27.519655227661133,0.0,0.75,0.17616825349563844,0.026207079
353,3400692534069,1000004,36,5,5,27.52411460876465,0.03125,0.75,0.12505520284233132,0.0321525
354,3400790101670,1000004,36,5,5,27.520973205566406,0.1875,0.75,0.10737719513838118,0.027963317
355,3400890494679,1000004,36,5,5,27.52762222290039,0.1875,0.75,0.12178946845201966,0.036830177000000006
356,3400990608391,1000004,36,5,5,27.512109756469727,0.125,0.75,0.005154595769890066,0.01614554
357,3401090216213,1000004,36,5,5,27.757699966430664,0.03125,0.5,-0.42136925704186756,0.015401653000000001
358,3401190487879,1000004,36,5,5,27.758054733276367,0.0,0.5,-0.38294479082264166,0.016107731
359,3401290652211,1000004,36,5,5,27.767513275146484,0.0,0.5,-0.2093411270696922,0.035027381
360,3401390809721,1000004,36,5,5,27.757905960083008,-0.09375,0.5,-0.036239213731523695,0.015811041
361,3401490893957,1000004,36,5,5,28.0079402923584,-0.09375,0.5,0.04025005048128648,0.015881607000000002
362,3401590264719,1000004,36,5,5,28.013599395751953,-0.09375,0.5,0.01741785406171502,0.027197974000000003
363,3401690939263,1000004,36,5,5,28.01270866394043,-0.15625,0.5,0.0678470216335713,0.025416164
364,3401790143791,1000004,36,5,5,28.013465881347656,-0.15625,0.5,0.024556072175467333,0.026932634
365,3401891039459,1000004,36,5,5,28.014530181884766,0.09375,0.5,0.05199145386688646,0.029059358
366,3401990071400,1000004,36,5,5,28.00624656677246,0.15625,0.25,-0.37540435013414347,0.024988862
367,3402090246200,1000004,36,5,5,28.009166717529297,0.21875,0.25,-0.3884805470824169,0.036665089000000005
368,3402190632438,1000004,36,5,5,28.25,0.15625,0.0,-0.8246080166994754,0.025558807000000003
369,3402289992368,1000004,36,5,5,28.0,0.03125,0.0,-0.8021006466417726,0.026740152000000003
370,3402389960989,1000004,36,5,5,27.992738723754883,0.09375,-0.25,-1.153828349272706,0.029042276000000002
371,3402490423574,1000004,36,5,5,27.99079132080078,0.125,-0.25,-1.02117670381392,0.036831844
372,3402590159458,1000004,36,5,5,27.993389129638672,0.125,-0.25,-0.7635464736615474,0.026445754000000002
373,3402690615637,1000004,36,5,5,27.987281799316406,0.03125,-0.5,-1.0155847004596963,0.025437777
374,3402789908698,1000004,36,5,5,27.986608505249023,-0.125,-0.5,-0.8993287706435338,0.026781711000000003
375,3402889988560,1000004,36,5,5,27.737089157104492,-0.15625,-0.5,-0.7131920311814184,0.025819875000000003
376,3402990450207,1000004,36,5,5,27.737918853759766,-0.0625,-0.75,-0.9911647711306031,0.016109189
377,3403090602457,1000004,36,5,5,27.731433868408203,-0.0625,-0.75,-0.9336051330298616,0.024754248000000003
378,3403190144661,1000004,36,5,5,27.73035430908203,0.03125,-0.75,-0.677301456692885,0.026195309
379,3403291019446,1000004,36,5,5,27.485017776489258,0.09375,-1.0,-0.9091639296407166,0.014982266000000001
380,3403390405363,1000004,36,5,5,27.474578857421875,0.09375,-1.0,-0.7802005850598135,0.025421684
381,3403490189471,1000004,36,5,5,27.205533981323242,0.28125,-1.25,-1.1540826096931098,0.035572902
382,3403590690907,1000004,36,5,5,27.21941566467285,0.3125,-1.25,-1.037639404861271,0.024467505
383,3403691220673,1000004,36,5,5,26.732730865478516,0.0625,-1.25,-0.8248454630742301,0.013815398000000001
384,3403790892135,1000004,36,5,5,26.728673934936523,0.03125,-1.25,-0.711574332391617,0.017061442
385,3403890406373,1000004,36,5,5,26.71867561340332,0.03125,-1.25,-0.5377922541947054,0.025058854000000002
386,3403990701631,1000004,36,5,5,26.466981887817383,0.0,-1.25,-0.3591933947296288,0.026413778000000002
387,3404090566929,1000004,36,5,5,26.45577621459961,-0.21875,-1.25,-0.2101218012868879,0.035378441000000004
388,3404190145327,1000004,36,5,5,26.467769622802734,-0.125,-1.25,-0.03730090726190363,0.025784983
389,3404290764043,1000004,36,5,5,26.219648361206055,-0.15625,-1.25,0.0011630768833064895,0.024281169000000002
390,3404390618405,1000004,36,5,5,26.21746826171875,-0.15625,-1.25,-0.00013154752773162498,0.026025377000000002
391,3404490342831,1000004,36,5,5,25.946516036987305,-0.3125,-1.5,-0.5999504124548757,0.035656227000000006
392,3404590403892,1000004,36,5,5,25.976734161376953,-0.28125,-1.5,-0.6865098403839673,0.015510288
393,3404690507553,1000004,36,5,5,25.712615966796875,-0.15625,-1.5,-0.5810307873413953,0.024922722
394,3404789928102,1000004,36,5,5,25.710460662841797,-0.15625,-1.5,-0.4168997860306596,0.026358939
395,3404882587786,1000004,36,5,5,25.718910217285156,-0.125,-1.5,-0.28616740711622013,0.020726613
396,3404982496101,1000004,36,5,5,25.712900161743164,-0.125,-1.5,-0.19394510657053426,0.024733261000000003
397,3405091044111,1000004,36,5,5,25.464191436767578,-0.0625,-1.5,-0.16610480590809898,0.023872249
398,3405190669380,1000004,36,5,5,25.459426879882812,-0.125,-1.5,-0.15535115158017102,0.027048248
399,3405290865532,1000004,36,5,5,25.225595474243164,0.0,-1.5,-0.17134781338128927,0.016269903000000002
400,3405390315297,1000004,36,5,5,24.95271110534668,-0.03125,-1.75,-0.6899348053977129,0.027022157
401,3405490601180,1000004,36,5,5,24.457422256469727,-0.15625,-1.75,-0.7286377370306725,0.024330226
402,3405589788782,1000004,36,5,5,24.20524024963379,-0.3125,-1.75,-0.5886087516693537,0.025576670000000003
403,3405690973590,1000004,36,5,5,24.188880920410156,-0.375,-1.75,-0.4471850379048221,0.034924891
404,3405789852836,1000004,36,5,5,23.949600219726562,-0.3125,-2.0,-0.8315906000323907,0.025200143
405,3405890470563,1000004,36,5,5,23.701431274414062,-0.3125,-2.0,-0.8170473957344968,0.024284450000000003
406,3405990275346,1000004,36,5,5,23.701494216918945,-0.3125,-2.0,-0.6991101603763554,0.02425315
407,3406090751575,1000004,36,5,5,23.451250076293945,-0.25,-2.0,-0.6165086869499887,0.024374649
408,3406190066717,1000004,36,5,5,23.455617904663086,-0.09375,-1.75,0.020405275227324493,0.025361326
409,3406290407022,1000004,36,5,5,22.93941879272461,0.3125,-1.75,0.12154023228290622,0.034617368
410,3406390098587,1000004,36,5,5,22.95781707763672,0.09375,-1.75,0.1730654030166255,0.024104519
411,3406491040397,1000004,36,5,5,22.709815979003906,-0.03125,-1.75,0.046271996602694404,0.022962389
412,3406591363360,1000004,36,5,5,22.705936431884766,-0.03125,-1.75,0.02207375260406849,0.025179156
413,3406690873587,1000004,36,5,5,22.459609985351562,0.0,-1.5,0.4847803966774389,0.026926905
414,3406789756688,1000004,36,5,5,22.212379455566406,-0.125,-1.5,0.4496545384197741,0.025079999000000002
415,3406890731567,1000004,36,5,5,21.964563369750977,-0.125,-1.5,0.321144033658906,0.023624356000000003
416,3406990162428,1000004,36,5,5,21.968278884887695,-0.125,-1.25,0.6668136815628908,0.025376481000000003
417,3407090845721,1000004,36,5,5,21.955881118774414,-0.03125,-1.25,0.5681748690732941,0.035294491000000004
418,3407190653264,1000004,36,5,5,21.718408584594727,0.09375,-1.25,0.4073014619609746,0.025273834000000002
419,3407290133963,1000004,36,5,5,21.47513771057129,-0.09375,-1.0,0.7791469880112539,0.024861530000000003
420,3407390663417,1000004,36,5,5,21.47392463684082,-0.0625,-1.0,0.6701053180483053,0.026076309000000002
421,3407490470543,1000004,36,5,5,21.46405601501465,-0.09375,-1.0,0.4377856633618701,0.035944221000000005
422,3407590065763,1000004,36,5,5,21.22418975830078,-0.125,-1.0,0.1941830902401195,0.025810867
423,3407690472364,1000004,36,5,5,21.2258358001709,-0.09375,-1.0,0.019627483106954252,0.024163575000000003
424,3407790610917,1000004,36,5,5,21.23165512084961,-0.0625,-0.75,0.434735377842709,0.02445912
425,3407890446114,1000004,36,5,5,20.974069595336914,-0.0625,-0.75,0.4506646746768735,0.034574247
426,3407991353135,1000004,36,5,5,20.98124885559082,-0.03125,-0.75,0.34610350894193803,0.025001204000000003
427,3408091645841,1000004,36,5,5,20.972827911376953,-0.0625,-0.75,0.21306563533908507,0.036228516
428,3408190394006,1000004,36,5,5,20.730369567871094,0.0,-0.75,0.07177318826658069,0.026173332
429,3408289935898,1000004,36,5,5,20.731231689453125,-0.03125,-0.5,0.3843015695714887,0.037536256000000004
430,3408389918424,1000004,36,5,5,20.737327575683594,0.0,-0.5,0.35310025222640223,0.025345077
431,3408490650254,1000004,36,5,5,20.732824325561523,0.0,-0.5,0.26033294134321966,0.034350154
432,3408590147098,1000004,36,5,5,20.481107711791992,-0.28125,-0.75,-0.38169212920011325,0.025189415000000003
433,3408690551823,1000004,36,5,5,20.482576370239258,-0.09375,-0.5,-0.05165408763659435,0.034845836000000005
434,3408790339785,1000004,36,5,5,20.487760543823242,0.03125,-0.5,0.07417144924454327,0.024478181
435,3408890465267,1000004,36,5,5,20.23250961303711,-0.09375,-0.5,0.04727250356544993,0.034979365000000005
436,3408990465344,1000004,36,5,5,20.237361907958984,0.0,-0.5,-0.04204046869316819,0.025276386
437,3409090381262,1000004,36,5,5,20.23261833190918,0.03125,-0.5,-0.0842758955856361,0.034764125
438,3409189917581,1000004,36,5,5,20.23702049255371,0.09375,-0.5,-0.16155567340068347,0.025959186000000002
439,3409282345778,1000004,36,5,5,20.239702224731445,-0.03125,-0.5,-0.17660914321249954,0.020595115
440,3409382272216,1000004,36,5,5,20.244266510009766,0.21875,-0.25,0.25650607769596967,0.022937703
441,3409482449255,1000004,36,5,5,20.244945526123047,0.15625,-0.25,0.25449291353673964,0.020219630000000002
442,3409591385092,1000004,36,5,5,20.243793487548828,0.0,-0.25,0.12581905589803022,0.024825648000000002
443,3409690373391,1000004,36,5,5,20.240917205810547,-0.03125,-0.25,0.015704515649470285,0.036328924000000005
444,3409790142084,1000004,36,5,5,20.243667602539062,-0.03125,-0.25,-0.07041082633480829,0.025329141000000003
445,3409890218976,1000004,36,5,5,19.991174697875977,-0.0625,-0.25,-0.2512416935310147,0.035300272
446,3409989998189,1000004,36,5,5,19.99363136291504,-0.09375,-0.25,-0.28622361978937055,0.025471732
447,3410090194289,1000004,36,5,5,19.99106788635254,0.03125,-0.25,-0.2980084179837976,0.035724971
448,3410189993708,1000004,36,5,5,19.993408203125,0.03125,-0.25,-0.2758319011613497,0.026363939000000003
449,3410291011344,1000004,36,5,5,19.9912052154541,0.0,-0.25,-0.27132076290382967,0.035175856000000005
450,3410390332006,1000004,36,5,5,19.993560791015625,-0.03125,-0.25,-0.29254655093630083,0.025759934
451,3410489953682,1000004,36,5,5,19.99112319946289,-0.0625,-0.25,-0.2936352531592388,0.035509991000000005
452,3410590636038,1000004,36,5,5,19.993562698364258,-0.09375,-0.25,-0.3030982792492096,0.025752435
453,3410690627782,1000004,36,5,5,19.741273880004883,-0.03125,-0.25,-0.3157826228702326,0.034902653
454,3410789854287,1000004,36,5,5,19.74365234375,-0.03125,-0.25,-0.3027799710000586,0.025393718000000003
455,3410890637206,1000004,36,5,5,19.991289138793945,-0.03125,-0.25,-0.301673858729233,0.034846982000000006
456,3410990321271,1000004,36,5,5,19.99392318725586,-0.03125,-0.25,-0.27556459583144244,0.024308926
457,3411090424359,1000004,36,5,5,19.741363525390625,0.125,-0.25,-0.2931090101005033,0.034543156000000005
458,3411190552445,1000004,36,5,5,19.743087768554688,0.1875,-0.25,-0.4189230989337425,0.027651732000000002
459,3411290611266,1000004,36,5,5,19.74098014831543,-0.25,-0.25,-0.4712645830789908,0.036082124
460,3411390162844,1000004,36,5,5,19.743492126464844,-0.25,-0.25,-0.43763397370944523,0.02602996
461,3411490690058,1000004,36,5,5,19.7406005859375,-0.25,-0.25,-0.41390105279731393,0.037595157000000004
462,3411590050561,1000004,36,5,5,19.74344825744629,-0.25,-0.25,-0.37241328896225645,0.026203225
463,3411690694847,1000004,36,5,5,19.75,-0.25,0.0,0.12462606917807234,0.034231884000000004
464,3411790678936,1000004,36,5,5,19.75,-0.25,0.0,0.2286702751983818,0.025966476000000002
465,3411890999867,1000004,36,5,5,19.75,-0.3125,0.0,0.09613907895638296,0.035136746
466,3411989885624,1000004,36,5,5,19.75,-0.25,0.0,-0.028937725834446537,0.026172238
467,3412090803009,1000004,36,5,5,19.75,-0.1875,0.0,-0.11447886239066205,0.034358278
468,3412189671319,1000004,36,5,5,20.0,-0.125,0.0,-0.18132783367523886,0.026017148
469,3412290810766,1000004,36,5,5,20.0,-0.03125,0.0,-0.18082189089734713,0.035883653
470,3412390466970,1000004,36,5,5,19.75,-0.25,0.0,-0.17827724477708373,0.025550422000000003
471,3412490487826,1000004,36,5,5,19.75,-0.15625,0.0,-0.21357502158009214,0.035296679000000004
472,3412582800304,1000004,36,5,5,19.75,-0.0625,0.0,-0.19481208751031534,0.020396280000000003
473,3412690512144,1000004,36,5,5,19.75,-0.125,0.0,-0.19152633177950765,0.034542844
474,3412790482380,1000004,36,5,5,19.75,0.03125,0.0,-0.17540962459303802,0.026519965000000003
475,3412890494591,1000004,36,5,5,19.75,0.03125,0.0,-0.17337644605819116,0.035838866000000004
476,3412990300781,1000004,36,5,5,19.75,-0.09375,0.0,-0.21111595304442568,0.024168836000000003
477,3413090498651,1000004,36,5,5,19.75,-0.3125,0.0,-0.23679430655405645,0.037500009
478,3413189694117,1000004,36,5,5,19.75,-0.3125,0.0,-0.24878229585313535,0.025262168
479,3413290198834,1000004,36,5,5,19.75,-0.34375,0.0,-0.23307495161847955,0.035743563
480,3413390544607,1000004,36,5,5,19.75,-0.375,0.0,-0.21067079269235764,0.02503568
481,3413490641081,1000004,36,5,5,20.0,-0.375,0.0,-0.18411225097928038,0.035914068
482,3413590414252,1000004,36,5,5,20.0,-0.40625,0.0,-0.15574430304055029,0.024817367
483,3413690492863,1000004,36,5,5,19.75,-0.21875,0.0,-0.12541920276661117,0.035483535000000004
484,3413789911589,1000004,36,5,5,19.743499755859375,-0.28125,-0.25,-0.6340466143488503,0.026000848
485,3413891039684,1000004,36,5,5,19.743635177612305,-0.21875,-0.25,-0.5610820762330524,0.025462878
486,3413990523664,1000004,36,5,5,19.743492126464844,-0.25,-0.25,-0.3835688593661606,0.026032199000000002
487,3414090488536,1000004,36,5,5,19.741130828857422,-0.34375,-0.25,-0.2581438467627333,0.035479526000000004
488,3414182946209,1000004,36,5,5,19.49488639831543,-0.375,-0.25,-0.18490127869115364,0.020451899000000003
489,3414291771796,1000004,36,5,5,19.493553161621094,-0.46875,-0.25,-0.17182850566167557,0.025783577000000002
490,3414391713337,1000004,36,5,5,19.49312973022461,-0.3125,-0.25,-0.14117361617803398,0.027482269
491,3414490687575,1000004,36,5,5,19.490442276000977,-0.25,-0.25,-0.10883086320495026,0.038231189000000006
492,3414590684423,1000004,36,5,5,19.48675537109375,-0.1875,-0.5,-0.5453606798517397,0.026488770000000002
493,3414690928018,1000004,36,5,5,19.48707389831543,-0.28125,-0.5,-0.5468884499028657,0.0258518
494,3414789950636,1000004,36,5,5,19.48680305480957,-0.3125,-0.5,-0.4419821523028129,0.026393987
495,3414890523575,1000004,36,5,5,19.23206329345703,-0.34375,-0.5,-0.3272064534118466,0.035872249
496,3414990153792,1000004,36,5,5,19.230117797851562,-0.3125,-0.75,-0.6529916327496816,0.026508612
497,3415090656268,1000004,36,5,5,19.231260299682617,-0.3125,-0.75,-0.6477587122960169,0.024987403000000002
498,3415189946569,1000004,36,5,5,18.980186462402344,-0.21875,-0.75,-0.6105320521968021,0.026417944000000002
499,3415290478783,1000004,36,5,5,18.981468200683594,-0.21875,-0.75,-0.5266083822530727,0.024710086000000003
500,3415389943755,1000004,36,5,5,18.986663818359375,-0.25,-0.5,0.07025670287599306,0.02667167
501,3415491056642,1000004,36,5,5,18.98172950744629,-0.25,-0.5,0.24993439290281821,0.036540049000000005
502,3415590135713,1000004,36,5,5,18.986614227294922,-0.28125,-0.5,0.24460686023634787,0.026770566000000003
503,3415682809667,1000004,36,5,5,18.989702224731445,-0.1875,-0.5,0.16760559997117036,0.020595480000000003
504,3415782845054,1000004,36,5,5,18.98957061767578,-0.21875,-0.5,0.131472840911054,0.020859881
505,3415883214314,1000004,36,5,5,18.72450065612793,-0.25,-0.75,-0.44327447002825443,0.033999719000000005
506,3415990314077,1000004,36,5,5,18.729026794433594,-0.21875,-0.75,-0.6048564610521896,0.027964097
507,3416090630426,1000004,36,5,5,18.479883193969727,-0.125,-0.75,-0.5395492312420873,0.026823634000000002
508,3416190146799,1000004,36,5,5,18.479684829711914,0.03125,-0.75,-0.42282373582603183,0.027085693
509,3416290808844,1000004,36,5,5,18.230548858642578,0.09375,-0.75,-0.30262335907898175,0.025935698
510,3416390587744,1000004,36,5,5,18.22966194152832,0.0625,-0.75,-0.1881187965369042,0.027116418000000003
511,3416490352531,1000004,36,5,5,18.225160598754883,0.25,-1.0,-0.6091633868084463,0.024839396000000003
512,3416589995194,1000004,36,5,5,17.97256851196289,0.125,-1.0,-0.6657574413701788,0.027431805
513,3416690537615,1000004,36,5,5,17.97481918334961,0.28125,-1.0,-0.5701261476732604,0.025180822000000002
514,3416790589301,1000004,36,5,5,17.973173141479492,0.125,-1.0,-0.49802920581078425,0.026827176
515,3416890178636,1000004,36,5,5,17.72406005859375,-0.09375,-1.0,-0.41658066677628214,0.025939343
516,3416980867364,1000004,36,5,5,17.73117446899414,-0.1875,-0.75,0.14203601220374995,0.025101819
517,3417090977985,1000004,36,5,5,17.731033325195312,-0.28125,-0.75,0.24044812393832005,0.02528826
518,3417180618895,1000004,36,5,5,17.480627059936523,-0.3125,-0.75,0.15367333036642905,0.025830656
519,3417282683358,1000004,36,5,5,17.484981536865234,-0.1875,-0.75,0.04045633608485688,0.020023607000000002
520,3417382724265,1000004,36,5,5,17.484506607055664,-0.25,-0.75,-0.0634171986060339,0.020658546
521,3417481270835,1000004,36,5,5,17.23212432861328,-0.40625,-0.75,-0.17381484671006503,0.023834336
522,3417580698466,1000004,36,5,5,17.228952407836914,-0.625,-0.75,-0.2788156258971032,0.028063724
523,3417690608690,1000004,36,5,5,17.221492767333984,-0.625,-0.75,-0.3355224633252387,0.038009856
524,3417790555803,1000004,36,5,5,17.230623245239258,-0.4375,-0.75,-0.34223606900851217,0.025836749000000003
525,3417890262783,1000004,36,5,5,16.970701217651367,-0.4375,-0.75,-0.30211670888880854,0.039065849
526,3417990283223,1000004,36,5,5,16.979461669921875,-0.375,-0.75,-0.2712835356376339,0.027384518
527,3418089974214,1000004,36,5,5,16.729745864868164,-0.34375,-0.75,-0.28190025910311584,0.027004450000000003
528,3418190402792,1000004,36,5,5,16.729185104370117,-0.34375,-0.75,-0.296904382124075,0.027753806000000002
529,3418290243926,1000004,36,5,5,16.722530364990234,-0.25,-0.75,-0.3432745519482255,0.036626291000000005
530,3418389811284,1000004,36,5,5,16.729494094848633,-0.25,-0.75,-0.3351843857992863,0.027340043
531,3418489978272,1000004,36,5,5,16.471885681152344,0.0,-0.75,-0.35451900539387476,0.037486573
532,3418580496026,1000004,36,5,5,16.478376388549805,0.0,-0.75,-0.3777259017296177,0.028831671000000003
533,3418690432861,1000004,36,5,5,16.47141456604004,0.0625,-0.75,-0.3885189866699399,0.038113076
534,3418790743898,1000004,36,5,5,16.236129760742188,-0.03125,-0.5,0.16871590429764538,0.027739536000000002
535,3418880625099,1000004,36,5,5,16.486722946166992,0.0625,-0.5,0.220206104338625,0.026553763
536,3418982594675,1000004,36,5,5,16.48966407775879,0.0625,-0.5,0.14209071613265947,0.020671982000000002
537,3419080797528,1000004,36,5,5,16.23661231994629,0.0,-0.5,-0.00840630014746055,0.026774472
538,3419180444357,1000004,36,5,5,16.24281120300293,-0.03125,-0.25,0.3273792424491715,0.028758970000000002
539,3419289946911,1000004,36,5,5,16.240154266357422,-0.03125,-0.25,0.3330560880800955,0.03938233
540,3419390605883,1000004,36,5,5,16.24297523498535,-0.21875,-0.25,0.11972949354861512,0.028099606000000003
541,3419490172200,1000004,36,5,5,16.23995590209961,-0.09375,-0.25,-0.04208944475419374,0.040176733
542,3419590620827,1000004,36,5,5,16.242633819580078,-0.09375,-0.25,-0.12675491813418216,0.0294651
543,3419680917353,1000004,36,5,5,16.25,-0.09375,0.0,0.31478789342100544,0.026694063
544,3419780349984,1000004,36,5,5,16.25,0.0,0.0,0.30830820336937836,0.030119465
545,3419880628055,1000004,36,5,5,16.0,0.0625,0.0,0.19692357242806213,0.029021653
546,3419980905658,1000004,36,5,5,16.0,0.0625,0.0,0.019493904063337508,0.030554371
547,3420080911932,1000004,36,5,5,16.257125854492188,0.03125,0.25,0.42490591832736047,0.028506129
548,3420190513851,1000004,36,5,5,16.25719451904297,0.0625,0.25,0.49027812748602356,0.028780166000000003
549,3420280950103,1000004,36,5,5,16.256874084472656,0.0625,0.25,0.2913274614711004,0.027495445
550,3420380652135,1000004,36,5,5,16.25715446472168,0.0625,0.25,0.19761796291074915,0.028616067000000002
551,3420482318615,1000004,36,5,5,16.25510597229004,0.09375,0.25,0.10466294800342743,0.020427215000000002
552,3420581800669,1000004,36,5,5,16.256277084350586,0.0625,0.25,0.008794824271962223,0.02511036
553,3420682493232,1000004,36,5,5,16.255090713500977,0.0625,0.25,0.06604663327137274,0.020366230000000003
554,3420780312580,1000004,36,5,5,16.26372528076172,-0.03125,0.5,0.4994638380864518,0.027451907
555,3420880922182,1000004,36,5,5,16.513778686523438,-0.09375,0.5,0.47491254661094784,0.027555595000000002
556,3420980719049,1000004,36,5,5,16.514463424682617,-0.125,0.5,0.4008697035570452,0.028927964
557,3421081062478,1000004,36,5,5,16.512765884399414,-0.125,0.5,0.3582973630544646,0.025531518000000003
558,3421180454072,1000004,36,5,5,16.513364791870117,-0.125,0.5,0.13729127603990882,0.026730986
559,3421280854944,1000004,36,5,5,16.762821197509766,0.0625,0.5,0.23738319655592327,0.025642757000000002
560,3421380219404,1000004,36,5,5,16.7632999420166,0.25,0.5,0.09314530638888632,0.026601416000000003
561,3421480901239,1000004,36,5,5,16.76248550415039,0.25,0.5,0.05230925743327985,0.024972248000000002
562,3421580755653,1000004,36,5,5,16.762554168701172,0.0,0.5,0.029623951207085084,0.025108902000000002
563,3421680872802,1000004,36,5,5,16.768905639648438,-0.125,0.75,0.48897776545677335,0.025207955
564,3421780522652,1000004,36,5,5,17.020204544067383,-0.125,0.75,0.579604807969462,0.026938258000000003
565,3421889871366,1000004,36,5,5,17.026891708374023,-0.0625,0.75,0.5394390401481195,0.035855375
566,3421990377124,1000004,36,5,5,17.019662857055664,-0.0625,0.75,0.4997283999654505,0.026217233000000003
567,3422090586087,1000004,36,5,5,17.27781867980957,-0.09375,0.75,0.4871889859253733,0.037090830000000005
568,3422183845090,1000004,36,5,5,17.265087127685547,-0.1875,0.75,0.4152633513446864,0.020115161000000003
569,3422282103823,1000004,36,5,5,17.51873207092285,-0.34375,0.75,0.3082713556158456,0.024976206
570,3422380462598,1000004,36,5,5,17.51980972290039,-0.34375,0.75,0.19792848893368725,0.026413934
571,3422480534283,1000004,36,5,5,17.519691467285156,-0.3125,0.75,0.1847307140039499,0.026254574000000003
572,3422580308913,1000004,36,5,5,17.521888732910156,0.03125,0.75,0.21234874956728564,0.029185335000000003
573,3422680561570,1000004,36,5,5,17.520790100097656,0.125,0.75,0.20771686918146784,0.027719017000000002
574,3422780483581,1000004,36,5,5,17.521198272705078,0.125,0.75,0.21744964208514986,0.028263132000000003
575,3422880209205,1000004,36,5,5,17.771011352539062,0.15625,0.75,0.2327877486642224,0.028014249
576,3422980439208,1000004,36,5,5,17.770660400390625,0.21875,0.75,0.18418642826838308,0.027546117000000002
577,3423080448555,1000004,36,5,5,18.027088165283203,0.28125,1.0,0.673818703771346,0.027088869
578,3423179913475,1000004,36,5,5,18.027637481689453,0.21875,1.0,0.7436511301648989,0.027637775000000003
579,3423280715714,1000004,36,5,5,18.027685165405273,0.21875,1.0,0.6478936748196344,0.027684854000000002
580,3423380142825,1000004,36,5,5,18.277830123901367,0.28125,1.0,0.5884150653126736,0.027830101000000003
581,3423480950846,1000004,36,5,5,18.27546501159668,0.34375,1.0,0.47403333634141354,0.025464389
582,3423581460614,1000004,36,5,5,18.526485443115234,0.4375,1.0,0.42656747406680456,0.026485437
583,3423680636030,1000004,36,5,5,18.526308059692383,0.4375,1.0,0.35881434612015783,0.026307693
584,3423782814076,1000004,36,5,5,18.524782180786133,0.34375,1.0,0.3759592787075998,0.024782214
585,3423881125356,1000004,36,5,5,18.77519416809082,-0.09375,1.0,0.3499208692120774,0.025194675000000003
586,3423981127880,1000004,36,5,5,18.776601791381836,0.03125,1.0,0.31924021468845004,0.026602666
587,3424080589415,1000004,36,5,5,19.02618408203125,0.0,1.0,0.2808894840268947,0.026184685000000003
588,3424180375398,1000004,36,5,5,19.03077507019043,0.0,1.0,0.2588417743523576,0.030774558
589,3424280557905,1000004,36,5,5,19.025989532470703,-0.03125,1.0,0.24135648904103335,0.025988662000000003
590,3424380183539,1000004,36,5,5,19.277013778686523,0.15625,1.0,0.18996211228932372,0.027013407000000003
591,3424480709451,1000004,36,5,5,19.27527618408203,0.21875,1.0,0.09558847386810455,0.025276073000000003
592,3424580388308,1000004,36,5,5,19.5272274017334,0.15625,1.0,0.047947854666445446,0.02722646
593,3424680468273,1000004,36,5,5,19.526716232299805,0.15625,1.0,-0.04949169719757434,0.026716926000000002
594,3424780405752,1000004,36,5,5,19.527936935424805,-0.03125,1.0,-0.12224252743079753,0.027937278000000003
595,3424880190798,1000004,36,5,5,19.519519805908203,-0.1875,0.75,-0.5822150514123152,0.026027095
596,3424980120308,1000004,36,5,5,19.769548416137695,-0.0625,0.75,-0.637288818700152,0.026064436000000003
597,3425080608047,1000004,36,5,5,19.768770217895508,0.125,0.75,-0.5336815266105814,0.025026827
598,3425181203900,1000004,36,5,5,20.018573760986328,0.1875,0.75,-0.45249602926706256,0.024764821000000003
