key,policy,scan,scan_ns,pids
00000243--a4d9c0a5dd--0,E,94,166904542723,1000080
00000243--a4d9c0a5dd--0,E,95,167004628952,1000080
00000243--a4d9c0a5dd--0,E,96,167105181607,1000080
00000243--a4d9c0a5dd--0,E,97,167203631204,1000080
00000243--a4d9c0a5dd--0,E,98,167302566595,1000080
00000243--a4d9c0a5dd--0,E,99,167402860916,1000080
00000243--a4d9c0a5dd--0,E,100,167502481447,1000080
00000243--a4d9c0a5dd--0,E,101,167603144214,1000080
00000243--a4d9c0a5dd--0,E,102,167703096069,1000080
00000243--a4d9c0a5dd--0,E,103,167803506617,1000080
00000243--a4d9c0a5dd--0,E,104,167902872850,1000080
00000243--a4d9c0a5dd--0,E,105,168003602654,1000080
00000243--a4d9c0a5dd--0,E,106,168103033288,1000080
00000243--a4d9c0a5dd--0,E,107,168202979862,1000080
00000243--a4d9c0a5dd--0,E,108,168303015568,1000080
00000243--a4d9c0a5dd--0,E,109,168402954697,1000080
00000243--a4d9c0a5dd--0,E,110,168503859536,1000080
00000243--a4d9c0a5dd--0,E,111,168604293729,1000080
00000243--a4d9c0a5dd--0,E,112,168705200338,1000080
00000243--a4d9c0a5dd--0,E,113,168803462011,1000080
00000243--a4d9c0a5dd--0,E,120,169502566429,1000100
00000243--a4d9c0a5dd--0,E,121,169602823762,1000094|1000100
00000243--a4d9c0a5dd--0,E,122,169703097234,1000094|1000100
00000243--a4d9c0a5dd--0,E,123,169803485433,1000094
00000243--a4d9c0a5dd--0,E,124,169902577505,1000094
00000243--a4d9c0a5dd--0,E,125,170005004637,1000094
00000243--a4d9c0a5dd--0,E,126,170104625358,1000094
00000243--a4d9c0a5dd--0,E,127,170203216843,1000094
00000243--a4d9c0a5dd--0,E,128,170302700586,1000094
00000243--a4d9c0a5dd--0,E,129,170402600990,1000094
00000243--a4d9c0a5dd--0,E,130,170503197478,1000094
00000243--a4d9c0a5dd--0,E,131,170602626763,1000094
00000243--a4d9c0a5dd--0,E,132,170703171031,1000094
00000243--a4d9c0a5dd--0,E,133,170802671913,1000094
00000243--a4d9c0a5dd--0,E,134,170903022441,1000094
00000243--a4d9c0a5dd--0,E,135,171003200692,1000094
00000243--a4d9c0a5dd--0,E,136,171102492928,1000094
00000243--a4d9c0a5dd--0,E,137,171203314109,1000094
00000243--a4d9c0a5dd--0,E,138,171293627913,1000094
00000243--a4d9c0a5dd--0,E,139,171404275065,1000094
00000243--a4d9c0a5dd--0,E,140,171502297320,1000094
00000243--a4d9c0a5dd--0,E,141,171602650920,1000094
00000243--a4d9c0a5dd--0,E,142,171693297617,1000094
00000243--a4d9c0a5dd--0,E,143,171803173496,1000094
00000243--a4d9c0a5dd--0,E,144,171893199512,1000094
00000243--a4d9c0a5dd--0,E,145,171993580611,1000094
00000243--a4d9c0a5dd--0,E,146,172102870155,1000094
00000243--a4d9c0a5dd--0,E,147,172193390515,1000094
00000243--a4d9c0a5dd--0,E,148,172293339539,1000094
00000243--a4d9c0a5dd--0,E,149,172403450854,1000094
00000243--a4d9c0a5dd--0,E,150,172493590473,1000094
00000243--a4d9c0a5dd--0,E,151,172594025250,1000094
00000243--a4d9c0a5dd--0,E,152,172693887744,1000094
00000243--a4d9c0a5dd--0,E,153,172793608453,1000094
00000243--a4d9c0a5dd--0,E,154,172902939979,1000094
00000243--a4d9c0a5dd--0,E,155,173002519332,1000094
00000243--a4d9c0a5dd--0,E,156,173103237840,1000094
00000243--a4d9c0a5dd--0,E,157,173193582273,1000094
00000243--a4d9c0a5dd--0,E,158,173293043700,1000094
00000243--a4d9c0a5dd--0,E,159,173393628353,1000094
00000243--a4d9c0a5dd--0,E,160,173493424134,1000094
00000243--a4d9c0a5dd--0,E,161,173593052218,1000094
00000243--a4d9c0a5dd--0,E,162,173692851228,1000094
00000243--a4d9c0a5dd--0,E,163,173792915834,1000094
00000243--a4d9c0a5dd--0,E,164,173894976928,1000094
00000243--a4d9c0a5dd--0,E,165,173992919084,1000094
00000243--a4d9c0a5dd--0,E,166,174093407950,1000094
00000243--a4d9c0a5dd--0,E,167,174193612858,1000094
00000243--a4d9c0a5dd--0,E,168,174292730931,1000094
00000243--a4d9c0a5dd--0,E,169,174393066781,1000094
00000243--a4d9c0a5dd--0,E,170,174492933898,1000094
00000243--a4d9c0a5dd--0,E,171,174593444683,1000094
00000243--a4d9c0a5dd--0,E,172,174692973801,1000094
00000243--a4d9c0a5dd--0,E,173,174793319332,1000094
00000243--a4d9c0a5dd--0,E,174,174893396930,1000094
00000243--a4d9c0a5dd--0,E,175,174992938371,1000094
00000243--a4d9c0a5dd--0,E,176,175092753983,1000094
00000243--a4d9c0a5dd--0,E,177,175193043638,1000094
00000243--a4d9c0a5dd--0,E,178,175293247024,1000094
00000243--a4d9c0a5dd--0,E,179,175395112193,1000094
00000243--a4d9c0a5dd--0,E,180,175493443038,1000094
00000243--a4d9c0a5dd--0,E,181,175593119951,1000094
00000243--a4d9c0a5dd--0,E,182,175692883394,1000094
00000243--a4d9c0a5dd--0,E,183,175793060317,1000094
00000243--a4d9c0a5dd--0,E,184,175893483430,1000094
00000243--a4d9c0a5dd--0,E,185,175992855833,1000094
00000243--a4d9c0a5dd--0,E,186,176092800423,1000094
00000243--a4d9c0a5dd--0,E,187,176192713097,1000094
00000243--a4d9c0a5dd--0,E,188,176293318071,1000094
00000243--a4d9c0a5dd--0,E,189,176393171809,1000094
00000243--a4d9c0a5dd--0,E,190,176492734507,1000094
00000243--a4d9c0a5dd--0,E,543,211813187350,1000427
00000243--a4d9c0a5dd--0,E,544,211912494030,1000427
00000243--a4d9c0a5dd--0,E,545,212012985346,1000427
00000243--a4d9c0a5dd--0,E,546,212112766079,1000427
00000243--a4d9c0a5dd--0,E,547,212213306942,1000427
00000243--a4d9c0a5dd--0,E,548,212312554958,1000427
00000243--a4d9c0a5dd--0,E,549,212413247535,1000427
00000243--a4d9c0a5dd--0,E,550,212512513942,1000427
00000243--a4d9c0a5dd--0,E,551,212612850315,1000427
00000243--a4d9c0a5dd--0,E,552,212712653815,1000427
00000243--a4d9c0a5dd--0,E,553,212813384394,1000427
00000243--a4d9c0a5dd--0,E,554,212913116073,1000427
00000243--a4d9c0a5dd--0,E,555,213013360456,1000427
00000243--a4d9c0a5dd--0,E,556,213113626980,1000427
00000243--a4d9c0a5dd--0,E,557,213215821573,1000427|1000450
00000243--a4d9c0a5dd--0,E,558,213312955872,1000450
00000243--a4d9c0a5dd--0,E,559,213413503521,1000450
00000243--a4d9c0a5dd--0,E,560,213513263229,1000450
00000243--a4d9c0a5dd--0,E,561,213612564000,1000450
00000243--a4d9c0a5dd--0,E,562,213712909298,1000450
00000243--a4d9c0a5dd--0,E,565,214013642257,1000459
00000243--a4d9c0a5dd--0,E,566,214113455487,1000459
00000243--a4d9c0a5dd--0,E,567,214212684594,1000459
00000243--a4d9c0a5dd--0,E,568,214312528249,1000459
00000243--a4d9c0a5dd--0,E,569,214413225268,1000459
00000243--a4d9c0a5dd--0,E,570,214513112789,1000459
00000243--a4d9c0a5dd--0,E,571,214614116717,1000459
00000243--a4d9c0a5dd--0,E,572,214714431702,1000459
00000243--a4d9c0a5dd--0,E,573,214812885780,1000459
00000243--a4d9c0a5dd--0,E,574,214913373989,1000459
00000243--a4d9c0a5dd--0,E,575,215013594782,1000459
00000243--a4d9c0a5dd--0,E,576,215112533202,1000459
00000243--a4d9c0a5dd--0,E,577,215212992965,1000459
00000243--a4d9c0a5dd--0,E,578,215312895653,1000459
00000243--a4d9c0a5dd--0,E,579,215412771042,1000459
00000243--a4d9c0a5dd--0,E,580,215513466598,1000459
00000243--a4d9c0a5dd--0,E,581,215613181787,1000459
00000243--a4d9c0a5dd--0,E,582,215713317766,1000459
00000243--a4d9c0a5dd--0,E,583,215812825148,1000459
00000243--a4d9c0a5dd--0,E,584,215912764560,1000459
00000243--a4d9c0a5dd--0,E,585,216013159087,1000459
00000243--a4d9c0a5dd--0,E,586,216112734813,1000459
00000243--a4d9c0a5dd--0,E,587,216215149541,1000459
00000243--a4d9c0a5dd--0,E,588,216314951991,1000459
00000243--a4d9c0a5dd--0,E,589,216414947719,1000459
00000243--a4d9c0a5dd--0,E,590,216512963100,1000459
00000243--a4d9c0a5dd--0,E,591,216623311772,1000459
00000243--a4d9c0a5dd--0,E,592,216713054634,1000459
00000243--a4d9c0a5dd--0,E,593,216812919690,1000459
00000243--a4d9c0a5dd--0,E,594,216922966267,1000459
00000243--a4d9c0a5dd--0,E,595,217013079435,1000459
00000243--a4d9c0a5dd--0,E,596,217123125855,1000459
00000243--a4d9c0a5dd--0,E,597,217213487574,1000459
00000245--2c15eb5d45--12,E,297,805619422957,1000169
00000245--2c15eb5d45--12,E,298,805719134617,1000169
00000245--2c15eb5d45--12,E,375,813419437417,1000257
00000245--2c15eb5d45--12,E,376,813519111527,1000257
00000245--2c15eb5d45--12,E,377,813618999575,1000257
00000245--2c15eb5d45--12,E,378,813719658806,1000257
00000245--2c15eb5d45--12,E,379,813819276982,1000257
00000245--2c15eb5d45--12,E,380,813918861933,1000257
00000245--2c15eb5d45--12,E,381,814018853774,1000257
00000245--2c15eb5d45--12,E,382,814119328855,1000257
00000245--2c15eb5d45--12,E,383,814218523422,1000257
00000245--2c15eb5d45--19,E,185,1214399196510,1000295
00000245--2c15eb5d45--19,E,186,1214499264430,1000295
00000245--2c15eb5d45--19,E,187,1214599265838,1000295
00000245--2c15eb5d45--19,E,188,1214699125368,1000295
00000245--2c15eb5d45--19,E,189,1214799129432,1000295|1000326
00000245--2c15eb5d45--19,E,190,1214898660100,1000295|1000326
00000245--2c15eb5d45--19,E,191,1214998725989,1000295|1000326
00000245--2c15eb5d45--19,E,192,1215099403297,1000295|1000326
00000245--2c15eb5d45--19,E,193,1215199714712,1000295|1000326
00000245--2c15eb5d45--19,E,194,1215298690784,1000295|1000326
00000245--2c15eb5d45--19,E,195,1215399169930,1000295|1000326
00000245--2c15eb5d45--19,E,196,1215498748640,1000295|1000326
00000245--2c15eb5d45--19,E,197,1215599143565,1000295|1000326
00000245--2c15eb5d45--19,E,198,1215699112284,1000295|1000326
00000245--2c15eb5d45--19,E,199,1215798930061,1000295|1000326
00000245--2c15eb5d45--19,E,200,1215898760547,1000295|1000326
00000245--2c15eb5d45--19,E,201,1215999501678,1000295|1000326
00000245--2c15eb5d45--19,E,202,1216100770945,1000295|1000326
00000245--2c15eb5d45--19,E,203,1216201074149,1000295|1000326
00000245--2c15eb5d45--19,E,204,1216299251266,1000295|1000326
00000245--2c15eb5d45--19,E,205,1216399331361,1000295|1000326
00000245--2c15eb5d45--19,E,206,1216499097335,1000326
00000245--2c15eb5d45--19,E,207,1216599061803,1000326
00000245--2c15eb5d45--19,E,208,1216698877414,1000326
00000245--2c15eb5d45--19,E,209,1216798860059,1000326
00000245--2c15eb5d45--19,E,210,1216898817235,1000326
00000245--2c15eb5d45--19,E,211,1216998909883,1000326
00000245--2c15eb5d45--19,E,212,1217098650752,1000326
00000245--2c15eb5d45--19,E,213,1217199010593,1000326
00000245--2c15eb5d45--19,E,214,1217299327360,1000326
00000245--2c15eb5d45--19,E,215,1217399017833,1000326
00000245--2c15eb5d45--19,E,216,1217499405664,1000326
00000245--2c15eb5d45--19,E,217,1217599072856,1000326
00000245--2c15eb5d45--19,E,218,1217700791652,1000326
00000245--2c15eb5d45--19,E,219,1217800815257,1000326
00000245--2c15eb5d45--19,E,220,1217901444916,1000326
00000245--2c15eb5d45--19,E,221,1217999383845,1000326
00000245--2c15eb5d45--19,E,222,1218099134164,1000326
00000245--2c15eb5d45--19,E,223,1218198833752,1000326
00000245--2c15eb5d45--19,E,224,1218299287575,1000326
00000245--2c15eb5d45--19,E,225,1218398784942,1000326
00000245--2c15eb5d45--19,E,365,1232398949970,1000439
00000245--2c15eb5d45--19,E,366,1232499089309,1000439
00000245--2c15eb5d45--19,E,367,1232599150521,1000439
00000245--2c15eb5d45--19,E,368,1232698579697,1000439
00000245--2c15eb5d45--19,E,369,1232799521074,1000439
00000245--2c15eb5d45--19,E,370,1232899101813,1000439
00000245--2c15eb5d45--19,E,371,1232999082817,1000439
00000245--2c15eb5d45--19,E,372,1233099055800,1000439
00000245--2c15eb5d45--19,E,373,1233199592537,1000439
00000245--2c15eb5d45--19,E,374,1233299283538,1000439
00000245--2c15eb5d45--19,E,375,1233399670154,1000439
00000245--2c15eb5d45--19,E,376,1233498847233,1000439
00000245--2c15eb5d45--19,E,377,1233598736818,1000439
00000245--2c15eb5d45--19,E,378,1233699354585,1000439
00000245--2c15eb5d45--19,E,379,1233800588504,1000439
00000245--2c15eb5d45--19,E,380,1233900642257,1000439
00000245--2c15eb5d45--19,E,381,1233998759327,1000439
00000245--2c15eb5d45--19,E,382,1234099128603,1000439
00000245--2c15eb5d45--19,E,383,1234198774644,1000439
00000245--2c15eb5d45--19,E,384,1234298703604,1000439
00000245--2c15eb5d45--19,E,385,1234399615994,1000439
00000245--2c15eb5d45--19,E,386,1234498968168,1000439
00000245--2c15eb5d45--19,E,387,1234599701081,1000439
00000245--2c15eb5d45--19,E,388,1234698621481,1000439
00000245--2c15eb5d45--19,E,389,1234798936266,1000439
00000245--2c15eb5d45--19,E,390,1234899176572,1000439
00000245--2c15eb5d45--19,E,391,1234999370523,1000439
00000245--2c15eb5d45--19,E,392,1235098603060,1000439
00000245--2c15eb5d45--19,E,393,1235198978732,1000439
00000245--2c15eb5d45--19,E,394,1235298710336,1000439
00000245--2c15eb5d45--19,E,395,1235399534485,1000439
00000245--2c15eb5d45--19,E,396,1235499482591,1000439
00000245--2c15eb5d45--19,E,397,1235599626272,1000439
00000245--2c15eb5d45--19,E,398,1235698919321,1000439
00000245--2c15eb5d45--19,E,399,1235799337222,1000439
00000245--2c15eb5d45--19,E,400,1235898838971,1000439
00000245--2c15eb5d45--19,E,401,1235998893328,1000439
00000245--2c15eb5d45--19,E,402,1236099290135,1000439
00000245--2c15eb5d45--19,E,403,1236199303398,1000439
00000245--2c15eb5d45--19,E,404,1236299564475,1000439
00000245--2c15eb5d45--19,E,508,1246699869989,1000643
00000245--2c15eb5d45--19,E,509,1246800060652,1000643
00000245--2c15eb5d45--19,E,510,1246900106731,1000643
00000245--2c15eb5d45--19,E,511,1246998978954,1000643
00000245--2c15eb5d45--19,E,512,1247099190294,1000643
00000245--2c15eb5d45--19,E,513,1247199126998,1000643
00000245--2c15eb5d45--19,E,514,1247299323025,1000643
00000245--2c15eb5d45--19,E,515,1247399581918,1000643
00000245--2c15eb5d45--19,E,516,1247499042164,1000643
00000245--2c15eb5d45--19,E,517,1247599155328,1000643
00000245--2c15eb5d45--19,E,518,1247698767293,1000643
00000245--2c15eb5d45--19,E,519,1247799416133,1000643
00000245--2c15eb5d45--19,E,520,1247899510026,1000643
00000245--2c15eb5d45--19,E,521,1247999210012,1000643
